ID,cue,word 0,word 1,word 2,word 3,word 4,word 5,word 6,word 7,word 8,word 9,word 10,word 11,word 12,word 13,word 14,word 15,word 16,word 17,word 18,word 19,word 20,word 21,word 22,word 23,word 24,word 25,word 26,word 27,word 28,word 29,word 30,word 31,word 32,word 33,word 34,word 35,word 36,word 37,word 38,word 39,word 40,word 41,word 42,word 43,word 44,word 45,word 46,word 47,word 48,word 49,word 50,word 51,word 52,word 53,word 54,word 55,word 56,word 57,word 58,word 59,word 60,word 61,word 62,word 63,word 64,word 65,word 66,word 67,word 68,word 69,word 70,word 71,word 72,word 73,word 74,word 75,word 76,word 77,word 78,word 79,word 80,word 81,word 82,word 83,word 84,word 85,word 86,word 87,word 88,word 89,word 90,word 91,word 92,word 93,word 94,word 95,word 96,word 97,word 98,word 99,word 100,word 101,word 102,word 103,word 104,word 105,word 106,word 107,word 108,word 109,word 110,word 111,word 112,word 113,word 114,word 115,word 116,word 117,word 118,word 119,word 120
1037,,death,love,afterlife,life,heaven,clouds,sky,blue,music,life,hell,pain,red,black,grey,tears,scream,silence,sorrow,anger,mourn,failure,unlucky,curse,sigh,breath,breathless,without,unliving,zombie,vampire,undead,dread,tom,,,,,,,,,,,,,,,,,,,,,,,,,,,,,,,,,,,,,,,,,,,,,,,,,,,,,,,,,,,,,,,,,,,,,,,,,,,,,,,,,,,,,,,
1038,,loss,funeral,death,murder,detective,apple,eat,cry,heartbreak,lover,sex,mate,soul,grave,yard,morgue,coffin,sorrow,depression,anxiety,therapy,neighbour,tragedy,poor,sad,angry,bad,timing,look,seek,sought,port,work,microphone,link,meet,greet,cold,winter,summer,florida,deep,shallow,vent,window,door,knock,doorbell,ring,mat,leather,cloth,fabric,hold,hands,kiss,hug,massage,tissue,handkerchief,pattern,wood,rocking,dinner,lunch,breakfast,workout,weights,run,broken,art,sculpture,television,c,,,,,,,,,,,,,,,,,,,,,,,,,,,,,,,,,,,,,,,,,,,,,,,
1039,,hope,light,darkness,tunnel,travel,far,away,land,holder,container,receptacle,water,cup,coffee,cream,drink,sugar,sweet,taste,tasty,morsel,bit,chomped,horse,friend,foe,adversary,enemy,acquaintance,quaint,droll,old,lady,frills,doily,Victorian,house,pale,faded,dusty,rose,flower,stem,leaf,bug,aphid,green,verdant,lush,soap,bath,tub,butter,margarine,spread,greasy,eat,food,,,,,,,,,,,,,,,,,,,,,,,,,,,,,,,,,,,,,,,,,,,,,,,,,,,,,,,,,,,,,,,
1041,,sad,devesated,death,crazy,life,somber,love,companion,compassion,friend,partner,caring,kind,world,planet,solar,stars,system,space,mars,alien,nevada,dry,heat,desert,dessert,cream,cake,tea,london,time,clock,tower,travel,walk,tube,people,crowded,museum,paintings,history,quiet,moving,alone,lonely,happy,life,interest,hobby,sports,crowds,style,alert,alternative,black,dark,darkness,gothic,goth,me,nail,new,shop,discove,,,,,,,,,,,,,,,,,,,,,,,,,,,,,,,,,,,,,,,,,,,,,,,,,,,,,,,,,
1042,,sad,begin,internet,friend,love,travel,south,california,carolina,romance,is,dead,phone,call,true,time,work,job,economics,finance,teacher,college,job,work,money,happy,friend,heartbreak,broken,died,dead,morgue,body,life,funeral,sad,happy,tears,cry,lonely,connect,true,false,there,was,earlt,early,late,flight,plane,attack,disease,phonecall,message,voice,regret,isolate,heard,burn,jump,car,train,plane,ice,polar,cheat,cheer,hand,arm,leg,nose,mouth,get,back,house,cant,,,,,,,,,,,,,,,,,,,,,,,,,,,,,,,,,,,,,,,,,,,,,
1043,,trajedy,sacrifice,horror,blood,tears,love,husband,boyfriend,missing,grief,love,mourning,resilience,recovery,smiling,tearful,joy,habitual,long,far,missing,alone,strange,attatchment,uneasy,unwelcome,strange,unusual,stunning,angelic,amor,life,boyfriend,love,music,writing,poetry,letters,postcards,mail,remember,heart,sick,tear,paper,trees,cut,gone,lampshade,cover,bright,shining,starshine,starlight,names,cute,sweet,adorable,blushing,messaging,calling,missing,imagine,wonder,heartbreak,life,guinea,marriage,house,garden,tomatoes,fairies,houses,miniature,together,tomatoes,house,,,,,,,,,,,,,,,,,,,,,,,,,,,,,,,,,,,,,,,,,,,,
1044,,funeral,grave,flowers,eulogy,sad,bible,church,crying,depressed,eating,weight,exercise,walk,run,soccer,ball,cleats,ground,hole,bones,dogs,dig,beach,sand,water,ocean,waves,surfing,sharks,attack,blood,survive,danger,fight,bravery,persistance,hope,loss,death,angels,heaven,afterlif,reincarnation,butterfly,caterpillar,worm,crawl,baby,pacifier,binkie,mouth,thumb,bucket,jill,jack,hill,fall,humpty,egg,scrambled,fried,bacon,pig,pork,snout,sniff,smell,,,,,,,,,,,,,,,,,,,,,,,,,,,,,,,,,,,,,,,,,,,,,,,,,,,,,,
1045,,companionship,friend,lover,partner,romance,affection,connection,experiences,memories,mind,thoughts,remembrance,past,present,future,time,seasons,change,cyclical,predictable,cycle,pattern,textures,art,drawing,painting,creativity,muse,inspiration,creations,make,hands,body,physical,exterior,outside,nature,wea,,,,,,,,,,,,,,,,,,,,,,,,,,,,,,,,,,,,,,,,,,,,,,,,,,,,,,,,,,,,,,,,,,,,,,,,,,,,,,,,,,,
1046,,death,sad,anger,disgust,tragic,wasted,time,yearn,longing,log,wood,tree,leaf,sky,bird,fly,bug,trap,stick,branch,dog,fetch,play,movie,theater,ticket,popcorn,drink,ice,water,splash,wave,hello,speak,talk,walkietalkie,distance,travel,death,,,,,,,,,,,,,,,,,,,,,,,,,,,,,,,,,,,,,,,,,,,,,,,,,,,,,,,,,,,,,,,,,,,,,,,,,,,,,,,,,,
1047,,tragic,unfortunate,surprising,unexpected,drought,sunshine,rain,enigmatic,book,light,ray,sweat,pour,pitcher,refreshing,desert,barren,dolphin,stick,shovel,dirt,soil,leaves,grass,tall,build,body,tired,waist,belt,pants,dubloons,gold,treasure,cave,pirate,patch,parrot,ocean,boat,sword,historical,devil,safe,return,ugly,engine,parts,s,,,,,,,,,,,,,,,,,,,,,,,,,,,,,,,,,,,,,,,,,,,,,,,,,,,,,,,,,,,,,,,,,,,,,,,,
1049,,life,death,lot,sad,frown,knock,call,internet,travel,plane,wind,cloud,hill,desert,mountain,airport,morgue,surgery,dead,lame,loss,frustrated,meet,up,replacement,road,ahead,easy,thrilled,beyond,hope,track,body,shape,finish,long,short,wait,stretch,pain,now,later,soda,cherry,trying,better,work,hard,step,swing,push,rest,exercise,h,,,,,,,,,,,,,,,,,,,,,,,,,,,,,,,,,,,,,,,,,,,,,,,,,,,,,,,,,,,,,,,,,,,
1050,,sad,sorrow,tears,heartbreak,end,unfaithful,misery,mysterious,shame,petty,pity,power,ego,pompous,prominent,promotion,praise,cry,crow,cross,loss,song,sink,seat,stay,wake,wore,worry,wet,turf,took,thing,think,thought,tall,long,gone,roam,foam,fake,fall,love,dove,cove,whole,loner,mad,merry,link,pink,,,,,,,,,,,,,,,,,,,,,,,,,,,,,,,,,,,,,,,,,,,,,,,,,,,,,,,,,,,,,,,,,,,,,,,
1051,,devastated,library,revenge,god,heaven,life,masterpiece,creativity,shock,lacking,love,passion,bible,book,loser,unanimous,envision,intellectual,playdough,candy,tonight,red,master,calling,truck,car,cat,school,reading,bell,schedule,henry,garden,grove,ocean,sand,sky,clouds,keys,pizza,bathroom,shower,dream,call,phone,text,email,,,,,,,,,,,,,,,,,,,,,,,,,,,,,,,,,,,,,,,,,,,,,,,,,,,,,,,,,,,,,,,,,,,,,,,,,,
1052,,sad,lonely,death,eternal,grave,halloween,coffin,ghost,spirit,eternity,heaven,hell,saint,humanity,death,morgue,beach,surf,shell,driftwood,reeds,heron,crane,eagle,robin,geese,duck,farm,horse,kitten,sunflower,portrait,woods,fog,mist,morning,coffee,tea,toast,windchimes,rainchain,peppers,azalea,evergreen,,,,,,,,,,,,,,,,,,,,,,,,,,,,,,,,,,,,,,,,,,,,,,,,,,,,,,,,,,,,,,,,,,,,,,,,,,,,,
1053,,ouch,jogging,dog,deer,hard,vase,vacation,drawr,what,dig,hide,lamp,light,cigar,plug,radio,rock,road,poor,leaf,delete,back,zero,refresh,under,gate,poker,hide,over,inside,spider,screw,soccer,nine,old,year,sorrow,cling,boat,inside,q,,,,,,,,,,,,,,,,,,,,,,,,,,,,,,,,,,,,,,,,,,,,,,,,,,,,,,,,,,,,,,,,,,,,,,,,,,,,,,,,
1057,,Chocolate ,CHIP,DIP,STICK,FIGURE,EIGHT,BALL,HOUSE,ROOM,MATE,FRIEND,SHIP,WRECK,BALL,COURT,HOUSE,RENT,DUE,DATE,PAST,LOVE,SHACK,SHAKE,UP,DOWN,LOAD,DOCK,HOUSE,KEY,CHAIN,SAW,MILL,LOCK,KEY,RING,FINGER,SPLINT,TAMER,LION,ROAR,LOUD,SU,,,,,,,,,,,,,,,,,,,,,,,,,,,,,,,,,,,,,,,,,,,,,,,,,,,,,,,,,,,,,,,,,,,,,,,,,,,,,,,
1059,,sad,grief,stregth,recover,friends,support,church,family,pray,purpose,mission,shape,prepare,learn,desire,obey,complete,joy,help,serve,purpose,knowledge,hope,light,bulb,lamp,table,livingroom,tv,movie,popcorn,relax,fri,,,,,,,,,,,,,,,,,,,,,,,,,,,,,,,,,,,,,,,,,,,,,,,,,,,,,,,,,,,,,,,,,,,,,,,,,,,,,,,,,,,,,,,,
1060,,fun,marriage,cart,show,clock,painting,brush,fan,water,soda,glass,plate,fork,know,knife,missed,call,number,tow,wait,scissors,pencil,penis,ruler,brush,fowl,chicken,turkey,meat,hamburger,taco,cheese,lettuce,sauce,tomato,onion,gato,keys,cup,booze,music,radio,book,story,time,vanilla,violet,red,blue,republican,trump,,,,,,,,,,,,,,,,,,,,,,,,,,,,,,,,,,,,,,,,,,,,,,,,,,,,,,,,,,,,,,,,,,,,,,
1063,,horrible,sad,time,loss,grief,coffin,cold,bury,morgue,dirt,flowers,tears,stress,lonely,fearful,dread,wreath,music,glass,heart,health,doctor,phones,truth,miserable,blue,broken,alone,plane,scared,afraid,betrayed,home,safety,run,plane,anger,hurt,yell,sleep,sick,vacation,read,therapy,counseling,dating,never,over,tried,love,negative,pain,face,hot,shower,eat,selfcare,tomorrow,again,sunshine,believe,positive,friends,support,mentalhealth,talk,share,express,write,journal,feel,cope,walk,exercise,,,,,,,,,,,,,,,,,,,,,,,,,,,,,,,,,,,,,,,,,,,,,,,
1065,,sad,face,foundation,cement,gray,notice,rent,money,ball,throw,up,dog,cat,food,truck,engine,light,house,fire,red,hen,coop,chicken,drumstick,guitar,hero,superman,wonderwoman,DC,washinton,george,curious,thought,mind,games,sports,fan,air,freshner,downy,detergent,bottle,alcohol,binge,watch,maker,cake,pop,soda,,,,,,,,,,,,,,,,,,,,,,,,,,,,,,,,,,,,,,,,,,,,,,,,,,,,,,,,,,,,,,,,,,,,,,,,
1067,,loss,death,corpse,body,person,love,spouse,dating,online,internet,computer,technology,digital,phone,photo,picture,frame,painting,artwork,drawing,pencil,eraser,mistake,error,judgement,courtroom,lawyer,police,arrest,jail,criminal,robbery,money,bank,deposit,cash,coins,vendingmachine,snacks,chips,,,,,,,,,,,,,,,,,,,,,,,,,,,,,,,,,,,,,,,,,,,,,,,,,,,,,,,,,,,,,,,,,,,,,,,,,,,,,,,,,
1068,,SAD,WOW,death,starcrossed,lovers,romeo,juliet,dying,poison,fate,string,thread,golden,retriever,dog,cat,fish,lizard,komododragon,crickets,pinocchio,honesty,deceitfulness,catfishing,pond,lake,ocean,swimming,beach,vacation,sandcasttle,starfish,seahorse,marine,life,death,dying,illness,wasting,away,go,come,back,front,top,bottom,feeder,fish,food,burgers,salmon,fries,potatoes,salad,pasta,salad,cae,,,,,,,,,,,,,,,,,,,,,,,,,,,,,,,,,,,,,,,,,,,,,,,,,,,,,,,,,,,,,,,,
1069,,wow,story,interested,crazy,turn,of,events,shock,crazy,interesting,plane,turbulance,tiktok,flight,passengers,houses,dead,people,wonder,questions,thoughts,dating,tinder,luck,bad,fiction,read,relax,everyday,people,die,everyday,love,life,nothing,lasts,forever,circle,of,life,animals,butterfly,,,,,,,,,,,,,,,,,,,,,,,,,,,,,,,,,,,,,,,,,,,,,,,,,,,,,,,,,,,,,,,,,,,,,,,,,,,,,,,
1070,,despair,depression,heartbreaking,heartache,love,lost,internet,stranger,distance,luck,ironic,airport,trip,vacation,rainy,krill,graft,napal,italy,freal,pole,north,volleyball,sport,school,pick,hair,braid,grip,muck,hairy,horse,strut,ginger,soup,health,crepe,portugal,abroad,social,democracy,inept,desperate,try,alcoholic,red,winery,vineyard,druggist,pharma,louisville,amber,asker,person,humanoid,trist,quest,paw,gorilla,warfare,guevara,,,,,,,,,,,,,,,,,,,,,,,,,,,,,,,,,,,,,,,,,,,,,,,,,,,,,,,,,,,,
1072,,sad,depressed,alone,fate,journey,destiny,preservere,struggle,achieve,goals,intentions,mindset,align,determined,accomplish,fight,money,lifestyle,buying,materials,goods,provider,career,time,,,,,,,,,,,,,,,,,,,,,,,,,,,,,,,,,,,,,,,,,,,,,,,,,,,,,,,,,,,,,,,,,,,,,,,,,,,,,,,,,,,,,,,,,,,,,,,,,
1073,,sad,despair,story,gory,book,cook,hook,look,mook,shook,cook,sock,cock,lock,mock,tock,rock,stock,stocks,money,dollars,cents,currency,current,ocean,water,salt,pepper,dinner,lunch,breakfast,meal,time,day,night,light,fright,plight,might,right,tight,light,dark,tight,sight,vision,television,senses,census,touch,smell,,,,,,,,,,,,,,,,,,,,,,,,,,,,,,,,,,,,,,,,,,,,,,,,,,,,,,,,,,,,,,,,,,,,,,
1074,,catfished,mayve,sad,heartbreak,sketchy,why,scary,sus,coincidence,real,fake,how,why,dark,turn,strange,death,okay,no,fix,sad,manipulative,ghost,spirit,funeral,graveyard,casket,tombstone,cobweb,halloween,bat,fly,witch,broomstick,magic,quidditch,snitch,tattle,,,,,,,,,,,,,,,,,,,,,,,,,,,,,,,,,,,,,,,,,,,,,,,,,,,,,,,,,,,,,,,,,,,,,,,,,,,,,,,,,,,
1075,,sad,heart,cry,mourn,funeral,sadness,mortuary,grave,grass,night,body,mourners,obituary,grief,awake,sad,dull,clouds,rain,moist,gray,puddles,alone,wind,cold,ice,dark,quiet,drink,cool,ever,next,over,being,debt,yes,away,awful,overt,telling,crazy,cringe,tremble,fear,loathing,lame,left,that,,,,,,,,,,,,,,,,,,,,,,,,,,,,,,,,,,,,,,,,,,,,,,,,,,,,,,,,,,,,,,,,,,,,,,,,,
1076,,sad,tragic,upsetting,heartbreaking,loneliness,tragedy,unhappy,unfair,cruel,disappointing,awful,tearful,sobbing,why,whyyy,no,unjust,illfated,dude,why,parted,away,alone,lonely,sad,sadder,upsetting,upset,mean,alone,loss,,,,,,,,,,,,,,,,,,,,,,,,,,,,,,,,,,,,,,,,,,,,,,,,,,,,,,,,,,,,,,,,,,,,,,,,,,,,,,,,,,,,,,,,,,
1077,,dead,sad,fly,plane,account,job,life,include,box,line,art,,,,,,,,,,,,,,,,,,,,,,,,,,,,,,,,,,,,,,,,,,,,,,,,,,,,,,,,,,,,,,,,,,,,,,,,,,,,,,,,,,,,,,,,,,,,,,,,,,,,,,,,,,,,,,
1078,,tragic,death,love,lost,empty,hope,begin,strong,cycle,bicycle,wheel,road,electric,hills,rain,wet,work,shower,fun,grit,phase,next,life,continues,challenging,united,world,universal,laugh,sadness,tears,happy,family,children,baby,smile,,,,,,,,,,,,,,,,,,,,,,,,,,,,,,,,,,,,,,,,,,,,,,,,,,,,,,,,,,,,,,,,,,,,,,,,,,,,,,,,,,,,,
1079,,death,dying,heaven,hell,devil,god,angels,doctors,nurses,dressing,clothing,skirt,shirt,pants,shoes,heel,pink,lace,special,needs,helpful,full,dull,pill,rejection,happiness,sad,joy,iris,lily,arthur,ven,dad,hi,hello,goodbye,see,dee,ill,sleep,wake,woke,dream,candy,cane,walking,falling,slipping,broke,rich,poor,expensive,cheap,ape,meat,gross,roses,lily,teeth,eww,meow,cat,dog,snake,rabbit,lizard,bird,moth,butterfly,fly,daddy,,,,,,,,,,,,,,,,,,,,,,,,,,,,,,,,,,,,,,,,,,,,,,,,,,
1080,,morbid,sad,lonely,heartbreaking,aweful,depressed,comfort,solace,home,time,healing,reassurance,solace,,,,,,,,,,,,,,,,,,,,,,,,,,,,,,,,,,,,,,,,,,,,,,,,,,,,,,,,,,,,,,,,,,,,,,,,,,,,,,,,,,,,,,,,,,,,,,,,,,,,,,,,,,,,
1081,,wow,burnt,fred,dies,quazi,moto,beast,jellyfish,nice,shoes,fun,drive,killer,tank,review,sound,grass,sky,internet,washington,papaya,lemon,nickname,weird,spin,magazine,hitler,yahoo,reddit,trash,long,reverse,center,oxygen,perks,ding,dong,,,,,,,,,,,,,,,,,,,,,,,,,,,,,,,,,,,,,,,,,,,,,,,,,,,,,,,,,,,,,,,,,,,,,,,,,,,,,,,,,,,,
1082,,love,dare,bulb,time,picture,soap,food,lotion,sheets,gas,hat,scarf,chair,chaos,nails,chalk,board,teacher,tea,coffee,brown,hands,toes,medicine,dentist,lawyer,assistant,scissors,wax,candle,hot,stove,oven,barbecue,friend,fried,stare,stars,moon,outside,sun,grass,leaves,tree,store,buy,craddle,rock,baby,new,coat,pillow,sleep,insomnia,,,,,,,,,,,,,,,,,,,,,,,,,,,,,,,,,,,,,,,,,,,,,,,,,,,,,,,,,,,,,,,,,,,
1083,,sad,cry,tears,wail,uncomfortable,fidget,move,travel,suitcase,bag,handle,hold,hand,fingers,nails,hammer,tool,worker,pay,money,buy,store,items,things,stuff,fluff,marshmallow,candy,sweets,sugar,sweet,gross,nasty,rotten,trash,garbage,black,can,aluminum,metal,element,science,school,classroom,desk,teacher,school,students,uniform,shorts,,,,,,,,,,,,,,,,,,,,,,,,,,,,,,,,,,,,,,,,,,,,,,,,,,,,,,,,,,,,,,,,,,,,,,,
1084,,sad,horrible,mad,bad,unfair,house,south,sun,hot,heavy,wrong,palmtree,beach,state,water,ocean,tree,sand,ball,sun,ouside,dirty,wet,waves,boat,vacation,cruise,parents,girlfriend,beach,snorkeling,atv,jungle,mexico,fun,hot,nature,new,plant,green,pain,injury,fear,adventure,never,tired,fatigue,headache,hungry,,,,,,,,,,,,,,,,,,,,,,,,,,,,,,,,,,,,,,,,,,,,,,,,,,,,,,,,,,,,,,,,,,,,,,,,
1085,,sad,tragic,love,gay,homosexual,fate,serendipity,chance,death,funeral,morgue,love,desire,friendship,close,open,feelings,trust,chance,crazy,coincidence,odds,horrible,awful,bad,terrible,sad,alone,solitude,lonely,marriage,family,shame,embarrassment,friends,help,letters,correspondence,more,time,god,religion,control,simulation,design,control,puppet,find,friend,love,attraction,hair,face,body,compatible,clothes,give,caught,done,over,time,wasted,nothing,futile,feelings,alone,forever,years,months,days,darkness,drapes,light,sun,vitamins,live,longevity,eyes,clear,cloudy,conspiracy,tricked,,,,,,,,,,,,,,,,,,,,,,,,,,,,,,,,,,,,,,,
1086,,true,love,never,ends,cute,adorable,spooky,happy,tender,adorable,harmless,night,day,cat,dog,birds,doll,smile,clowns,spirit,skeleton,boogeyman,cartoon,monster,mummy,vampire,joy,jump,ears,eyes,hope,faith,skies,stars,stairs,coffee,tea,drinks,candy,corn,berries,popcorn,broom,living,knife,pumpkin,player,hames,games,raven,bats,toys,rings,necklace,money,apple,,,,,,,,,,,,,,,,,,,,,,,,,,,,,,,,,,,,,,,,,,,,,,,,,,,,,,,,,,,,,,,,,
1088,,indeed,repeat,motivate,focus,locust,toad,load,fork,crane,sane,bane,beam,team,stream,leap,peel,feel,heel,learn,burn,turn,fur,hare,rabbit,scroll,roll,shirt,flirt,dirt,fret,rant,ant,loan,coal,goal,happy,smile,lau,,,,,,,,,,,,,,,,,,,,,,,,,,,,,,,,,,,,,,,,,,,,,,,,,,,,,,,,,,,,,,,,,,,,,,,,,,,,,,,,,,,
1089,,heartbreak,sadness,depression,sleep,night,calm,breeze,summer,heat,sun,gas,car,driving,road,travel,sightseeing,tourist,lost,adventure,explore,nature,foraging,herbs,medicine,doctor,co-pay,money,debt,bills,money,job,drive,,,,,,,,,,,,,,,,,,,,,,,,,,,,,,,,,,,,,,,,,,,,,,,,,,,,,,,,,,,,,,,,,,,,,,,,,,,,,,,,,,,,,,,,,
1090,,despair,lost,survive,wanting,hope,loss,love,friendship,caring,compassion,victim,age,wisdom,unlucky,dreamer,sad,endearing,fun,lapse,memory,judgement,risk,life,love,happiness,content,searching,goals,work,determination,complacent,wish,dream,yearn,want,regret,cloud,sleep,wake,wonder,wish,lottery,work,goals,needs,compassion,warmth,why,eternal,youth,fast,time,regret,fear,isolation,,,,,,,,,,,,,,,,,,,,,,,,,,,,,,,,,,,,,,,,,,,,,,,,,,,,,,,,,,,,,,,,,,
1092,,life,ends,dispai,dispair,unknown,rat,race,unstoppable,reflection,resonate,fear,ever,helpless,forever,ignorant,fearfull,afraid,over,continued,salvaged,savage,relentless,forensics,humans,internet,lies,reality,foundation,release,hectic,life,death,whirlwind,wild,safari,rinse,repeat,rest,work,forever,include,recluse,,,,,,,,,,,,,,,,,,,,,,,,,,,,,,,,,,,,,,,,,,,,,,,,,,,,,,,,,,,,,,,,,,,,,,,,,,,,,,,
1093,,christ,what,tragedy,sad,sneeze,car,wrench,chemistry,linked,algortihm,physics,drug,launch,orbit,steel,heat,cray,computer,memory,repeat,football,browns,sunday,belt,stomach,34,sos,titanic,movie,lurch,pugsly,hurricane,thumb,lake,run,hike,zebra,horse,hammer,shoe,wheat,oscar,hollyw,,,,,,,,,,,,,,,,,,,,,,,,,,,,,,,,,,,,,,,,,,,,,,,,,,,,,,,,,,,,,,,,,,,,,,,,,,,,,,
1149,,sorrow,pain,unimaginable,regret,moving,foward,change,different,redo,work,mental,never,stop,new,different,clothes,happy,killer,law,mountain,soda,coffee,pizza,drinks,party,friends,fun,renew,chinese,leftovers,saturday,wasted,tired,sleep,morning,breakfast,,,,,,,,,,,,,,,,,,,,,,,,,,,,,,,,,,,,,,,,,,,,,,,,,,,,,,,,,,,,,,,,,,,,,,,,,,,,,,,,,,,,,
1150,,pressure,air,cabin,airplane,airport,customs,security,gate,gangway,boarding,train,subway,rail,ticket,platform,transit,urban,entrance,fare,payment,card,map,downtown,uptown,underground,grade,electricity,grate,sound,tile,mosaic,lights,express,elevated,outskirts,density,business,district,neighborhood,bricks,windows,complex,highway,riverfront,ferry,boat,schedule,island,walkway,bus,courtyard,point,northernmost,southernmost,residen,,,,,,,,,,,,,,,,,,,,,,,,,,,,,,,,,,,,,,,,,,,,,,,,,,,,,,,,,,,,,,,,,,
1151,,sad,death,morgue,body,leg,hurt,heart,pain,suffer,sadness,paper,write,letter,type,print,keys,car,transport,plane,air,sky,blue,green,yellow,lines,road,asphalt,scrape,knees,pain,gain,workingout,gym,wweights,tanktops,muscle,weak,sad,face,,,,,,,,,,,,,,,,,,,,,,,,,,,,,,,,,,,,,,,,,,,,,,,,,,,,,,,,,,,,,,,,,,,,,,,,,,,,,,,,,,
1152,,sad,story,tale,epic,tragedy,greek,ancient,islands,beach,palmtree,coconut,sand,shell,crab,kelp,fish,reef,diving,snorkle,flippers,,,,,,,,,,,,,,,,,,,,,,,,,,,,,,,,,,,,,,,,,,,,,,,,,,,,,,,,,,,,,,,,,,,,,,,,,,,,,,,,,,,,,,,,,,,,,,,,,,,,,
1153,,begin,purr,prefect,patch,paltry,chip,shy,lied,no,more,love,house,dog,is,that,fat,tried,pried,prune,juice,enema,coffee,tap,filter,bottle,open,door,policy,thesis,autocratic,demons,diverse,dimension,tube,you,defy,meaty,pot,belly,belies,blues,mule,dry,washer,dish,pantry,pettite,polite,politics,reply,all,we,are,said,different,driven,madness,,,,,,,,,,,,,,,,,,,,,,,,,,,,,,,,,,,,,,,,,,,,,,,,,,,,,,,,,,,,,,,,
1155,,sad,fate,upet,upset,death,friend,hope,health,treadmill,diet,vegetables,vitamins,fruits,refrigerator,stove,oven,garden,plants,seeds,nuts,legumes,milk,health,tomatoes,lettuce,cucumbers,beans,peppers,squash,zuchinni,recipe,butter,olives,olive,,,,,,,,,,,,,,,,,,,,,,,,,,,,,,,,,,,,,,,,,,,,,,,,,,,,,,,,,,,,,,,,,,,,,,,,,,,,,,,,,,,,,,,
1157,,stunned,shocked,bewildered,strange,weird,tragic,tale,story,end,continue,hope,true,try,strength,support,will,glee,kite,honor,tradition,different,time,change,chance,go,wish,dream,lucid,order,again,far,fly,fruit,watermelon,,,,,,,,,,,,,,,,,,,,,,,,,,,,,,,,,,,,,,,,,,,,,,,,,,,,,,,,,,,,,,,,,,,,,,,,,,,,,,,,,,,,,,,
1158,,sad,depressing,tragedy,heartbroken,grief,tears,sadness,bad,gloomy,down,regret,melancholy,missing,lost,numb,thumb,finger,hand,body,arms,legs,running,shoes,socks,wash,dry,hang,line,direction,maps,navigation,car,truck,bicycle,wheels,ride,helmet,construction,wood,labor,company,hours,salary,wages,money,payment,,,,,,,,,,,,,,,,,,,,,,,,,,,,,,,,,,,,,,,,,,,,,,,,,,,,,,,,,,,,,,,,,,,,,,,,,,,
1159,,cold,breathless,dead,departed,afterlife,fading,gone,finishedd,finished,absent,ghost,resting,terminated,desert,perished,zombie,nonexistent,clear,sensible,delicate,precise,perceptive,gravid,heavy,conceiving,prenatal,gravid,heavy,pregnate,soon,double,twins,speedy,abrupt,pronto,full,rash,vigorous,blood,lust,thirst,sexy,core,belly,inside,outside,within,without,around,fake,news,heart,sound,beating,broken,bone,sha,,,,,,,,,,,,,,,,,,,,,,,,,,,,,,,,,,,,,,,,,,,,,,,,,,,,,,,,,,,,,,,,
1160,,loss,sadness,love,companion,marriage,internet,dating,welcome,tired,sleep,helpless,kindhearted,kindred,spirit,poverty,riches,wealth,happiness,comrad,nice,happy,sorrowful,prayer,letter,email,book,magazine,trophy,award,mat,counter,home,kindle,people,payday,history,science,math,algebra,literature,car,road,truck,airplane,vacation,time,stand,still,wanting,waiting,hopeful,regret,,,,,,,,,,,,,,,,,,,,,,,,,,,,,,,,,,,,,,,,,,,,,,,,,,,,,,,,,,,,,,,,,,,,,
1161,,crap,sucks,life,unfair,gay,straight,black,white,gray,blue,cloud,key,show,tampon,monkey,lion,tiger,bear,human,spy,warehouse,water,food,hungry,starving,undervalued,skinny,weary,worn,energetic,tired,sleepy,insomnia,high,intoxicated,thirsty,dry,cottonmouth,snake,pigmy,pig,me,calf,cow,bull,horn,tongue,eyes,nose,ear,face,tooth,smile,frown,ball,cry,fly,baker,bake,bread,eggs,milk,tea,pop,soda,drink,bologna,ham,turkey,chicken,wheat,starvation,plantation,indignation,castration,,,,,,,,,,,,,,,,,,,,,,,,,,,,,,,,,,,,,,,,,,,,,,
1163,,grass,orange,pear,grapes,electric,mall,store,outlet,hockey,wrestling,youtube,trashbag,car,ipad,macbook,mouse,lion,tiger,jaguar,falcon,saints,puppy,kitten,sunglasses,tv,tires,tape,build,,,,,,,,,,,,,,,,,,,,,,,,,,,,,,,,,,,,,,,,,,,,,,,,,,,,,,,,,,,,,,,,,,,,,,,,,,,,,,,,,,,,,,,,,,,,,
1178,,bummer,sad,dead,long,stories,plane,phone,cry,hatred,killed,socks,carpet,bed,blanket,pillow,booze,tweezers,elbow,screen,numbers,help,stop,no,yes,why,company,falls,basket,sports,games,score,run,winter,fall,summer,spring,let,us,go,candle,crime,hurry,fast,slow,temper,waiting,golf,today,tomorrow,yesterday,taco,beans,,,,,,,,,,,,,,,,,,,,,,,,,,,,,,,,,,,,,,,,,,,,,,,,,,,,,,,,,,,,,,,,,,,,,
1179,,grave,depressed,death,reaper,scythe,mourn,black,rot,dirt,stone,hearse,car,wheel,tire,long,short,drive,mourn,sad,depressed,person,human,being,exist,online,avatar,fake,ideal,persona,curated,social,media,password,user,computer,keyboard,mouse,gamepad,game,role,fantasy,writing,dragon,elf,strategy,dwarf,orcv,train,sword,axe,armor,horse,king,queen,castle,knight,soldier,spear,shield,boot,tabard,lance,arrow,wall,road,map,treasure,gold,diamond,jewel,gem,pirate,boat,,,,,,,,,,,,,,,,,,,,,,,,,,,,,,,,,,,,,,,,,,,,,,,,
1180,,sad,death,cry,tears,water,ocean,beach,shark,fish,sand,umbrella,rain,clouds,thunder,lightening,shock,awe,surprise,party,birthday,age,person,school,desk,pencil,books,library,words,author,illustrator,artist,lawyer,doctor,nurse,stethoscope,medicine,tylenol,pain,injury,leg,foo,foot,toe,shoe,boot,walk,exercise,dumbell,yoga,running,healthy,brea,,,,,,,,,,,,,,,,,,,,,,,,,,,,,,,,,,,,,,,,,,,,,,,,,,,,,,,,,,,,,,,,,,,,,
1182,,sad,loss,timing,weird,odd,uncertain,grief,lovers,huh,unsure,confused,gay,natural,joy,boys,lovers,internet,stranger,blank,bland,dull,tired,brain,dunno,end,done,over,died,death,metal,story,unsatisfying,through,quit,now,,,,,,,,,,,,,,,,,,,,,,,,,,,,,,,,,,,,,,,,,,,,,,,,,,,,,,,,,,,,,,,,,,,,,,,,,,,,,,,,,,,,,,
1183,,sad,story,heart,touching,sorrow,life,dearth,memory,last,forget,continue,remember,live,change,enjoy,friends,friendship,coach,sofa,tv,radio,kitchen,bedroom,hall,ceiling,floor,walls,window,door,lamp,light,,,,,,,,,,,,,,,,,,,,,,,,,,,,,,,,,,,,,,,,,,,,,,,,,,,,,,,,,,,,,,,,,,,,,,,,,,,,,,,,,,,,,,,,,,
1184,,sad,death,dying,morgue,spooky,dead,body,friend,love,lost,sad,tragic,love,internet,meeting,travel,airplane,neighbor,mystery,love,passion,hurt,pain,heart,attack,doctor,phone,call,sad,news,man,partner,husband,dating,tinder,romance,book,novel,page,story,road,path,journey,movie,trailer,fake,never,meet,again,real,life,ghost,haunted,forever,trauma,healing,therapy,needing,wanting,cant,have,sad,story,words,quiet,life,study,,,,,,,,,,,,,,,,,,,,,,,,,,,,,,,,,,,,,,,,,,,,,,,,,,,,,,
1185,,sad,tragic,loss,heartbreak,missing,longing,love,ending,tragedy,crying,funeral,black,suits,dresses,wedding,celebrate,happiness,together,eternity,infinity,beyond,planet,mars,pluto,moon,waves,werewolf,supernatural,fantasy,book,reading,rain,tea,blanket,comfortable,bed,pillow,alarm,work,farm,grooming,horses,stalls,cleaning,tacking,helping,payment,reward,bills,poor,stress,help,call,,,,,,,,,,,,,,,,,,,,,,,,,,,,,,,,,,,,,,,,,,,,,,,,,,,,,,,,,,,,,,,,,,,,
1186,,high,under,blanket,warm,mug,freezer,sauna,high,love,hate,sink,soap,pump,plank,board,mat,bucket,bottle,case,tray,work,pole,ceiling,pipe,wire,plug,bug,creep,crawl,dry,gas,power,round,flat,sweep,broom,step,modem,computer,key,type,finger,nail,bus,school,learn,branch,summer,tools,building,garage,roof,shingle,file,folder,dresser,carpet,window,stool,please,gift,envelope,mail,lever,pencil,puzzle,brain,logic,,,,,,,,,,,,,,,,,,,,,,,,,,,,,,,,,,,,,,,,,,,,,,,,,,,,,
1187,,sad,depressed,lonely,calm,down,tear,clolthes,clothes,candy,church,tower,tale,bell,bail,brown,green,black,white,yellow,grey,blue,red,pink,purple,violet,rose,daisy,daffodil,orchid,mint,rosemary,garden,flower,feat,grass,cough,treat,gummy,bear,honey,pie,delicious,dark,dry,dear,dame,drab,dream,disguise,fire,fight,lash,make,laugh,follow,tense,weep,quiet,vase,house,now,,,,,,,,,,,,,,,,,,,,,,,,,,,,,,,,,,,,,,,,,,,,,,,,,,,,,,,,,,,,
1189,,Sad,Hurt,Pain,Cry,Hope,Joy,Family,Hair,Ears,Arms,Hug,Five,Favorite,Pickle,Cheese,Blue,Sky,Rain,Trim,Sleek,Crime,Take,Film,Read,Have,Dove,Joke,Laugh,Keep,Kind,Aware,Dispose,Plate,Drink,Water,Turtle,Nude,Open,Late,Fly,Power,Can,A,,,,,,,,,,,,,,,,,,,,,,,,,,,,,,,,,,,,,,,,,,,,,,,,,,,,,,,,,,,,,,,,,,,,,,,,,,,,,,
1191,,companion,internet,face,laid,ladder,convince,first,time,allowed,view,local,morgue,police,learn,phone,missing,part,story,some,day,doctor,way,south,plane,travel,possible,mind,answer,knock,dor,,,,,,,,,,,,,,,,,,,,,,,,,,,,,,,,,,,,,,,,,,,,,,,,,,,,,,,,,,,,,,,,,,,,,,,,,,,,,,,,,,,,,,,,,,,
1192,,wow,shock,sad,twist,heartbreak,lonely,depression,sadness,alcohol,death,morgue,alone,sad,funeral,heartache,love,tears,flowers,grave,death,burial,tombstone,loss,family,mourning,dead,service,heart,church,casket,tears,crying,tissues,,,,,,,,,,,,,,,,,,,,,,,,,,,,,,,,,,,,,,,,,,,,,,,,,,,,,,,,,,,,,,,,,,,,,,,,,,,,,,,,,,,,,,,,
1193,,body,funeral,estate,taxes,irs,judge,jury,prision,break,television,chair,couch,playstation,sony,japan,korea,china,russia,ukraine,war,death,rebuild,hope,dispair,therapy,medication,overdose,hospital,beeping,nurse,,,,,,,,,,,,,,,,,,,,,,,,,,,,,,,,,,,,,,,,,,,,,,,,,,,,,,,,,,,,,,,,,,,,,,,,,,,,,,,,,,,,,,,,,,,
1194,,sad,tragedy,loss,control,alternate,delete,meme,hospital,comic,miscarriage,tasteless,webcomic,video,essay,paper,writing,thesis,argument,evidence,evaluation,grade,assessment,assay,spectrum,chromatograph,absorption,gas,atmosphere,telescope,interferometry,launch,space,measure,greenhouse,insulation,insolation,solar,tidal,eclipse,transit,wobble,doppler,terrestrial,jovian,ice,super,mini,system,cloud,belt,field,asteroid,meteor,comet,dwarf,planetoid,p,,,,,,,,,,,,,,,,,,,,,,,,,,,,,,,,,,,,,,,,,,,,,,,,,,,,,,,,,,,,,,,,
1195,,sad,heartbreak,loss,grief,frought,distraught,broken,down,low,high,drugs,illegal,police,crime,court,sentence,words,letters,alphabet,numbers,one,many,bunch,flowers,grave,tombstone,west,cowboys,indians,savage,ruthless,heartless,careless,reckless,crash,vehicle,driver,passeneger,,,,,,,,,,,,,,,,,,,,,,,,,,,,,,,,,,,,,,,,,,,,,,,,,,,,,,,,,,,,,,,,,,,,,,,,,,,,,,,,,,,
1197,,sadness,sorry,funeral,terrible,loss,suffering,hope,healing,comfort,peace,grace,spirituality,religion,new,whole,reborn,marraige,marriage,wedding,memory,children,adoption,retirement,professor,doctor,beach,autumn,cider,hay,plaid,flannel,spice,latte,blank,well,champagne,holiday,album,joy,photos,again,love,,,,,,,,,,,,,,,,,,,,,,,,,,,,,,,,,,,,,,,,,,,,,,,,,,,,,,,,,,,,,,,,,,,,,,,,,,,,,,,
1199,,sad,sorrowful,distraught,compassion,warmth,sympathy,help,assistance,care,presence,attention,concern,friendliness,character,charity,love,selfllessness,courage,bravery,war,conflict,destruction,loss,sadness,sorrow,grief,darkness,gloom,depression,hope,light,way,road,travel,experience,knowledge,growth,maturity,aging,wisdom,,,,,,,,,,,,,,,,,,,,,,,,,,,,,,,,,,,,,,,,,,,,,,,,,,,,,,,,,,,,,,,,,,,,,,,,,,,,,,,,,
1200,,Sad,Morbid,Death,Autopsy,Gay,Friend,Lover,Ghosted,Heart,Cholesterol,Obesity,Diet,Control,Food,Eating,Devour,Doctor,Surgeon,Coffin,Funeral,Zombie,Soil,Darkness,Storm,Monster,Disappointment,Broken,Accident,Time,Sand,Scalpel,Cut,Cleaning,Alcohol,Formaldehyde,Rot,Decompose,End,Misery,Sadness,Tears,Crying,Confusion,Stunned,Walking,Wandering,Lost,Curious,Thoughtful,Cold,Freeze,Black,,,,,,,,,,,,,,,,,,,,,,,,,,,,,,,,,,,,,,,,,,,,,,,,,,,,,,,,,,,,,,,,,,,,,
1201,,sad,destroy,yesterday,yack,karma,ancedote,early,yup,puppie,eating,going,gap,parent,technology,yes,simple,enter,road,dynasty,yukon,not,temporal,later,run,,,,,,,,,,,,,,,,,,,,,,,,,,,,,,,,,,,,,,,,,,,,,,,,,,,,,,,,,,,,,,,,,,,,,,,,,,,,,,,,,,,,,,,,,,,,,,,,,
1202,,sad,cry,water,rain,river,pebble,stone,throw,baseball,game,popcorn,butter,chicken,leg,thigh,shorts,shirt,summer,sun,ray,sunglasses,bright,reflect,blu,sky,birds,fly,wings,feather,boa,dance,swing,music,saxophone,jazz,old,blues,wuiet,library,read,book,library,paper,torn,shirt,accident,car,broken,,,,,,,,,,,,,,,,,,,,,,,,,,,,,,,,,,,,,,,,,,,,,,,,,,,,,,,,,,,,,,,,,,,,,,,,,
1203,,funeral,sad,unexpected,tragic,horrible,pain,suffering,news,surprise,event,passing,funeral,grave,person,friend,lost,gone,forever,forgot,service,prayer,home,left,arrival,departure,graveyard,bones,skeleton,death,passed,perish,exist,lose,lost,family,stairway,afterlife,tomb,prayers,saint,angels,call,,,,,,,,,,,,,,,,,,,,,,,,,,,,,,,,,,,,,,,,,,,,,,,,,,,,,,,,,,,,,,,,,,,,,,,,,,,,,,,
1205,,conflict,ridiculous,incredulous,odd,disparate,avert,reject,correct,wrong,reject,new,pristine,clean,dirty,white,black,happy,universal,dependent,independent,morose,down,up,elevated,courage,fear,shame,guilt,innocence,remose,judgement,justice,serve,ser,,,,,,,,,,,,,,,,,,,,,,,,,,,,,,,,,,,,,,,,,,,,,,,,,,,,,,,,,,,,,,,,,,,,,,,,,,,,,,,,,,,,,,,
1207,,sad,awful,pain,ache,death,ghosting,love,internet,gay,sad,story,truth,romance,life,sad,awful,death,story,fiction,fake,tale,story,life,alive,death,love,end,final,sad,also,terrble,grief,depression,sadness,shock,sudden,death,timing,trip,travel,hope,sad,lonely,trying,attempts,failures,flops,walkers,flips,flops,sandals,beach,vacation,plastic,feet,flapping,death,baby,death,love,sad,death,cry,crying,tears,photo,glass,eyes,art,black,white,grey,areas,aliens,area,saucer,vintage,retro,grey,shine,night,area,sad,death,die,dying,death,body,cold,dead,attack,health,die,time,early,die,fleeting,life,sad,away,always,awful,artful,times,tomes,stories,sad,death,gay,men,love,lovers,internet,meeting,expecting,waiting,worrying,wanting,waiting,eager,ds
1208,,life,death,dying,sick,health,hospital,illness,suffer,nurse,doctor,profession,white,coat,medical,medicine,bill,insurance,cost,emergency,paper,list,words,will,write,pen,pencil,type,computer,mail,send,arrive,travel,airport,plane,boat,car,run,track,walk,jog,swim,sports,football,baseball,basket,ball,hit,score,down,up,around,top,bottom,player,athelete,good,bad,happy,sad,tired,emotions,feeling,give,take,verb,action,thing,object,noun,grammar,,,,,,,,,,,,,,,,,,,,,,,,,,,,,,,,,,,,,,,,,,,,,,,,,,,
1212,,times ,turned ,title ,tickets ,tired ,ticket ,till ,timing ,timeline ,timeout ,timer ,timetable ,looking ,local ,lot ,looks ,lost ,kids ,killed ,kill ,kid ,kick ,kinds ,high ,hit ,history ,higher ,highly ,hundreds ,hungry ,hundred ,mind ,miller ,missed ,minutes ,multiple ,music ,must ,musical ,multimedia ,museum ,mystery ,mysterious ,myth ,myths ,myriad ,mysteries ,mystical ,hype ,hyperlinks ,hydrogen ,hypertext ,hyper ,hydro ,free ,friends ,friend ,front ,fried ,,,,,,,,,,,,,,,,,,,,,,,,,,,,,,,,,,,,,,,,,,,,,,,,,,,,,,,,,,,,,,
1213,,internet,dating,drama,sad,crazy,insane,story,unreal,fiction,novel,reading,hobby,relax,sit,chair,window,outdoors,sunny,day,warm,summer,vacation,short,time,rest,sleep,bed,pillow,blanket,sheets,night,dark,moon,sky,quiet,peace,tranquil,soft,sandy,beach,,,,,,,,,,,,,,,,,,,,,,,,,,,,,,,,,,,,,,,,,,,,,,,,,,,,,,,,,,,,,,,,,,,,,,,,,,,,,,,,,
1214,,pity,touching,longway,irony,grace,start,allover,monstrous,minister,administer,vulcanizer,mechanic,methodology,reviewer,supervision,estate,extention,hypothetical,image,imaginary,growth,ominipotent,natural,graceland,g,,,,,,,,,,,,,,,,,,,,,,,,,,,,,,,,,,,,,,,,,,,,,,,,,,,,,,,,,,,,,,,,,,,,,,,,,,,,,,,,,,,,,,,,,,,,,,,,
1230,,begin,sad,surprise,ankle,bottle,chicken,day,trees,nature,roast,empty,blue,lamp,boting,spell,piano,funny,internet,clean,why,tv,itch,child,done,boat,english,mexico,degree,marriage,luggage,shade,grass,wine,,,,,,,,,,,,,,,,,,,,,,,,,,,,,,,,,,,,,,,,,,,,,,,,,,,,,,,,,,,,,,,,,,,,,,,,,,,,,,,,,,,,,,,,
1232,,sadness,death,incredible,surprised,shocked,worried,heartbroken,ghosted,heaven,surprised,speechless,sorry,sad,worried,surprised,shocked,done,next,gossip,friendship,together,food,drinks,tips,sushi,restaurant,handmade,rolls,hungry,food,chicken,eggs,life,earth,trees,dirt,,,,,,,,,,,,,,,,,,,,,,,,,,,,,,,,,,,,,,,,,,,,,,,,,,,,,,,,,,,,,,,,,,,,,,,,,,,,,,,,,,,,,
1234,,sad,loss,friend,lover,late,death,trauma,hospital,hurt,lonely,funeral,scared,time,love,effort,painful,wander,pray,forgiveness,friends,chat,therapy,advice,writre,write,turn,drive,travel,harmony,loser,call,speak,text,write,shout,anger,yelling,scream,eat,starve,cook,kick,punch,breathe,sick,stomach,hurt,faint,without,computer,story,wrong,telling,company,money,spray,climb,search,hike,walking,skip,exercise,wish,dream,sleep,slouch,,,,,,,,,,,,,,,,,,,,,,,,,,,,,,,,,,,,,,,,,,,,,,,,,,,,,,,
1235,,sad,tears,weeping,longing,glum,blue,ball,bounce,up,down,deep,ocean,depth,despair,sorrow,sparrow,blue,bird,happiness,rain,drop,umbrella,hat,off,stove,top,stuffing,holiday,family,matters,mind,boggle,google,glass,cup,ceramic,bowl,playdoh,toy,cherish,love,label,plan,calendar,time,clock,passing,ever,infinity,endless,planetary,constellation,sight,sound,boom,mike,show,movie,s,,,,,,,,,,,,,,,,,,,,,,,,,,,,,,,,,,,,,,,,,,,,,,,,,,,,,,,,,,,,,,
1236,,tragic,hurtful,crying,sad,lonely,alone,hopeless,depresse,depressed,blue,color,crayons,kids,young,immature,patient,calm,understanding,open,accepting,trusting,believable,truth,,,,,,,,,,,,,,,,,,,,,,,,,,,,,,,,,,,,,,,,,,,,,,,,,,,,,,,,,,,,,,,,,,,,,,,,,,,,,,,,,,,,,,,,,,,,,,,,,,
1237,,DEATH,LIFE,HEART,HEALTH,MISFORTUNE,LOVE,PAIN,SORROW,ILLNESS,WORRY,LONELINESS,LOSS,SADNESS,HELPLESNESS,MORGUE,FUNERAL,SPIRITE,SPIRIT,SOUL,GOD,LIFE,ESSENCE,DIMENSION,AFTERLIFE,CONNECTION,COMMUNICATION,CLOSNESS,MEDIUM,PRIEST,CHURCH,RELIGION,FAITH,BIBLE,SPIRITUALITY,LONGING,HOPE,SUN,SKY,MATTER,END,BEGINNING,SOULMATE,CHANCE,EVEN,,,,,,,,,,,,,,,,,,,,,,,,,,,,,,,,,,,,,,,,,,,,,,,,,,,,,,,,,,,,,,,,,,,,,,,,,,,,,
1238,,sad,loss,friend,meet,unknown,companion,friend,partner,sweetheart,love,engae,engage,promise,marry,life,old,achy,joints,hurt,stiff,pain,help,painkiller,good,relief,,,,,,,,,,,,,,,,,,,,,,,,,,,,,,,,,,,,,,,,,,,,,,,,,,,,,,,,,,,,,,,,,,,,,,,,,,,,,,,,,,,,,,,,,,,,,,,,
1239,,tragedy,macbeth,betrayal,liar,trump,deception,spy,bond,government,party,alcohol,waste,odor,armpit,hair,short,dwarf,elf,bow,respect,elder,care,nurse,dependable,insurance,scam,phone,scroll,mouse,cat,fur,kiwi,fly,seagull,beach,sand,castle,,,,,,,,,,,,,,,,,,,,,,,,,,,,,,,,,,,,,,,,,,,,,,,,,,,,,,,,,,,,,,,,,,,,,,,,,,,,,,,,,,,,
1240,,sad,gloomy,dark,catfish,fake,unrealistic,happy,mad,brown,pale,cold,tiring,flight,unfortunate,tinder,bumble,telephone,cellphone,green,start,stop,again,final,seven,feet,gone,weeds,bugs,cremation,family,secure,loaded,therapist,talk,text,call,emotional,support,poverty,compliant,deep,sting,soul,heaven,shoe,morgue,vague,untimely,shorter,tall,beep,running,free,starry,lips,eyes,feet,fortunate,vile,toture,,,,,,,,,,,,,,,,,,,,,,,,,,,,,,,,,,,,,,,,,,,,,,,,,,,,,,,,,,,,,
1241,,paper,trail,mail,wrong,tong,gone,now,four,set,met,quit,never,even,newer,model,stunning,staying,great,sneak,bring,layout,life,controller,move,light,projects,number,mounted,terminal,inside,screw,built,track,chart,effects,surface,fixtures,consists,hand,grade,,,,,,,,,,,,,,,,,,,,,,,,,,,,,,,,,,,,,,,,,,,,,,,,,,,,,,,,,,,,,,,,,,,,,,,,,,,,,,,,,
1242,,sad,unfortunate,heartbroken,tears,exhausted,worried,angry,mad,cursed,poisoned,loved,love,lived,cried,distance,online,far,tired,desperate,lonely,trapped,hole,death,dead,life,start,over,anew,try,again,give,up,suicide,lost,wanderer,wandering,forever,gone,terrified,terrifying,cautious,truth,miles,long,stupid,unfair,targeted,god,doesnt,exist,hatred,torn,scorn,defiled,mind,trapped,worth,thrown,away,never,will,find,it,,,,,,,,,,,,,,,,,,,,,,,,,,,,,,,,,,,,,,,,,,,,,,,,,,,,,,,,,,
1243,,Unexpected,Sorrow,Tragedy,confusion,broken,upset,depressed,sobbing,anguish,loss,heartbroken,careful,coincidental,unfortunate,random,disaster,dark,storm,rain,clouds,inability,vulnerability,confused,crying,potential,possibility,chance,fearful,anxious,introvert,angry,,,,,,,,,,,,,,,,,,,,,,,,,,,,,,,,,,,,,,,,,,,,,,,,,,,,,,,,,,,,,,,,,,,,,,,,,,,,,,,,,,,,,,,,,,
1244,,sad,internet,love,dead,cry,alone,weird,awkward,alone,fly,home,date,other,beard,haiur,hair,brown,eyes,blue,greenred,yellow,chartruse,melon,green,pink,black,brown,white,magenta,cyan,sienna,periwinkle,heather,lavendar,calendula,passionfruit,jade,succulent,pitcher,venus,fly,trap,door,ceiling,attic,basement,dark,dank,scary,cold,cement,brick,exposed,pipes,beams,sunlight,filter,forest,sequoia,magnificant,large,sacred,mystical,ewok,small,mushroom,sorrell,hop,bunny,watch,ant,bettle,larva,,,,,,,,,,,,,,,,,,,,,,,,,,,,,,,,,,,,,,,,,,,,,,,,
1245,,sadness,evil,life,wonder,suffering,proposal,ring,together,feeling,emotion,heart,heartbreak,enter,drawer,cold,tools,autopsy,sickness,disease,peril,plague,disorder,conduct,playing,streets,rope,kids,jumping,hopskotc,chalk,sidewalk,street,car,door,window,apartment,van,bus,shift,gear,wheels,seat,transport,digital,taxi,app,order,dash,deliver,food,menu,fast,convenience,moder,modern,love,commitment,marriage,prenuptual,agreement,money,trust,wondering,security,information,data,cord,bank,money,machine,dollar,card,teller,coin,quarter,half,full,milk,glass,jar,bowl,plate,pan,pot,top,tip,sip,lap,pal,friend,companion,partner,healthy,decisions,choices,freewill,freed,,,,,,,,,,,,,,,,,,,,,,,,
1246,,word,crazy,sad,story,poor,man,cant,belive,it,pencil,eat,door,garafe,neighbor,dog,cat,bird,turtle,flank,steak,pop,popcorn,ice,iceberg,lettuce,cabbage,app,apple,banana,oysters,bird,cell,wind,rain,sunny,bong,song,long,how,rent,easter,christmas,presents,idcard,container,water,pork,summer,spring,fall,october,november,secember,pogs,apple,creative,speakers,news,passport,voting,airpods,costco,grocieries,paint,food,colors,,,,,,,,,,,,,,,,,,,,,,,,,,,,,,,,,,,,,,,,,,,,,,,,,,,,,,,
1247,,wild,mystery,unique,travel,intresting,thoughtful,fun,smart,fly,plane,south,carolina,beach,food,life,palm,trees,family,oysters,seafood,perch,salmon,biscutis,gravy,pizza,chicken,tacos,tequila,whiskey,beer,vodka,rum,fireball,heat,camp,fire,smores,hershey,crackers,marshmallows,toasted,crisp,beauty,tasty,full,filling,fresh,elite,quality,top,level,camp,music,country,bryan,luke,combs,dance,live,love,party,kiss,truck,bed,house,bed,ktichen,fridge,lawnmower,yard,landscaping,hope,help,brewers,milwuakee,diamondbacks,arizona,baseball,summer,food,pizza,hotdogs,corn,hit,double,triple,homer,big,love,fun,,,,,,,,,,,,,,,,,,,,,,,,,,,,,,,
1248,,sad,death,loss,grief,funeral,cemetary,death,family,love,loss,remorse,mortality,spirituality,religion,church,religion,god,bible,christians,heaven,hell,eternity,marriage,couple,husband,wife,wedding,cake,guests,reception,flowers,wine,food,steak,,,,,,,,,,,,,,,,,,,,,,,,,,,,,,,,,,,,,,,,,,,,,,,,,,,,,,,,,,,,,,,,,,,,,,,,,,,,,,,,,,,,,,,
1259,,shocking,gasp,surprise,party,cake,smash,anger,red,dye,hair,cut,scissors,paper,mache,origami,art,photo,camera,aim,focus,brain,think,good,bad,day,night,moon,stars,shooting,shots,fired,up,away,game,chess,checkers,black,white,house,president,impeach,pear,green,goo,slimy,snake,slither,grass,smoke,fire,signal,batman,car,gas,pedal,bike,fast,slow,turtle,shell,hollow,bare,back,front,line,order,law,,,,,,,,,,,,,,,,,,,,,,,,,,,,,,,,,,,,,,,,,,,,,,,,,,,,,,
1260,,life,death,mortal,beast,health,cool,heart,door,slab,white,room,hospital,doctor,intern,home,doorbell,neighbor,bushes,fence,grass,garden,stones,trees,flowers,birds,clouds,sun,sky,dirt,stone,sawdust,electric,gas,power,powder,milk,foil,steel,flame,,,,,,,,,,,,,,,,,,,,,,,,,,,,,,,,,,,,,,,,,,,,,,,,,,,,,,,,,,,,,,,,,,,,,,,,,,,,,,,,,,
1261,,sad,odd,joke,socks,shoes,pants,shirt,shoelaces,tail,fur,fuzzy,bricks,stone,wood,bark,leaves,autumn,winte,summer,days,weeks,years,hours,minutes,seconds,notes,notepad,call,text,voicemaik,address,button,sticker,sign,fight,vibrate,teeth,long,short,normal,average,percent,point,asterisk,seven,homee,scan,down,up,page,delete,enter,shift,squiggle,pink,brown,computer,laptop,tablet,phone,warm,temperature,,,,,,,,,,,,,,,,,,,,,,,,,,,,,,,,,,,,,,,,,,,,,,,,,,,,,,,,,,,
1262,,love,men,like,trip,sad,good,attractive,dog,bench,park,grass,sun,moon,wind,dark,taxi,sheet,hair,soap,nose,toothbrush,cat,sleep,toy,furry,smooth,said,clean,l,,,,,,,,,,,,,,,,,,,,,,,,,,,,,,,,,,,,,,,,,,,,,,,,,,,,,,,,,,,,,,,,,,,,,,,,,,,,,,,,,,,,,,,,,,,,
1263,,truth,church,death,summer,talk,girth,from,days,daze,turned,forray,wedding,wallow,raining,question,table,candles,portable,underneath,upside,beneath,opening,sadness,thanks,forever,followed,rainbow,zen,run,walk,crawl,move,movie,upper,lower,tanned,cream,ice,fire,frosty,gun,truly,success,dread,dead,gone,lasting,long,over,away,yawn,task,turner,,,,,,,,,,,,,,,,,,,,,,,,,,,,,,,,,,,,,,,,,,,,,,,,,,,,,,,,,,,,,,,,,,,,
