ID,cue,word 0,word 1,word 2,word 3,word 4,word 5,word 6,word 7,word 8,word 9,word 10,word 11,word 12,word 13,word 14,word 15,word 16,word 17,word 18,word 19,word 20,word 21,word 22,word 23,word 24,word 25,word 26,word 27,word 28,word 29,word 30,word 31,word 32,word 33,word 34,word 35,word 36,word 37,word 38,word 39,word 40,word 41,word 42,word 43,word 44,word 45,word 46,word 47,word 48,word 49,word 50,word 51,word 52,word 53,word 54,word 55,word 56,word 57,word 58,word 59,word 60,word 61,word 62,word 63,word 64,word 65,word 66,word 67,word 68,word 69,word 70,word 71,word 72,word 73,word 74,word 75,word 76,word 77,word 78,word 79,word 80,word 81,word 82,word 83,word 84,word 85,word 86,word 87,word 88,word 89,word 90,word 91,word 92,word 93
1037,,coyote,spider,man,comic,drawing,line,art,color,television,cartoon,network,shows,streaming,stream,water,river,ocean,beach,outside,woods,trees,plants,mushroom,fungai,toad,frog,lizard,dragon,asia,china,japan,korea,beauty,skincare,love,flowers,red,pink,purple,violets,roses,lily,water,river,lake,fresh,dock,alligator,swamp,green,plants,moss,firefly,princess,prince,frogs,logs,,,,,,,,,,,,,,,,,,,,,,,,,,,,,,,,,,,,,
1038,,you,he,treat,dog,cat,pets,hair,clean,vacuum,read,ready,trees,forest,plants,parks,urban,city,sidewalk,cars,traffic,environment,heat,pleasure,water,ocean,beach,high,school,education,life,family,parents,brother,sister,husband,wife,child,student,game,agents,canyon,sun,moon,mountain,lake,river,laptop,computer,keyboard,carpet,couch,futon,chair,lounge,leisure,pillow,state,country,flight,travel,sleep,as,he,slept,slumber,party,girls,friends,plane,calm,patience,relax,party,drink,alcohol,read,book,neighbour,sober,beer,amsterdam,house,,,,,,,,,,,,
1039,,fred,twin,boys,black,cat,halloween,time,ticking,clock,face,smile,teeth,gnash,sound,ear,wax,floor,mop,head,cold,freezing,winter,ice,snow,bleh,unhappy,depressed,texas,leave,california,coast,sunshine,beach,daughter,college,school,study,books,read,leisure,time,relax,tired,sleep,hmm,don,know,anything,else,blank,mind,empty,trash,can,story,time,out,side,front,door,open,table,pet,loss,grief,sadness,blue,,,,,,,,,,,,,,,,,,,,,,,,,,,
1041,,dog,cat,halloween,orange,leaves,festive,spice,christmas,tree,decorate,spider,web,scary,dream,salt,pepper,costume,dress,vampire,blood,suck,castle,europe,travel,plane,train,car,boat,water,fish,ship,line,phone,mobile,glasses,shirt,pants,shoes,glasses,somber,casual,comfortable,relaxed,sad,somber,cry,tear,upset,upset,eyes,moist,crying,alone,apart,wrong,something,tales,ordinary,person,neighbor,neighborhood,,,,,,,,,,,,,,,,,,,,,,,,,,,,,,,,,
1042,,give,up,anythin,start,end,pear,boar,i,get,him,back,make,him,jealous,you,are,tear,late,reap,lore,show,bloom,youre,try,tie,beat,bear,bare,hang,hung,her,him,she,they,move,look,love,found,four,guys,sincerity,scary,im,in,with,you,ask,about,sweater,the,cow,something,weather,about,wait,pretend,make,my,friend,heart,wrenching,story,make,me,understand,look,i,i,was,asked,to,understand,wrench,coworker,friend,as,close,coworkers,share,intimate,,,,,,,,,,,,,,
1043,,dinosaur,model,planet,computer,blinding,ichthyosaurus,cupboard,hustle,endoplasmic,coronal,heart,valve,imagination,blood,clone,quirky,special,gay,love,cute,boyfriend,animal,fish,quack,duck,beautiful,raccoon,partner,pronouns,lifetime,names,gender,her,tank,american,lifestyle,personality,quality,guarded,fucker,meanie,hatred,anger,apology,party,stand,fried,games,hairnet,hospital,gown,lovely,yard,swings,barbecue,father,discs,orders,restaurant,eating,barbecue,already,repeat,sorry,never,ending,hook,window,airplane,draft,cold,,,,,,,,,,,,,,,,,,,,,,,
1044,,dance,ballet,music,sing,artist,vocals,voice,throat,lungs,breathe,living,flowers,outside,recess,kids,teachers,math,numbers,adding,subtracting,money,shopping,clothes,jacket,winter,snow,sled,fun,smile,happy,feelings,anger,fight,siblings,family,child,pregnant,crib,blankets,warm,fire,smores,leave,go,drive,travel,airplane,disney,rides,mechanics,robots,movies,dog,love,cuddles,kiss,pet,walk,leash,pull,art,paint,brush,colors,cricut,,,,,,,,,,,,,,,,,,,,,,,,,,,,,
1045,,begin,start,go,run,race,compete,group,people,community,town,city,state,country,world,globe,geography,learning,education,school,college,inform,teacher,students,study,research,understand,knowledge,test,researcher,studies,nature,animals,humans,psychology,brain,mind,thoughts,emotions,emotions,feelings,happiness,sadness,anger,surprise,party,thoughts,loneliness,feeling,personal,alone,disconnected,,,,,,,,,,,,,,,,,,,,,,,,,,,,,,,,,,,,,,,,,,,
1046,,cat,dog,rabbit,fish,water,air,clouds,sun,sky,space,stars,earth,ground,volcano,lava,hot,cold,ice,room,couch,chair,sit,stand,run,jog,jump,fly,baloon,banana,monkey,climb,tree,leaf,green,blue,red,anger,mad,yell,whisper,relax,excite,active,hear,listen,talk,discuss,meeting,work,job,office,chair,desk,neighbour,house,yard,lawnmowing,clippings,rake,lake,water,calm,peaceful,sand,art,paint,,,,,,,,,,,,,,,,,,,,,,,,,,,,
1047,,start,begin,enter,exit,door,way,hall,under,vague,water,back,sight,vision,ear,leg,arm,hand,type,key,note,write,auxiliary,eyes,study,imagine,understand,determine,wash,pressure,escape,end,desk,glow,bask,turkey,alas,twitch,receipt,cowboy,amend,turbulence,airplane,commode,story,building,high,jump,parachute,lie,incision,escapade,sit,phone,art,details,rose,rosary,female,love,gentle,fabric,scene,box,credit,oblivious,harden,,,,,,,,,,,,,,,,,,,,,,,,,,,,
1049,,baby,bagel,nature,dog,cat,door,fan,cereal,bee,bump,lake,drive,boy,girl,random,hate,argue,yell,slam,annoy,skin,bed,hat,top,angel,ark,blanket,pillow,dress,floor,cabin,tree,bird,water,boat,swim,sleep,stomach,eye,nose,ear,tv,music,playing,drive,tragic,accident,book,read,dance,psychedelic,skin,nails,paint,sober,alcohol,drink,drank,drunk,neighbor,blonde,fence,walk,chair,hat,glasses,coat,,,,,,,,,,,,,,,,,,,,,,,,,,,
1050,,hit,height,hot,hat,hug,hoot,loot,stool,cool,slim,pin,pinch,hint,fetch,sit,stand,steal,stomp,stamp,hurt,hurl,hull,howl,owl,laugh,lot,laundry,coffin,counter,control,consist,conflict,concern,disturb,dissappointed,litter,bitter,butter,flower,flavor,believe,endure,insecure,secure,punish,instrument,insignificant,favorite,saturate,stutter,stammer,stunt,stink,luck,based,bias,complete,shut,,,,,,,,,,,,,,,,,,,,,,,,,,,,,,,,,,,,
1051,,cereal,dark,baseball,movie,rat,hat,lost,trojans,city,football,sneakers,radioactive,pliable,satellite,ufo,mars,water,ocean,zebra,horse,donkey,scorpion,skillet,croissant,donut,cheeseburger,momento,liable,scrumptious,lethargic,individual,made,cookie,snickerdoodle,university,creation,god,elves,santa,presents,devil,broken,death,hell,voluptuous,crap,colorado,boulder,aurora,liable,creative,genius,california,fullerton,,,,,,,,,,,,,,,,,,,,,,,,,,,,,,,,,,,,,,,,
1052,,cat,hat,tree,bonsai,garden,japan,river,lake,pond,koi,food,flower,art,paint,canvas,dog,mountain,grass,rocks,stone,tomato,banana,date,soup,pen,draw,paper,drink,water,ginger,carrot,juice,ice,cream,potato,wood,slat,plant,peace,tranquil,prayer,Jesus,church,heaven,angels,inscence,smoke,air,ferns,maples,cherries,soul,meditation,peace,quiet,health,moon,stars,earth,soul,solo,introvert,house,minimal,,,,,,,,,,,,,,,,,,,,,,,,,,,,,,
1053,,game,bat,hug,chair,tree,neighbor,run,car,cactus,trash,bird,router,air,water,fire,notebook,pill,pen,pear,penguin,hundred,far,fair,fun,yeah,bored,where,grass,clothes,toes,bear,computer,controller,fun,why,bug,door,water,truck,couch,internet,umbrella,van,then,porch,gut,window,bush,hair,face,weeds,not,hard,fine,sure,dolphin,,,,,,,,,,,,,,,,,,,,,,,,,,,,,,,,,,,,,,
1057,,car,Tire,WASH,CLOTH,BAG,HANDLE,BARS,STOOLS,PAINT,BRUSH,TEETH,CLEANING,RAG,DOLL,HOUSE,KEY,FOB,CHAIN,SAW,MILL,HOUSE,GIRL,LOVER,BOY,FRIEND,SHIP,WRECK,BALL,RACK,ROOM,MATE,SCHOOL,PAY,DAY,TRIP,SCHOOL,BREAK,FAST,CAR,LINK,TIME,LINE,DANCE,ROOM,MATE,,,,,,,,,,,,,,,,,,,,,,,,,,,,,,,,,,,,,,,,,,,,,,,,,
1059,,apple,banana,split,wood,stove,cook,food,shop,bag,oranges,pinapple,cake,pan,peter,pumpkin,fall,love,joy,blessing,prayer,family,home,safe,money,job,work,hard,study,school,bus,boy,restaurant,eat,celebrate,birthday,baby,mother,toys,play,ground,spices,kitchen,table,setting,ring,wedding,life,retire,family,travel,,,,,,,,,,,,,,,,,,,,,,,,,,,,,,,,,,,,,,,,,,,,
1060,,dog,cat,animal,phone,keyboard,light,dark,card,calendar,picture,price,game,word,study,floor,chair,table,paper,rock,sack,canvas,wood,board,tablet,desk,computer,wall,ceiling,fixture,bathroom,toilet,pan,door,window,sidewalk,car,bike,can,pen,kid,baby,husband,father,mother,wife,screen,pig,rhino,democrat,man,worm,bug,ears,news,fox,cnn,redial,bag,cabinet,files,trash,cord,,,,,,,,,,,,,,,,,,,,,,,,,,,,,,,,
1063,,purple,plant,flower,dirt,can,pen,cup,pins,speaker,glasses,flashdrive,sign,unicorn,duck,email,ogre,rainbow,september,june,laura,vodka,tired,home,drive,old,impala,tires,billboard,photos,screen,cart,box,label,printer,scanner,motherboard,jesus,heaven,gold,angel,church,music,artist,canvas,pian,keyboard,silence,books,notes,radio,streaming,carpet,chair,poster,bed,wallpaper,mirror,brush,makeup,mascara,breakup,sad,boy,dumb,girl,talk,guilt,cheating,lies,hopelessness,friends,support,mean,bully,lies,conceited,lonely,afraid,shame,guilt,cold,heartless,coffee,,,,,,,,,,,
1065,,bridge,out,house,boat,shed,garden,glove,baseball,mit,oven,heater,furnice,energy,converter,car,hart,romance,time,in,out,about,round,ball,red,wood,stock,chicken,little,boy,hood,jacket,jean,cold,frozen,ice,cream,cheese,curd,milk,man,spice,pepper,season,winter,wonderland,alice,cullen,twilight,zone,abyss,vampire,werewolf,bite,teeth,whitener,,,,,,,,,,,,,,,,,,,,,,,,,,,,,,,,,,,,,,,
1067,,computer,mouse,cheese,eat,food,meal,spaghetti,sauce,tomato,salad,lettuce,garden,flower,vase,water,drink,glass,mirror,reflection,picture,frame,photograph,camera,phone,call,friend,talk,gossip,television,show,theatre,play,musical,song,listen,sad,cry,tears,sorrow,depression,sleep,pillow,bed,nap,rest,walk,park,nature,outside,weather,summer,sunny,hot,campfire,stories,spooky,ghost,scary,,,,,,,,,,,,,,,,,,,,,,,,,,,,,,,,,,,,
1068,,pumpkin,pie,in,the,sky,blue,jet,plane,go,vacation,fun,time,clock,keeper,law,money,poverty,rent,landlords,capitalism,socialism,communism,commerce,commercial,picture,movie,oscar,meyer,weiner,bun,mustard,ketchup,relish,pickles,barbeue,macaroni,cheese,potato,Susie,neighbor,nextdoor,girl,boy,man,woman,family,pet,dog,taxes,april,may,month,first,second,third,dog,puppy,beagle,stbernard,poodle,goldenretriever,,,,,,,,,,,,,,,,,,,,,,,,,,,,,,,,,
1069,,study,test,school,students,desks,chairs,table,kitchen,stove,cookies,fall,candles,pumpkins,mums,decorations,christmas,ornaments,gifts,tree,outside,hiking,lake,grass,green,pink,yellow,bus,stress,tired,overwhelmed,kids,train,town,listen,loud,horn,car,black,friend,fun,trips,conversations,company,enjoyment,laughter,excitement,holidays,family,neighbor,paint,friendly,dog,barking,loudly,sleep,dreams,book,reading,story,plot,foreshadowing,,,,,,,,,,,,,,,,,,,,,,,,,,,,,,,,,
1070,,scream,wind,orange,dream,leave,alon,whoops,turn,head,left,top,girl,free,bird,lip,trip,door,bad,house,wilson,nerd,germ,lofr,loft*,groin,dump,arse,queer,drip,nun,crass,lime,plump,hat,manatee,sturgeon,ocean,playlist,music,seatbelt,piano,long,key,note,music,loud,concerto,solemn,distress,mariecurie,frankly,smiths,loner,grape,bite,hannibal,cannibal,resident,apartment,neighbor,small,city,rural,country,home,why,school,drab,lift,drake,,,,,,,,,,,,,,,,,,,,,,,,
1072,,dog,cat,animal,pet,cuddle,fluffy,soft,safe,warm,comfort,holiday,pumpkin,spice,cake,hungry,food,breakfast,coffee,sugar,sweet,dessert,truffle,pasta,dinner,cooking,single,independent,strong,woman,work,home,busy,tired,sleep,dream,relax,stress,break,shower,peace,freedom,sun,warm,happy,loved,family,home,laugh,travel,fly,pack,laundry,,,,,,,,,,,,,,,,,,,,,,,,,,,,,,,,,,,,,,,,,,
1073,,word,begin,no,yes,play,ball,hall,tall,mall,flay,yay,hey,nay,may,lay,say,pay,bay,apple,orange,banana,strawberry,grape,lemon,watermelon,melon,water,soda,juice,milk,beverage,age,number,numeral,eat,meat,neat,heat,seat,wheat,neighbor,tale,friend,end,send,bend,tend,lend,mend,rend,community,unity,fruity,hand,arm,leg,foot,head,figure,nobel,skating,skate,late,,,,,,,,,,,,,,,,,,,,,,,,,,,,,,,
1074,,great,awesome,cool,okay,nice,fun,games,youtube,video,tv,movie,camera,film,audio,sound,music,orchestra,violin,play,outside,playground,dirt,mud,jeep,tire,rubber,latex,glove,kitchen,cooking,food,meal,eat,delicious,strawberry,fruit,smoothie,milkshake,mcdonalds,fries,deep,ocean,octopus,weird,quirky,fun,crafts,crochet,dnd,game,roleplay,qizard,wizard,spells,magic,school,learning,fun,reading,math,science,smart,nerd,glasses,zits,braces,,,,,,,,,,,,,,,,,,,,,,,,,,,,
1075,,dog,fur,hair,mess,clean,swiffer,mop,wet,water,swim,paddle,sun,wind,rain,snow,winter,icy,gloves,shovel,stairs,slip,wet,two,dozen,eggs,breakfast,waffles,pancakes,syrup,maple,sweet,sugar,candy,apple,red,green,veggie,broccoli,trees,leaves,sunny,summer,heat,warmth,hot,sweaty,nervous,story,tell,book,read,words,telling,reading,group,school,desks,accountant,money,dollars,ledger,counting,numbers,decimal,percent,nerd,work,dull,noon,lunch,,,,,,,,,,,,,,,,,,,,,,,,
1076,,animal,bird,flight,air,clouds,wind,breezy,cool,refreshing,relax,renew,quiet,solitude,isolation,loneliness,peace,gentle,warm,blanket,cover,wrap,gift,give,take,hold,drop,break,fix,mend,repair,clothes,wear,undress,clean,water,drink,sip,chug,beer,keg,sharing,story,tale,information,talking,sharing,explaining,describing,immersive,enthralling,worker,dedicated,focused,intense,alone,person,isolation,introverted,introverted,hermit,asocial,quiet,alone,,,,,,,,,,,,,,,,,,,,,,,,,,,,,,,
1077,,apple,fun,phone,pen,mineral,gold,water,mouse,dog,cat,phone,computer,door,clipper,scissor,love,shows,chat,award,table,wood,friend,sweet,good,bottle,card,poker,tube,study,watch,movie,show,neighbor,mate,reciept,time,clock,tale,tail,market,jump,up,,,,,,,,,,,,,,,,,,,,,,,,,,,,,,,,,,,,,,,,,,,,,,,,,,,,
1078,,blattodea,cockroach,scary,scream,movie,horror,comedy,netflix,chill,popcorn,sex,condom,baby,ah,poor,groceries,expensive,safeway,pear,red,potato,mediterranean,falafel,delicious,moist,herbs,cinnamon,coffee,warm,winter,autumn,starbucks,christmas,family,cozy,socks,robe,flu,coronavirus,cough,earache,antibiotics,pregnant,edema,homeless,massage,starving,cold,winter,dark,lonely,,,,,,,,,,,,,,,,,,,,,,,,,,,,,,,,,,,,,,,,,,,
1079,,any,now,big,small,tiny,bug,dragonfly,beautiful,nature,creek,water,fish,crappy,fried,french,gross,smelly,tasty,morning,night,by3,bye,twenty,two,age,month,day,year,spoon,fed,pig,wilbur,pink,city,smug,factories,depression,money,bills,power,depression,depressed,laugh,happy,excited,babies,cute,white,blue,red,old,grey,storms,weather,sunny,sun,rainbow,colors,kiss,lips,rose,red,lush,,,,,,,,,,,,,,,,,,,,,,,,,,,,,,,
1080,,sun,wind,colour,warmth,coffee,tea,cookies,cozy,slippers,grey,sheep,soft,pillow,velvet,smooth,luxurious,jewelry,pearls,oysters,ocean,mermaids,fins,scales,scallops,sealion,coat,sleek,white,cold,cottage,wildflowers,snow,powdery,sugar,frosting,cupcakes,moist,sweet,buttery,aroma,bakery,bread,soup,home,,,,,,,,,,,,,,,,,,,,,,,,,,,,,,,,,,,,,,,,,,,,,,,,,,
1081,,pizza,button,ball,basket,blank,game,type,time,bored,game,question,purple,ginger,fred,harry,buffon,girl,atom,swim,pizza,seek,tale,dragon,butt,scallwag,user,yesterday,popcorn,jewels,peanut,dice,happy,hinge,door,west,vague,timber,deed,zoo,under,garbage,find,dude,see,,,,,,,,,,,,,,,,,,,,,,,,,,,,,,,,,,,,,,,,,,,,,,,,,,
1082,,cat,dog,mouse,house,car,window,firee,pet,octopus,laugh,smile,dance,peanut,write,read,dad,mom,aunt,phone,crate,crayon,draw,tv,microphone,spouse,marriage,computer,internet,screen,numbers,alphabet,clothes,boots,lemon,lime,apple,light,bee,fan,desk,table,partner,ball,see,nose,dread,hair,grease,greed,money,bag,purse,eraser,air,toad,water,bed,teeth,brush,comb,fingers,caramel,camel,tips,doctot,writer,,,,,,,,,,,,,,,,,,,,,,,,,,,,
1083,,phone,case,brief,medicine,sick,patient,wait,staff,stick,tree,leaf,green,grow,water,drink,glass,clear,blue,sky,cloud,plane,pilot,pen,ink,black,night,star,moon,round,pizza,pepperoni,red,blood,bandage,sticky,gum,chew,cud,cow,spots,sees,glasses,blindness,eyes,pupils,friend,pal,acquaintence,people,person,human,body,biology,cells,plants,house,building,structure,architecture,builders,construction,machinery,loud,web,spider,scary,Halloween,pumpkin,,,,,,,,,,,,,,,,,,,,,,,,,,
1084,,Pizza,candy,hungry,gummyworms,chair,high,baby,child,pacifier,aunt,house,white,green,gold,sports,football,braininjury,boxing,app,media,son,water,fall,summer,park,grass,forest,witch,halloween,chocolate,pumpkin,nights,mystery,moon,spooky,cat,black,dark,stars,sun,jupiter,planets,unfortunate,job,corporate,sad,bad,boring,depressing,hate,good,better,real,honest,yes,,,,,,,,,,,,,,,,,,,,,,,,,,,,,,,,,,,,,,,
1085,,first,end,last,begin,fight,die,lose,kil,win,eat,find,bread,dinner,table,sky,cloud,run,feel,type,access,internet,foul,bird,smell,wash,dry,dine,over,top,feel,cart,car,carpet,clean,guitar,play,fun,jump,house,bounce,clown,fort,fight,champion,belt,money,earn,wallet,account,bank,spend,poor,homeless,street,California,law,pass,congress,senate,state,department,help,police,arrest,fine,face,grim,clown,eat,burger,cook,raw,medium,light,color,hair,blonde,color,blue,spike,gel,cream,style,handsome,attractive,blue,kiss,marry,,,,,,
1086,,apples,trees,pie,cake,happy,true,false,goals,honest,life,hope,use,money,berries,chicken,moon,sun,grapes,halloween,christmas,family,love,dreams,heart,yoyo,toy,child,cards,games,pumpkin,ghosts,happiness,happiness,friends,hallow,witch,scary,spooky,skies,dog,cat,crows,cute,adorable,mysterious,alluring,spooky,tales,ghouls,latte,stories,scary,haunting,good,times,,,,,,,,,,,,,,,,,,,,,,,,,,,,,,,,,,,,,,,
1088,,word,said,beg,led,tear,fear,steer,hear,rear,liar,lair,hair,share,fair,pear,sheer,butter,copper,hammer,lame,fame,shame,tame,same,came,sold,told,fold,stole,cold,flood,food,shoot,look,soup,hung,fang,thing,hen,den,pen,sink,think,link,old,scold,gold,hold,pink,feet,heat,eat,date,faith,seer,hate,delay,relay,decay,flee,fly,,,,,,,,,,,,,,,,,,,,,,,,,,,,,,,,,
1089,,water,ice,drink,soda,carbonation,fizz,sneeze,allergy,flowers,spring,rain,thunderstorms,tornado,destruction,loss,money,bills,debt,buried,death,funeral,gathering,party,crying,sadness,depression,sleep,pillow,bed,comfort,food,mexican,margarita,cooking,spaghetti,sauce,tomatoes,garden,soil,compost,scraps,grass,lawn,weeds,compost,worms,,,,,,,,,,,,,,,,,,,,,,,,,,,,,,,,,,,,,,,,,,,,,,,,
1090,,tree,blue,table,work,money,determination,strength,tired,proud,weak,scared,sad,up,depressed,lonely,pathetic,stupid,worried,unfufilled,hopeful,single,fear,poor,individual,loss,family,miss,travel,unparrell,good,free,happy,wild,young,old,time,loss,open,freedom,why,question,wonder,awe,lucky,hippy,road,trip,fly,dream,big,open,experience,,,,,,,,,,,,,,,,,,,,,,,,,,,,,,,,,,,,,,,,,,
1092,,cowboy,frontier,learn,cultivate,life,civilization,religion,outcast,hate,different,unknown,new,cattle,life,horse,new,trail,fear,danger,thieves,fighting,family,together,life,nodding,learning,understanding,forever,student,need,stress,overwhelming,understanding,over,needing,wanting,requiring,over,continuing,feeling,fear,protection,protest,acceptance,reliance,compassion,forever,,,,,,,,,,,,,,,,,,,,,,,,,,,,,,,,,,,,,,,,,,,,,,,
1093,,lynx,talk,green,party,radio,help,fart,go,innoculate,feline,food,scuba,envelope,grass,sleepy,universe,farthing,snow,no,glass,jump,maybe,friend,bad,romantic,dale,news,beach,dune,xray,sky,fense,defense,fence,lost,married,pretty,failed,chocolate,drowned,hate,love,petty,stupid,chased,wistful,clouds,,,,,,,,,,,,,,,,,,,,,,,,,,,,,,,,,,,,,,,,,,,,,,,
1149,,pizza,cheese,tomato,delivery,car,gasoline,money,job,employment,living,wage,career,fufilment,life,schoo,school,study,friends,tests,stress,managment,upperclassmen,lowerclassmen,teachers,office,work,regional,district,impress,ceo,salary,bonus,promotion,constant,nuanced,books,library,study,commited,nonstop,labor,computer,games,videos,editor,obsessed,famous,,,,,,,,,,,,,,,,,,,,,,,,,,,,,,,,,,,,,,,,,,,,,,,
1150,,crest,river,water,hydrate,liquid,fluid,wet,rain,precipitation,snow,winter,cold,frigid,temperature,fahrenheit,celsius,outdoor,weather,clouds,climate,tundra,taiga,arctic,north,polar,aurora,sky,constellation,bear,crab,beach,Atlantic,ocean,salty,savory,pretzels,food,supermarket,consumer,marketing,corporate,offices,city,skyscrapers,streets,squares,walking,biking,central,story,fable,novel,fiction,biography,autobiography,memoir,bookstore,carpet,coffee,cafe,streetside,pastry,artisan,sweet,fruits,plate,spoon,account,memory,recollection,eyewitness,event,,,,,,,,,,,,,,,,,,,,,,
1151,,begin,start,start,finish,last,first,what,is,sun,beam,log,wood,fire,starter,song,techno,dance,hall,reggae,brown,shirt,pants,underwear,butt,poop,toilet,plunger,cleaner,dirty,water,clean,dishes,time,enough,no,yes,grandma,grandad,mom,dad,sister,brother,aunt,page,book,read,neighbor,boy,bike,ride,street,fun,ball,hoop,small,town,home,friend,family,,,,,,,,,,,,,,,,,,,,,,,,,,,,,,,,,,,
1152,,hello,how,to,jeep,loop,kite,fly,plane,air,cloud,fluff,pillow,bed,blanket,sheet,metal,steel,iron,nail,board,wood,split,bend,stretch,yoga,pilates,muscles,pool,swim,float,game,score,field,win,lose,loose,happy,house,home,street,lamp,car,wheel,rim,alloy,rest,sleep,tired,nap,cozy,,,,,,,,,,,,,,,,,,,,,,,,,,,,,,,,,,,,,,,,,,,,
1153,,tree,will,box,cat,in,mind,for,also,devilish,copy,too,then,than,if,try,to,extract,guide,she,mate,top,turn,bed,sit,sat,oops,soap,tire,iron,speaker,wheel,lamp,post,zelda,cart,pens,shop,type,brush,bruise,apple,worm,can,candid,traverse,momentum,afraid,burger,bloody,loose,tooth,teeth,yeild,tech,cheesy,loops,rhythm,beat,beast,best,bikes,bite,prefer,meat,vote,god,dead,,,,,,,,,,,,,,,,,,,,,,,,,,,
1155,,hat,head,hair,scrunchie,brush,hairdryer,shampoo,conditioner,showe,shower,water,sink,toilet,bathroom,towel,bar,soap,room,couch,chair,blanket,dog,book,TV,phome,phone,wifi,computer,email,letter,computer,monitor,mouse,keyboard,postit,plug,speaker,headset,table,window,door,glass,straw,light,lamp,kitchen,coffee,tea,pineapple,apple,fruit,,,,,,,,,,,,,,,,,,,,,,,,,,,,,,,,,,,,,,,,,,,
1157,,cat,cute,adorable,hug,warm,sweet,love,happy,joy,sunshine,sunny,weather,rain,hail,cold,snow,chilly,chocolate,fire,hot,outside,grass,weeds,flowers,trees,plants,grow,big,small,average,amazing,wonderful,brilliant,stunning,beautiful,star,space,planet,earth,rotation,axis,oxygen,breathe,precious,dear,wander,wonder,spectacle,sparkle,dazzle,amaze,sing,dance,spin,twirl,leap,hop,skip,,,,,,,,,,,,,,,,,,,,,,,,,,,,,,,,,,,,
1158,,cat,dog,bark,fetch,bone,skeleton,human,body,male,boy,girl,people,crowd,rush,packed,stress,sweat,tired,rest,sleep,bed,night,dark,story,book,read,pages,words,letters,alphabet,song,music,sing,melody,tune,instrument,violin,strings,tennis,sports,baseball,taxes,audit,firm,consulting,business,,,,,,,,,,,,,,,,,,,,,,,,,,,,,,,,,,,,,,,,,,,,,,,,
1159,,rapid,fast,brisk,swift,speedy,go,now,hurry,positive,negative,short,slow,fleet,whirlwind,snappy,lazy,sluggish,unhurried,tardy,early,party,idle,inert,creepy,dormant,no,yes,naybe,maybe,creative,prudent,logical,literate,school,children,train,glue,crafty,foxy,vibrant,survive,world,existent,prevail,vital,current,event,end,chaos,caution,fire,widn,wind,storm,hurrican,hurricane,tornado,numbers,dates,time,portal,craft,,,,,,,,,,,,,,,,,,,,,,,,,,,,,,,,
1160,,today,tomorrow,day,night,sun,rain,umbrella,raincoat,shoes,hat,slacks,shirt,earrings,glasses,socks,chair,couch,table,car,train,bus,seat,bench,store,path,trail,park,walk,hike,run,away,window,door,garage,house,livingroom,kitchen,bathroom,coffee,plate,cookie,cup,glass,talk,conversation,ideas,share,berries,stawberry,apple,tree,bush,tomato,squash,plate,fork,porch,swing,steps,bugs,candle,,,,,,,,,,,,,,,,,,,,,,,,,,,,,,,,,
1161,,tobacco,sex,marijuana,drugs,wood,shed,television,keyboard,air,condition,dark,light,computer,laptop,mouse,music,silence,tabs,sequence,word,rating,money,cash,poor,rich,broke,abundance,bum,disrespected,respect,pay,income,taxes,revenue43,knife,tool,typo,bitch,okay,what,who,why,cat,dog,elephant,companion,girlfriend,boyfriend,weird,spirit,mechanical,automobile,car,bicycle,bike,motor,when,is,this,over,sky,,,,,,,,,,,,,,,,,,,,,,,,,,,,,,,,,
1163,,dolphins,broncos,bears,chiefs,jets,icecream,food,drink,bread,spaghetti,iphone,tmobile,verizon,car,buick,paper,ruler,pen,pencil,marker,file,computer,imac,windows,microsoft,apple,pop,pizza,highway,interstate,politics,midwest,east,west,road,south,baseball,basketball,snowblower,snow],radio,cd,casette,dvd,ocean,tornado,cyclone,hail,rain,,,,,,,,,,,,,,,,,,,,,,,,,,,,,,,,,,,,,,,,,,,,,
1178,,sleep,life,cheese,computer,keyboard,brush,television,table,soda,beer,icecream,pen,tweezers,cord,chips,glasses,pants,shirt,window,fan,headphones,what,deoderant,speakers,mat,can,paper,chair,bed,mouse,clothes,tofu,rice,eggs,bacon,phone,internet,neighbor,demise,hate,love,death,robots,pain,blood,hate,curse,tshirt,whatever,boredom,survey,lonely,regret,sadness,walk,song,step,walking,rain,snow,,,,,,,,,,,,,,,,,,,,,,,,,,,,,,,,,,
1179,,cow,farm,truck,pig,fence,wood,nail,tree,cut,lumber,forest,bird,fly,airplane,passenger,human,person,worker,paid,unhappy,poor,inflation,money,greed,capitalism,oligarch,company,monopoly,boardgame,children,fun,play,toy,plastic,expensive,overpriced,cheap,manufactured,factory,underpaid,depressed,sad,motivated,depressed,sad,hopeless,pointless,give,up,try,fail,dissapointed,parent,lonely,sad,hopeful,online,internet,dating,attractive,woman,relationship,girlfriend,dating,intimate,fun,,,,,,,,,,,,,,,,,,,,,,,,,,,,
1180,,tree,leaf,fall,pumpkin,orange,fruit,apple,red,firetruck,dalmation,dog,lab,needle,doctor,hospital,illness,old,gray,hair,brown,girl,eyes,blue,sky,space,astronaut,alien,green,booger,slime,duck,song,sing,choir,school,study,books,library,crafts,art,paintings,easel,paint,watercolor,pastel,sky,bird,racoon,trash,city,street,car,walk,crosswalk,man,woman,marriage,old,gray,,,,,,,,,,,,,,,,,,,,,,,,,,,,,,,,,,,
1182,,chair,table,dining,guests,fun,laughter,socializing,family,love,food,joy,together,love,home,honored,conversation,learn,listen,intimacy,cozy,sons,kids,heart,open,privilege,friend,yard,experience,discovery,processing,fun,joy,love,heart,woounds,fall,colors,autumn,seasons,pretty,leaves,cooling,weather,lover,passion,intimacy,love,closeness,,,,,,,,,,,,,,,,,,,,,,,,,,,,,,,,,,,,,,,,,,,,,,
1183,,apple,tree,grass,branch,sky,blue,clowd,rain,girl,boy,spring,warm,leaves,cat,dog,run,fruit,peach,mist,snow,table,chair,goat,village,field,peasant,shed,lake,pond,water,creek,man,moon,night,glow,stars,mood,sad,smile,grin,noon,morning,afternoon,day,length,,,,,,,,,,,,,,,,,,,,,,,,,,,,,,,,,,,,,,,,,,,,,,,,,
1184,,cat,dog,mouse,hat,golf,chair,kitten,floor,house,roof,ceiling,tile,chimney,santa,christmas,elf,tree,forest,hiking,camping,shoes,boots,heels,bag,purse,outfit,fashion,newyork,city,lights,buildings,road,traffic,taxi,car,tire,wheels,seat,cushion,fabric,textile,pattern,pretty,makeup,skin,eyes,body,hair,legs,arms,shirt,pocke,pen,notebook,laptop,desk,work,hate,job,busy,life,sad,feelings,friend,life,sad,tragic,accident,car,crash,story,ending,happy,ending,life,sad,lady,story,book,people,life,fake,rumor,tales,lady,mean,,,,,,,,
1185,,dog,park,bone,meal,ramen,noodles,pasta,tomato,sauce,cheese,bread,garlic,plant,tulip,flower,daisy,buchanan,james,marvel,soldier,captain,ship,pirate,flag,sword,shield,hammer,axe,bow,arrow,renaissance,fair,joust,horse,saddle,bridle,reins,bit,clean,leather,conditioner,hair,dye,cut,color,salon,talking,sales,hair,color,cut,pretty,expensive,selling,telephone,spam,text,friends,annoyed,loud,sensitive,hurt,pain,bandage,wrap,elastic,clumsy,trip,fall,scrape,bloody,,,,,,,,,,,,,,,,,,,,,,,
1186,,dog,jump,cloud,sun,rose,car,ice,milk,candy,wood,table,washer,floor,grey,blue,knob,ski,snow,jacket,hat,parrot,radio,nose,bottle,cap,handle,trigger,tube,cloth,soap,file,brush,paste,hammer,block,tool,light,grass,tree,fish,pond,drive,leaves,fall,sun,hot,dry,lake,mountain,glacier,ship,ocean,seat,bench,lounge,bar,glass,ice,liquid,kids,school,books,quiet,squirrel,hole,dig,jump,,,,,,,,,,,,,,,,,,,,,,,,,,,
1187,,dog,bark,cry,meow,yell,scream,hear,eat,sleep,faced,took,bottle,water,lake,lick,like,land,lamp,loud,leave,late,lord,cord,sword,sand,sweep,fate,free,fancy,call,same,far,please,no,can,car,create,clean,camera,cold,cave,pond,park,pear,pie,peach,apple,ape,appear,fear,afraid,frame,picture,clock,shelf,shame,care,sleep,soft,cat,cuddle,fur,tail,hand,paw,cute,sweet,nice,bored,time,tame,claim,fame,funny,clever,bike,basket,candle,,,,,,,,,,,,,,,,
1189,,Money,Dark,Trash,Help,Want,Idol,Heaven,Desk,Light,Wish,Magic,Rock,Building,Car,Shoe,Microwave,Fish,Sun,Fan,Chair,Sound,Tree,Man,Pink,Wow,Love,Unique,Mate,Own,Attentive,Maybe,Foot,Eye,Find,Bye,Was,Crazy,Lover,Tame,Dance,Fight,Seek,Inside,Plug,Favorite,Food,Finger,Loud,Sneaky,,,,,,,,,,,,,,,,,,,,,,,,,,,,,,,,,,,,,,,,,,,,,
1191,,Love,sea,mate,kind,right,demand,courage,determine,endurance,insist,cry,hate,positive,negative,fix,create,narrow,board,shift,master,globe,universe,think,keen,friend,female,path,think,care,often,observe,human,life,take,part,active,participate,endure,closer,clothes,admire,though,thought,quiet,quit,begin,,,,,,,,,,,,,,,,,,,,,,,,,,,,,,,,,,,,,,,,,,,,,,,,
1192,,Word,Book,Library,School,Teacher,Student,Friends,Recess,Lunch,Cafeteria,Milk,Food,Tired,Bus,Kids,Home,Cartoons,Disney,Nickleodeon,Spongebob,Memes,Internet,Twiter,Apps,Phone,Lazy,Comfort,Rest,Seclusion,isolation,Friend,Childhood,fun,park,bikes,swings,treats,heat,pool,kids,lonely,isolated,longing,dating,rejection,sadness,depression,alcohol,addiction,abuse,sadness,lonely,depression,,,,,,,,,,,,,,,,,,,,,,,,,,,,,,,,,,,,,,,,,
1193,,cat,dog,collar,walk,trees,water,rain,mushrooms,food,chips,fries,fair,ferriswheel,clown,rides,contests,awards,sports,volleyball,soccer,football,stadium,people,loud,quiet,money,beer,hotdogs,secuirty,badge,police,siren,boat,fish,waves,bed,sleep,morning,alarm,birds,dew,insects,birds,woman,wife,marrige,divorce,sadness,,,,,,,,,,,,,,,,,,,,,,,,,,,,,,,,,,,,,,,,,,,,,,
1194,,stand,stilt,high,hops,beer,glass,drink,together,alone,person,hobby,reading,relaxation,enjoyment,solitary,chair,comfortable,porch,deck,front,neighbors,associates,relatives,friends,apartment,house,condominium,room,roommate,tenant,landlord,parasite,leech,tapeworm,roundworm,organ,start,begin,line,gun,race,hurdle,dash,sprint,marathon,comete,compete,fly,soar,dive,board,water,soak,splash,nut,seed,acorn,legume,lentil,,,,,,,,,,,,,,,,,,,,,,,,,,,,,,,,,,,
1195,,love,dog,fun,play,happy,joy,paradise,enjoyment,life,death,heaven,physics,quantummechanics,particles,atoms,molecules,carbon,helium,stars,supernova,black,hole,part,piece,cake,pie,chocolate,candy,apple,fruit,veggies,friends,companions,pets,cat,bird,fish,dumb,smart,intelligence,school,fascinating,intersting,weird,strange,complex,vast,vocabulary,grammar,brilliant,worldly,infamous,famous,well-known,,,,,,,,,,,,,,,,,,,,,,,,,,,,,,,,,,,,,,,,
1197,,peanut,wall,panda,bear,dog,cat,table,desk,water,bottle,mirror,bed,drawer,phone,mouse,pen,book,car,sad,heavy,feelings,pineapple,vacation,plane,luggage,travel,pink,wall,coat,skirt,dress,pants,shoes,marker,cookie,cupcake,sandwich,lawn,tree,project,manager,store,hat,alien,monster,ghost,pumpkin,zombie,ghoul,candyh,candy,cocktail,sweet,friend,neighbor,house,slide,lasagna,tray,guest,dinner,party,elder,lonely,widower,pet,chalk,wallet,room,cemetery,love,interest,flirt,charm,date,,,,,,,,,,,,,,,,,,,
1199,,animal,dog,friend,loyalty,values,character,person,citizen,country,America,leader,strong,powerful,big,large,knowledge,books,writer,imagination,story,plot,protagonist,villain,intrigue,mystery,solving,psychology,mind,reason,intelligence,knowledge,reading,novel,book,story,fiction,character,interesting,intriguing,complex,difficult,puzzle,solve,door,house,dwelling,habitat,place,time,universe,stars,narrate,tell,story,storyteller,writer,,,,,,,,,,,,,,,,,,,,,,,,,,,,,,,,,,,,,,
1200,,Happy,Smile,Excitement,Fun,Hobby,Toys,Music,Figures,Food,Games,Money,Delivery,Box,Art,Computer,Anime,Books,Software,Love,Piano,Jazz,Creativity,Freedom,Romance,Dreams,Kindness,Beauty,Market,Sweet,Thrill,Massage,Kiss,Embrace,Story,Halloween,Flower,Pumpkin,Ghost,Cute,Candy,Chocolate,Gifts,Surprise,Mask,Costume,Outfit,Mysterious,Quirky,Nerd,Glasses,Science,,,,,,,,,,,,,,,,,,,,,,,,,,,,,,,,,,,,,,,,,,,
1201,,apple,elephant,train,night,teacher,radio,ooze,ear,radical,laser,ready,Yesterday,yawn,nope,erase,error,report,tan,nope,estimate,empty,you,rum,mother,resplendent,telephone,ensnare,erasure,elongated,destiny,yowling,granola,hamburger,rehtorical,lamb,baby,yes,suck,kangaroo,open,holy,yapping,going,gastronomy,yeah,,,,,,,,,,,,,,,,,,,,,,,,,,,,,,,,,,,,,,,,,,,,,,,,,
1202,,car,ride,horse,beach,sun,sand,shoes,walk,street,gravel,driveway,house,bedroom,bed,lamp,light,oil,massage,rest,sleep,pillow,soft,rabbit,fur,hop,jump,rope,boat,knot,sail,wate,ocean,dolphin,jump,hoop,nail,manicure,hand,hold,warm,blanket,soft,feather,bird,wing,airplane,fly,puddle,jump,splash,boot,rubber,tire,sun,shine,mirror,gold,trim,ribbon,tie,,,,,,,,,,,,,,,,,,,,,,,,,,,,,,,,,,
1203,,pie,egg,salad,rice,spoon,bread,table,dinner,cook,fire,oven,pan,fried,serve,task,order,prepare,finish,enjoy,chewy,hot,sweet,sour,salty,free,price,tip,review,sky,outdoors,activity,fun,run,exercise,gym,jump,sweat,game,calories,diet,run,treadmill,outside,sports,activities,engage,team,weights,lift,fun,muscle,pace,water,hydrate,work,friendship,stories,learning,passion,memories,,,,,,,,,,,,,,,,,,,,,,,,,,,,,,,,,,
1205,,happy,sad,despondent,elated,unique,weird,holy,righteous,indignant,valuable,evaluate,appraise,appraisal,inspect,inspection,validate,validation,document,observe,observation,notice,notify,acceptacceptance,reject,rejection,situation,scenario,scene,action,happenings,evidence,police,law,abide,dwell,organized,disorganized,house,order,disorder,home,quiet,loud,peaceful,calm,surface,exterior,facade,,,,,,,,,,,,,,,,,,,,,,,,,,,,,,,,,,,,,,,,,,,,,,
1207,,math,hard,durable,difficult,heavy,trouble,fat,ugly,old,me,now,here,sad,peter,wish,better,improve,work,time,health,death,fat,old,april,long,month,gray,color,blue,warm,red,fever,hot,total,girl,beach,sand,crab,claw,machine,pikachu,pokemon,young,little,time,fast,race,blue,house,red,ugly,door,black,matte,colors,paints,tones,tints,brush,dirty,solution,rinse,soak,ceiling,latex,flat,eggshell,purple,color,tones,old,over,clear,cloudy,clouds,summer,winter,tones,blues,greens,frost,check,cranberry,fires,flames,stories,tales,tellers,narrators,homer,,,,
1208,,candy,food,drink,water,soap,wash,dish,plate,bowl,cabinet,kitchen,window,house,place,apartment,area,location,road,street,outside,inside,indoors,porch,yard,lawn,address,school,neighbor,neighborhood,college,town,city,state,country,county,university,teacher,student,learn,subject,math,science,geology,rocks,biology,cells,humans,people,animals,cat,dog,zebra,lion,bear,camping,tent,wish,app,dating,friend,date,dinner,money,online,alcohol,lunch,new,meet,outfit,boyfriend,wife,married,marriage,wedding,love,desire,lust,sex,together,,,,,,,,,,,,,,,
1212,,dig,dog,lab,pop,rat,tip,top,log,jet,read,about,gave,habit,try,gut,give,away,seat,beat,neat,guy,woman,girl,nephew,adrenal ,adrenalin ,asked ,was,want ,way ,watch ,wants ,wait ,wanted ,watching ,service ,services ,server ,series ,serious ,serve ,servers ,search ,send ,security ,am ,are ,as ,all ,an ,,,,,,,,,,,,,,,,,,,,,,,,,,,,,,,,,,,,,,,,,,,,
1213,,ocean,beach,waves,fish,sand,wind,birds,sky,clouds,sunshine,hot,vacation,day,trip,house,window,door,porch,chair,seat,table,plate,food,fork,spoon,knife,glass,drink,beer,wine,dinner,dessert,pie,cake,snack,chips,peanut,cookie,movie,popcorn,butter,drink,soda,movie,theater,seat,recline,relax,bud,flower,plant,tree,garden,vegetables,pepper,spicy,spicy,food,hot,sauce,chicken,,,,,,,,,,,,,,,,,,,,,,,,,,,,,,,,,
1214,,autism,psychology,communication,reunion,pathway,adventure,criminology,grossery,machine,household,colourful,colony,casing,printer,colony,submarine,dredge,forest,urban,rural,opening,fiance,finance,adventure,advantage,mouse,bunch,philantropy,merciful,hunger,angry,course,curosity,typical,manufacture,company,refinery,,,,,,,,,,,,,,,,,,,,,,,,,,,,,,,,,,,,,,,,,,,,,,,,,,,,,,,,,
1230,,hello,girl,house,seth,fun,pillow,food,more,diet,foot,ice,dog,happy,good,vitamin,lotion,room,work,move,clothing,chile,fridge,beans,music,all,calcium,swings,stacy,crackers,play,clean,pills,water,seat,store,still,joyful,treat,step,color,studies,all,songs,long,blank,defeat,too,news,,,,,,,,,,,,,,,,,,,,,,,,,,,,,,,,,,,,,,,,,,,,,,
1232,,car,ride,gasoline,expensive,purchase,store,online,shipping,box,label,trash,bucket,water,rain,cold,sick,disease,heal,new,born,age,old,adult,married,relationship,partner,family,children,baby,play,toy,dog,stroll,park,sunset,sun,clouds,weather,year,sad,worried,curious,learn,know,entertain,keep,continue,talk,socialize,neighbor,trouble,privacy,issue,misunderstanding,worst,confusion,knowledge,friendship,meeting,drink,food,money,,,,,,,,,,,,,,,,,,,,,,,,,,,,,,,,
1234,,yellow,color,rain,grass,shoe,late,sun,paper,warm,hungry,hair,spin,exercise,sweat,speaker,people,tired,blank,words,steam,type,letter,name,write,turn,dark,storm,brain,hurry,time,later,train,travel,man,stool,plastic,toilet,harm,guest,switch,light,hope,shelf,book,page,reading,picture,family,death,sad,despair,funeral,dark,lonely,depressed,tears,crying,comfort,help,friend,community,conversation,question,resource,looking,charity,helpful,good,trust,father,resource,,,,,,,,,,,,,,,,,,,,,,,
1235,,happy,day,today,woke,up,stairs,piano,play,music,muse,thought,game,pokemon,go,home,base,ball,play,game,over,lord,lady,girl,boy,ball,game,chess,checkers,dog,name,game,boy,bird,box,amazon,forest,trees,ranch,dressing,gown,bed,time,story,book,cinderella,tale,cat,purr,motor,car,bike,lane,laxy,dog,bark,future,planet,space,travel,vacation,spa,massage,day,time,flies,tears,happy,sunny,,,,,,,,,,,,,,,,,,,,,,,,,,
1236,,word,book,read,letters,alphabet,soup,warm,summer,vacation,beach,ocean,fishing,boat,sea,waves,relaxing,zen,metitate,sports,football,betting,money,green,grass,lawnmower,summer,vacation,shore,beach,sand,water,hot,sun,yellow,bright,energetic,energy,alive,running,healthy,water,,,,,,,,,,,,,,,,,,,,,,,,,,,,,,,,,,,,,,,,,,,,,,,,,,,,,
1237,,Sun,Moon,Stars,Univers,Planet,EARTH,SKY,NATURE,MOON,WIND,AIR,WATER,GROUND,GRASS,NATURE,TREES,FLOWERS,ANIMALS,BEES,LAKES,OCEANS,RIVERS,PONDS,FOREST,JUNGLE,WILDLIFE,SAFARI,AMAZON,CONTINENT,COUNTRY,REGION,LION,NEIGHBORHOOD,FRIEND,PEOPLE,HUMAN,HOUSE,LAND,DESTINY,LIFE,COMMUNITY,FATE,NEIGHBOR,FRIEND,HUMAN,TALE,FATE,DESTINY,FAITH,STORY,INDIVIDUALITY,COMPANIONSHIP,FRIENDSHIP,HOUSE,FAMILY,,,,,,,,,,,,,,,,,,,,,,,,,,,,,,,,,,,,,,,
1238,,word,chain,game,fun,puzzle,solve,problem,solution,satisfaction,like,prefer,pick,restaurant,dinner,food,salmon,dessert,flan,custard,pudding,cinnamon,tasty,brownie,chocolate,fudge,cook,mountain,trees,leaves,fall,autumn,red,yellow,orange,bike,ride,country,road,deer,,,,,,,,,,,,,,,,,,,,,,,,,,,,,,,,,,,,,,,,,,,,,,,,,,,,,,,
1239,,tree,bird,fly,plane,seats,stadium,football,injury,hospital,nurse,friend,hug,bear,forest,campfire,cozy,blankets,morning,coffee,burning,wildfire,summer,beach,tan,california,burrito,chipotle,sauce,ketchup,sadness,tears,separation,war,anger,misunderstanding,argue,pride,lion,beast,failure,test,school,hallway,lights,bright,star,celebrity,outgoing,camping,tent,cozy,sofa,,,,,,,,,,,,,,,,,,,,,,,,,,,,,,,,,,,,,,,,,,
1240,,water,sleep,cat,two,red,orange,black,fruit,pillow,soft,outside,rain,hop,stop,mop,cook,spoon,desk,ligh,dark,window,grass,tree,cloudy,stormy,book,long,short,carpet,work,eight,interesting,period,toilet,puke,sink,clothes,shirt,shoes,socks,watch,necklace,jewelry,who,what,where,television,boring,cool,swift,fast,slow,music,country,solo,rock,and,but,or,darn,lost,found,hidden,fox,friend,happy,on,earth,exist,virtual,wifi,internet,weather,goat,this,is,tepid,rough,lower,meow,jingle,ring,nonsensical,impossible,whoa,rapid,fade,,,,,,,
1241,,cat,dog,bird,car,crate,chair,monitor,keyboard,grape,house,mouse,tag,mag,cherry,apple,cream,power,flashlight,comb,mob,tower,power,mouse,bowl,speaker,berry,merry,clearly,power,pill,medicine,help,friend,house,truck,mud,forest,trees,clowns,elephants,zebra,mad,jar,tar,like,town,city,state,remote,control,guard,police,tree,ham,meat,,,,,,,,,,,,,,,,,,,,,,,,,,,,,,,,,,,,,,,
1242,,level,up,fast,play,jump,grind,fly,mount,water,boat,fish,raid,people,friends,love,unity,power,siege,obtain,grow,nurture,help,follow,lead,live,die,sex,happy,sad,neutral,interested,lively,stupid,foolish,insane,membrane,tired,exhuasted,creative,creativity,relaxed,calm,mad,angry,boil,soil,toy,story,one,two,three,me,see,you,time,father,mother,son,daughter,sister,Sad,tears,online,story,love,hate,relationship,broken,glued,together,distance,sad,unfortunate,old,far,online,tough,broken,persistent,courage,constant,consistent,seeking,,,,,,,,,,,
1243,,Bail,Leave,Run,Explore,Humorous,Voting,Curious,Stress,College,Past,Depression,Joy,Medication,unable,favorite,watching,reading,typing,walking,humming,obvious,blatant,common,insane,politics,climate,earth,garden,plants,insects,anteater,Elderly,Patient,Steady,Slow,hesitation,forwardness,anxiety,fog,cloudy,gray,Learning,Exploring,Curiosity,Oblivious,Risky,aware,careful,smile,mask,hiding,avoiding,assistance,social,,,,,,,,,,,,,,,,,,,,,,,,,,,,,,,,,,,,,,,,
1244,,mold,mushroom,alfredo,chicken,melons,vines,ivy,house,plumber,pipes,sink,vegetablescraps,soup,peas,ham,pig,farm,fence,mud,wallow,farmer,man,freckle,overalls,seed,kind,squash,winter,cold,snow,vermont,maine,field,apple,tree,open,elderberry,medicine,fall,september,train,baltimore,crab,duda,whole,heart,antimical,anitomical,exploded,bosheen,skull,figurine,mouse,skunk,taxidermy,numbers,rome,numeral,column,colleseum,pizza,pineapple,hawaii,funny,savage,improve,improve,improv,,,,,,,,,,,,,,,,,,,,,,,,,,
1245,,tomato,red,circle,hard,soft,pillow,bulge,pen,pencile,school,teacher,wals,wood,blanketr,cat,dog,tail,ears,head,forehead,belly,shorts,knee,leg,keyboard,mac,apple,android,phone,tablet,museum,figurine,aquarium,mermaid,fis,donkey,fluffy,hair,wig,weave,thread,basket,kitcen,food,spatula,spoon,fork,arm,mits,oven,peace,world,john,eggs,bacon,sizzle,sound,computer,phone,tiktok,social,friends,life,help,managing,working,employing,funds,wages,retirement,disability,invest,stock,bonds,answers,advice,office,paper,printer,fax,machine,highlighter,pens,marker,lotion,chair,desk,drawer,mouse,window,city,scraper,sky,midnight
1246,,water,hot,chill,summer,fall,spring,phone,card,speaker,id,bed,paint,walls,door,sun,clouds,car,honk,toes,bottle,pencil,speaker,nails,finger,football,ucla,usc,49ers,basketball,lakers,playstation,mac,iphone,apps,music,art,diplomas,remote,socjs,art,graduate,home,nails,cross,bed,sheets,I,am,the,work,paper,pencil,pen,drinks,sleep,work,long,sleep,bed,pillow,music,sound,,,,,,,,,,,,,,,,,,,,,,,,,,,,,,,,
1247,,love,happy,hope,money,fun,party,beer,water,falls,swim,shorts,sun,beach,hot,pop,grill,fireworks,summer,loving,kissing,touch,smell,feel,emotion,sad,upset,happy,baseball,sports,basketball,hockey,football,soccer,tennis,America,countries,Australia,kangaroo,animal,dog,cat,snake,rabbig,rabiit,easter,holidays,christmas,newyears,halloween,thanksgiving,love,family,friends,holidays,neighbors,family,friends,hope,living,fullest,single,dates,peace,relax,smart,refresh,beach,fire,scary,halloween,ghosts,haunted,spooky,,,,,,,,,,,,,,,,,,,,,
1248,,bird,dog,collar,bowl,dinner,chili,soup,warm,winter,summer,sunshine,weather,beach,hat,pants,bikini,vacation,tropical,island,sand,beach,surf,water,waves,blue,sky,clouds,thunder,storm,rain,umbrella,lightning,tornado,house,yard,shed,barn,grass,friend,family,neighbor,party,celebrate,birthday,cake,candles,snacks,movie,treats,popcorn,theater,candy,halloween,witch,skeleton,costume,story,book,school,library,class,,,,,,,,,,,,,,,,,,,,,,,,,,,,,,,,,
1259,,bug,tail,coat,dress,shirt,button,toaster,bread,crust,old,dust,web,spider,legs,float,pool,swim,water,slide,playground,children,school,bell,teacher,principal,speaker,music,piano,keys,house,live,die,grave,stone,rock,roll,yeast,infection,disease,cancer,sick,medicine,yuck,sing,voice,throat,sore,exercise,weights,heavy,heart,broken,glue,sad,story,tale,bed,sleep,dream,clouds,sun,deep,hole,six,even,pair,,,,,,,,,,,,,,,,,,,,,,,,,,,,
1260,,dog,cart,part,fish,dish,wish,hat,bat,cat,sat,week,weak,seek,seeker,weaker,barn,car,broom,ham,spam,tram,envelope,letter,paper,pen,pencil,golf,team,base,moon,cheese,cow,moon,jumped,space,ship,rocket,engine,mortar,vase,neglect,roman,empire,senate,congress,paper,tiger,love,hate,alone,together,boring,stored,plastic,,,,,,,,,,,,,,,,,,,,,,,,,,,,,,,,,,,,,,,,
1261,,dog,cat,love,waffles,five,game,video,music,tree,flower,classroom,textbook,flag,backpack,water,soda,hamburger,phone,shoes,glasses,planets,galaxy,stars,physics,mathematics,door,window,trashcan,sun,moon,mars,bag,produce,shadow,thinking,fun,listening,waiting,date,bird,funny,plants,woodpecker,lillies,corn,beans,kitten,number,hair,prohibited,weird,odd,cookout,pride,smart,intelligent,playing,swimming,biting,scratching,itchy,cool,hot,,,,,,,,,,,,,,,,,,,,,,,,,,,,,,,
1262,,new,beg,whole,sheep,white,old,happy,kids,bed,super,nice,fan,in,show,blue,serious,road,sky,pillow,eat,pizza,tree,elbow,green,fish,oven,wood,cord,pinwheel,loud,karate,feet,uniform,weather,rain,see,eye,light,video,child,computer,short,school,bully,police,trip,,,,,,,,,,,,,,,,,,,,,,,,,,,,,,,,,,,,,,,,,,,,,,,,
1263,,buns,rice,gravel,trees,fur,texture,blanket,house,fan,table,window,car,cat,dog,collar,phone,call,tiles,tummy,sunlight,sunday,wallet,money,today,yesterday,tomorrow,this,that,other,widow,weeping,worry,words,timing,tallow,tails,heads,coin,flip,following,substantial,substantiate,substance,sinew,frog,furrow,green,trance,color,daylight,saytime,simon,summons,trespass,treason,green,gardening,sundry,oddity,growth,fair,cheating,chess,board,fray,typical,tropical,juices,fruit,orchard,,,,,,,,,,,,,,,,,,,,,,,,
