ID,cue,word 0,word 1,word 2,word 3,word 4,word 5,word 6,word 7,word 8,word 9,word 10,word 11,word 12,word 13,word 14,word 15,word 16,word 17,word 18,word 19,word 20,word 21,word 22,word 23,word 24,word 25,word 26,word 27,word 28,word 29,word 30,word 31,word 32,word 33,word 34,word 35,word 36,word 37,word 38,word 39,word 40,word 41,word 42,word 43,word 44,word 45,word 46,word 47,word 48,word 49,word 50,word 51,word 52,word 53,word 54,word 55,word 56,word 57,word 58,word 59,word 60,word 61,word 62,word 63,word 64,word 65,word 66,word 67,word 68,word 69,word 70,word 71,word 72,word 73,word 74,word 75,word 76,word 77,word 78,word 79,word 80,word 81,word 82,word 83,word 84,word 85,word 86,word 87,word 88,word 89,word 90,word 91,word 92,word 93,word 94,word 95,word 96,word 97,word 98,word 99,word 100,word 101,word 102,word 103,word 104,word 105,word 106,word 107,word 108,word 109,word 110,word 111,word 112,word 113,word 114,word 115,word 116,word 117,word 118,word 119,word 120,word 121,word 122,word 123,word 124,word 125,word 126,word 127,word 128,word 129,word 130,word 131,word 132,word 133,word 134,word 135,word 136,word 137,word 138,word 139,word 140,word 141
1000,,college,collage,carriage,carp,carry,congac,cord,cram,careen,canteen,cork,carriage,center,cyst,clover,canter,comb,cool,crack,clack,clambour,cartilage,clog,croc,,,,,,,,,,,,,,,,,,,,,,,,,,,,,,,,,,,,,,,,,,,,,,,,,,,,,,,,,,,,,,,,,,,,,,,,,,,,,,,,,,,,,,,,,,,,,,,,,,,,,,,,,,,,,,,,,,,,,,
1002,,banana,split,cat,yogurt,granola,spoon,milk,lick,cereal,bar,grass,tree,green,pupils,sweatshirt,clock,tick,tock,flowers,rug,alert,giving,for,to,love,lack,list,limb,trap,tarp,wall,white,gain,goal,jewel,necklace,grease,cool,calm,coaster,gym,muscle,lift,grasp,purse,pail,sandcastle,mirror,apple,bite,crimp,cramp,chisle,warm,roller,computer,headphones,camera,nose,uvula,intenstines,seat,glass,cup,mug,tea,coffee,sugar,cake,bread,muffin,,,,,,,,,,,,,,,,,,,,,,,,,,,,,,,,,,,,,,,,,,,,,,,,,,,,,,,,,,,,,,,,,,,,,,,
1003,,soda,trumpet,guitar,violin,skyscraper,diver,teacher,school,book,bell,walkie-talkie,tile,fan,steak,banana,soup,milkshake,birdfeeder,skunk,horse,cow,giraffe,airplane,pilot,cook,lumberjack,rollercoaster,elevator,staircase,artist,carpenter,pictureframe,vitamins,orange,apple,watermelon,mushroom,,,,,,,,,,,,,,,,,,,,,,,,,,,,,,,,,,,,,,,,,,,,,,,,,,,,,,,,,,,,,,,,,,,,,,,,,,,,,,,,,,,,,,,,,,,,,,,,,,,,,,,,,
1004,,dentist,amy,pictures,doctor,chilly,seat,peppers,dave,volume,straw,cup,bank,post,tiger,ledger,fan,airconditioner,lazy,receipt,basket,modem,wires,Ferrari,chain,ring,tape,ice,rest,adjust,color,bleak,rubber,tree,japan,alf,dictionary,,,,,,,,,,,,,,,,,,,,,,,,,,,,,,,,,,,,,,,,,,,,,,,,,,,,,,,,,,,,,,,,,,,,,,,,,,,,,,,,,,,,,,,,,,,,,,,,,,,,,,,,,,
1005,,chair,breakfast,stare,phone,rung,folk,coffee,beer,fishing,freinds,potato,drink,camping,drive,sleep,body,naked,pulled,water,backtohome,difficult,legs,breast,,,,,,,,,,,,,,,,,,,,,,,,,,,,,,,,,,,,,,,,,,,,,,,,,,,,,,,,,,,,,,,,,,,,,,,,,,,,,,,,,,,,,,,,,,,,,,,,,,,,,,,,,,,,,,,,,,,,,,,
1006,,balloon,sky,birds,clouds,mountains,flowers,grass,brook,canoe,sailing,barge,oil,tanker,ship,commerce,canal,trucks,shipping,goods,pricing,wholesale,suppliers,company,ceo,executive,workers,desk,lights,office,paper,printer,computer,elevator,desk,camera,plants,note,,,,,,,,,,,,,,,,,,,,,,,,,,,,,,,,,,,,,,,,,,,,,,,,,,,,,,,,,,,,,,,,,,,,,,,,,,,,,,,,,,,,,,,,,,,,,,,,,,,,,,,,,
1007,,library,books,hotdogs,hamburgers,buns,nuns,football,thanksgiving,thursday,weekend,saturday,baseball,hit,homerun,soccer,badminton,hunger,sesame,chicken,coal,ketchup,mustard,sauce,spice,collection,hockey,urban,hotel,room,bed,sofa,captain,cheer,elementary,lacrosse,field,arena,staduim,rude,fight,rare,special,highly,temper,temple,summer,toner,ink,rare,top,bottom,empty,hostile,,,,,,,,,,,,,,,,,,,,,,,,,,,,,,,,,,,,,,,,,,,,,,,,,,,,,,,,,,,,,,,,,,,,,,,,,,,,,,,,,,,,,,,,,
1008,,cotton,ball,red,blue,purple,green,magenta,yellow,fuscia,lavender,orange,hues,gears,chain,bicycle,motorbike,trail,trains,planes,automobiles,Christmas,Kwanzaa,gears,guns,war,freedom,hate,love,spirits,taste,unwind,heels,blouse,hangers,pool,hatchet,collar,stains,dirty,ants,lions,tiger,bear,cheetah,moose,goose,snakes,frogs,whale,dolphin,otter,mongoose,canon,ball,wreck,saw,lightning,thunder,,,,,,,,,,,,,,,,,,,,,,,,,,,,,,,,,,,,,,,,,,,,,,,,,,,,,,,,,,,,,,,,,,,,,,,,,,,,,,,,,,,,
1010,,geek,raisin,jumper,cat,cold,air,niece,cabin,umbrella,quilt,yarn,habit,grouchy,sleepy,ball,plot,comment,graft,survey,lesson,waling,walking,classes,medicine,pain,lights,water,balloon,fever,,,,,,,,,,,,,,,,,,,,,,,,,,,,,,,,,,,,,,,,,,,,,,,,,,,,,,,,,,,,,,,,,,,,,,,,,,,,,,,,,,,,,,,,,,,,,,,,,,,,,,,,,,,,,,,,,
1011,,swift,food,go,late,early,nee,need,help,under,car,back,truck,parked,drive,go,relay,wait,done,finished,bad,scared,anxious,mad,they,fine,understand,learn,school,student,gun,shoot,policy,plan,planned,parenthood,health,kids,adults,justice,together,unite,rally,motown,music,1968,chicago,mlk,aretha,rock,stone,pebble,penguin,cat,text,animal,rug,happy,laugh,fun,pastry,drink,coffee,eat,box,green,pink,cow,yogurt,love,,,,,,,,,,,,,,,,,,,,,,,,,,,,,,,,,,,,,,,,,,,,,,,,,,,,,,,,,,,,,,,,,,,,,,,,,
1012,,water,drinking,swimming,playing,watching,eating,cooking,cleaning,family,pets,wife,mother,bed,happy,sad,asleep,dreaming,ru,rug,thinking,crying,frustrated,angry,unhappy,miserable,school,studying,meals,fun,television,phone,computer,stove,oven,refridgerator,pantry,cleaning,organize,washing,watching,mirror,appearance,looks,shelf,book,reading,learning,studying,friends,lunch,together,alone,lonely,sad,isolated,alone,holiday,,,,,,,,,,,,,,,,,,,,,,,,,,,,,,,,,,,,,,,,,,,,,,,,,,,,,,,,,,,,,,,,,,,,,,,,,,,,,,,,,,,,,
1013,,zoo,elephant,lion,tiger,bird,owl,snake,lizard,roach,ladybug,caterpillar,butterfly,cocoon,coon,triangle,square,circle,pentagram,octogon,dodecahedron,shady,breezy,peanut,egg,force,police,siren,kit,emergency,fire,firetruck,house,chimney,fireplace,wood,stoke,please,thanks,swollen,finger,joint,ankle,toe,hand,leg,foot,elbow,shoulder,armpit,stomach,belly,breast,neck,shin,femur,skull,brain,ear,eye,nose,mouth,tongue,tonsils,trumpet,french,horn,piano,violin,viola,cello,bass,oboe,clarinet,flute,piccolo,drums,cymbal,trombone,straight,twisty,curly,mop,broom,sweep,,,,,,,,,,,,,,,,,,,,,,,,,,,,,,,,,,,,,,,,,,,,,,,,,,,,,,,,,,
1014,,rubber,metal,pole,nylon,shoe,sock,car,boat,beard,fish,lemon,pudding,fire,frosted,mug,poultice,poultry,fried,lemony,garlic,corn,beef,hash,pottery,pastry,patriarchal,patrician,parochial,party,parlor,parsnip,parboil,parmesan,parking,parkway,palomino,posture,postman,posted,poster,peppermint,cowl,crown,neckerchief,scarf,ascot,cummerbund,vest,brioche,basted,oil,medium,onion,powder,noodle,breakfast,coffee,pine,pineal,tar,birc,birch,ambergris,musk,civvet,heliotrope,lavender,jasmine,,,,,,,,,,,,,,,,,,,,,,,,,,,,,,,,,,,,,,,,,,,,,,,,,,,,,,,,,,,,,,,,,,,,,,,,,,
1015,,cantelope,flog,nutty,california,black,camera,chimera,park,dinosaur,multi-use,owl,bender,driveway,forage,blank,key,elmo,darkness,quiet,knurl,monkey,lighthouse,free,printer,antlers,shade,twelve,lanyard,hair-do,cull,trash,slick,coo,plinko,blammo,tiger,wind,blind,scissors,pumpkin,abet,clamp,stifle,cellular,hangnail,skyscraper,transmission,noodle,poodle,doodle,frank,ham,sledge,cult,scripture,seized,,,,,,,,,,,,,,,,,,,,,,,,,,,,,,,,,,,,,,,,,,,,,,,,,,,,,,,,,,,,,,,,,,,,,,,,,,,,,,,,,,,,,,
1017,,peach,cherry,grape,thesaurus,space,station,apple,watermelon,quiver,shift,smell,plate,cheese,bread,iron,smelt,medieval,trim,eye,nose,eloquent,perfume,speech,helper,simpleton,drudge,associated,pleeted,chorus,broom,nature,mallet,zoological,aardvark,onion,pathological,reach,gear,tomorrow,sparrow,yurt,inorganic,star,moon,waver,,,,,,,,,,,,,,,,,,,,,,,,,,,,,,,,,,,,,,,,,,,,,,,,,,,,,,,,,,,,,,,,,,,,,,,,,,,,,,,,,,,,,,,,,,,,,,,,,
1018,,red,yellow,orange,space,moon,vast,jupiter,mars,mercury,uranus,pluto,venus,satelite,space,station,stars,naval,comet,shootingstar,kite,air,balloon,pinata,shape,parachute,jet,robot,football,soccer,basketball,points,three,homerun,bases,loaded,rough,ruby,sapphire,diamond,sage,wisdom,booksmart,jeopardy,mystery,gazebo,layout,design,art,movie,actress,actor,set,plot,production,set,giveback,meal,,,,,,,,,,,,,,,,,,,,,,,,,,,,,,,,,,,,,,,,,,,,,,,,,,,,,,,,,,,,,,,,,,,,,,,,,,,,,,,,,,,,,
1019,,geography,planet,sitting,chair,desk,office,supply,state,metropolis,secrets,listen,earlobe,earrings,cookies,caramel,dog,cat,sheep,cows,francophile,federal,central,decentralized,systemic,indicative,heard,glass,tumbler,barstool,sofa,stores,marketplace,technology,computer,mouse,pointer,promise,prelude,day,diety,leash,lard,living,row,comma,semicolon,punctuation,truck,travelling,conversion,rate,reminder,lost,lament,partake,private,probe,secretary,workspace,terminal,console,congratulation,provide,preface,facade,lovely,,,,,,,,,,,,,,,,,,,,,,,,,,,,,,,,,,,,,,,,,,,,,,,,,,,,,,,,,,,,,,,,,,,,,,,,,,,,
1020,,music,trip,travel,plane,cruise,swim,run,jump,hop,sprint,kick,throw,basketball,football,soccer,cricketball,baseball,essay,homework,exam,test,experiment,tutorial,lecture,monster,ghost,evil,zombie,halloween,christmas,easter,president,minister,official,secretary,military,,,,,,,,,,,,,,,,,,,,,,,,,,,,,,,,,,,,,,,,,,,,,,,,,,,,,,,,,,,,,,,,,,,,,,,,,,,,,,,,,,,,,,,,,,,,,,,,,,,,,,,,,,
1021,,cream,cheese,cake,chocolate,icing,deer,mustang,barn,dog,cat,floor,coffee,table,spark,comb,razor,bike,harley,davidson,computer,keyboard,mouse,draw,curtian,draw,string,lamp,shade,bulb,light,yellowstone,ranch,park,ball,tennis,football,basetball,baseball,,,,,,,,,,,,,,,,,,,,,,,,,,,,,,,,,,,,,,,,,,,,,,,,,,,,,,,,,,,,,,,,,,,,,,,,,,,,,,,,,,,,,,,,,,,,,,,,,,,,,,,,
1022,,errand,dog,lot,bench,harry,guitar,drums,native,purple,orange,remote,redio,radio,therapist,skateboard,hammer,noise,errata,jalapeno,pepper,taco,blemish,hickory,wad,clip,jury,announcement,rack,jelly,type,deliver,sharpen,vital,information,,,,,,,,,,,,,,,,,,,,,,,,,,,,,,,,,,,,,,,,,,,,,,,,,,,,,,,,,,,,,,,,,,,,,,,,,,,,,,,,,,,,,,,,,,,,,,,,,,,,,,,,,,,,
1023,,water,can,bottle,phone,receiver,remote,fall,purse,autumn,spring,summer,winter,snow,rain,sun,shine,dog,cat,mouse,cage,hamster,rodent,snake,bird,eagle,hawk,clouds,storm,thunder,lightning,tissue,cotton,sheets,bells,ring,toll,scythe,opinion,mind,talk,think,strategy,game,movement,jump,walk,skip,run,shirt,collar,sweater,jumper,romper,pants,sweat,workout,exercise,tab,capital,lock,nature,green,grass,tree,bush,flowers,rose,daffodil,tulip,rosemary,fennel,thyme,cilantro,pepper,salt,sea,ocean,water,travel,boat,cruise,yacht,ship,,,,,,,,,,,,,,,,,,,,,,,,,,,,,,,,,,,,,,,,,,,,,,,,,,,,,,,,,,,
1025,,chopped,cheese,blind,optical,ears,elucidate,enunciate,eradicate,lurid,elicit,shout,crawl,crumb,tremendous,pine,peer,perspire,senile,staircase,shadow,plaque,lights,envelop,taciturn,obstinate,ornate,ostentacious,baroque,giraffe,genteel,manner,decorum,devise,displace,blanket,scarf,washcloth,tallow,controller,garment,tome,skyline,horse,dog,shelter,,,,,,,,,,,,,,,,,,,,,,,,,,,,,,,,,,,,,,,,,,,,,,,,,,,,,,,,,,,,,,,,,,,,,,,,,,,,,,,,,,,,,,,,,,,,,,,,,
1027,,business,market,liquor,store,plant,trees,salmon,train,view,pacific,oceanside,woods,vacation,plug,outlet,art,work,busy,study,martial,war,pants,shorts,shirt,coat,hat,scarf,glasses,sunglasses,delay,procrastinate,dread,leg,arms,labor,hospital,ambulance,friend,outing,family,withold,withdraw,subtract,lie,music,livelihood,notes,conference,video,files,calculator,chat,coffee,grinds,machine,pizza,lunch,breakfast,,,,,,,,,,,,,,,,,,,,,,,,,,,,,,,,,,,,,,,,,,,,,,,,,,,,,,,,,,,,,,,,,,,,,,,,,,,,,,,,,,,,
1028,,book,shelf,word,story,novel,write,type,cursive,sign,signature,throw,catch,ball,football,drive,touchdown,celebrate,flag,fans,cheer,roar,loud,clap,yell,scream,laugh,fun,smoke,friends,party,drink,run,jump,swim,play,bathe,clean,wash,shampoo,soap,facewash,dry,towel,shower,clean,scrub,relax,pores,television,couch,watch,bright,movie,show,game,blanket,pillow,cusion,window,grass,playing,sunset,sprinkler,weeds,dirt,fence,neighbors,kids,tag,hide,seek,shoes,quiet,sneaky,lap,sky,cloud,wispy,raindrop,storm,hail,damage,broken,winds,howling,cells,organisms,platelets,blood,recessive,genes,heredetary,cancer,,,,,,,,,,,,,,,,,,,,,,,,,,,,,,,,,,,,,,,,,,,,,,,,,
1029,,sinful,perverted,bad,hell,immoral,cruel,inhuman,bad,report,fraud,uncivilized,angry,mad,unwanted,evil,Jesus,pure,kind,loving,honest,civilized,good,ethical,moral,humane,caring,true,beautiful,heaven,angels,throne,eternity,pastor,preacher,church,pew,hymn,choir,peace,joy,love,patience,kindness,goodness,gentleness,selfcontrol,lovely,things,think,on,good,pure,beautiful,family,friends,community,town,small,close,upright,good,citizens,patriotic,healthy,growing,vegetables,fruit,berries,trees,bushes,river,grass,swing,sunshine,love,,,,,,,,,,,,,,,,,,,,,,,,,,,,,,,,,,,,,,,,,,,,,,,,,,,,,,,,,,,,,,,,,,,
1030,,fitness,weights,yoga,running,shoes,sweat,sweatpants,tshirt,treadmill,pavement,goal,basketball,football,soccer,gymnastics,gym,softball,tennis,racket,hockey,puck,silks,pole,dance,mirror,studio,ballet,contemporary,jazz,arts,music,rhythm,clarinet,flute,trumpet,oboe,cello,viola,violin,strings,woodwind,brass,oil,reed,lyre,sheet,paper,stand,piano,keyboard,pedal,keys,note,time,flat,sharp,bass,triangle,marimba,conductor,,,,,,,,,,,,,,,,,,,,,,,,,,,,,,,,,,,,,,,,,,,,,,,,,,,,,,,,,,,,,,,,,,,,,,,,,,,,,,,,,,
1031,,Europe,airplane,turbulence,airport,security,walk,run,skip,smile,hug,tears,love,fly,train,airplane,stroll,canal,river,boat,ship,cruise,captain,steward,waiter,slide,gym,exercise,dumbell,hat,shirt,skirt,dress,shoes,sneakers,trainers,muscular,buff,toned,glasses,sunglasses,collar,arms,eyes,feet,hair,ribbon,braid,brush,spray,curl,eyelash,lipstick,dryer,,,,,,,,,,,,,,,,,,,,,,,,,,,,,,,,,,,,,,,,,,,,,,,,,,,,,,,,,,,,,,,,,,,,,,,,,,,,,,,,,,,,,,,,,
1032,,tiktok,friend,work,chickens,truck,supply,pacra,mum,billboard,light,book,glass,frame,decor,table,dad,drive,lonely,event,love,man,keys,layer,vase,chair,up,door,plate,air,care,pool,fence,time,chrome,trade,money,pillow,towel,sanitizer,shower,light,,,,,,,,,,,,,,,,,,,,,,,,,,,,,,,,,,,,,,,,,,,,,,,,,,,,,,,,,,,,,,,,,,,,,,,,,,,,,,,,,,,,,,,,,,,,,,,,,,,,,
1033,,disaster,fun,weird,mystery,unusual,unknown,questions,answers,paper,tests,dots,marks,grades,ink,red,whiteboard,school,chalk,projector,kids,teachers,lounge,smoking,coffee,dim,hazy,yellow,sky,clouds,rain,drizzle,drench,pour,pore,skin,hair,touch,feel,sensation,mixed,forboding,darkness,mental,hospital,sickness,disease,scans,blood,insurance,denied,expensive,death,alive,awake,sleep,,,,,,,,,,,,,,,,,,,,,,,,,,,,,,,,,,,,,,,,,,,,,,,,,,,,,,,,,,,,,,,,,,,,,,,,,,,,,,,,,,,,,,,
1034,,cat,arm,finger,bark,sand,grass,smoke,pot,car,seat,lighter,television,sky,toes,jar,spark,sheet,fast,sea,shell,broke,big,goldfish,lever,chain,breath,right,button,key,numbers,win,,,,,,,,,,,,,,,,,,,,,,,,,,,,,,,,,,,,,,,,,,,,,,,,,,,,,,,,,,,,,,,,,,,,,,,,,,,,,,,,,,,,,,,,,,,,,,,,,,,,,,,,,,,,,,,
1035,,speaker,mouse,computer,wire,headphone,glasses,box,screwdriver,tissue,waterbottle,kitchen,oven,microwave,water,filter,stove,pans,pots,wok,cups,coffee,machine,table,rice,bear,dog,laptop,watch,phone,wallet,microphone,window,curtains,bed,door,umbrella,clothes,rack,jar,couch,television,bench,vacuum,laundry,dryer,detergent,camera,bush,tree,yard,house,park,chinese,american,lights,lamp,rain,weights,backpack,bag,soda,trashcan,trashbag,knife,towel,shampoo,conditioner,soap,,,,,,,,,,,,,,,,,,,,,,,,,,,,,,,,,,,,,,,,,,,,,,,,,,,,,,,,,,,,,,,,,,,,,,,,,,
1036,,word,ruthless,ruth,you,well,think,label,you,just,good,man,woman,lady,tall,guy,serious,instance,substance,airport,terminal,three,departure,arrival,aircraft,cargo,plane,school,university,program,metal,health,sure,problem,care,always,needed,cuser,cure,tumor,cancer,east,west,north,,,,,,,,,,,,,,,,,,,,,,,,,,,,,,,,,,,,,,,,,,,,,,,,,,,,,,,,,,,,,,,,,,,,,,,,,,,,,,,,,,,,,,,,,,,,,,,,,,,
1037,,Virus,Software,Needle,Cough,Cold,Flu,Crown,Tiara,Cartoon,Comic,Book,Store,Candy,Cherry,Jacket,Coat,Wallet,Pamphlet,Gift,Tooth,Toothbrush,Water,Brush,Bottle,Wood,Handle,Lock,Locker,Locket,Rock,Rocket,Ram,Falcon,Chopstick,Rice,Ice,Snow,Snowflake,Tear,Teardrop,Drop,Rain,Puddle,Backsplash,Splash,String,Can,Tree,Man,Stick,Swan,Seagull,Fish,Knife,Creature,,,,,,,,,,,,,,,,,,,,,,,,,,,,,,,,,,,,,,,,,,,,,,,,,,,,,,,,,,,,,,,,,,,,,,,,,,,,,,,,,,,,,,,
1038,,create,a,job,for,someone,who,needs,it,dont,look,back,you,could,be,in,trouble,tell,your,children,to,go,to,sleep,at,a,good,time,what,do,you,want,for,dinner,i,drive,a,very,fast,car,do,you,eat,vegetables,what,is,your,favorit,song,my,mom,is,sixty,i,like,to,go,on,airplanes,where,do,you,like,to,fly,goldfish,are,delicious,the,food,not,the,actual,fish,do,you,want,to,play,outside,it,is,cpld,cold,out,today,i,cant,wait,for,it,to,snow,but,i,also,like,when,it,is,hot,outside,do,you,want,tos,to,see,a,movie,horror,comedy,romance,thriller,documentary,the,cr,car,is,blac,black,the,boy,is,tall,the,window,is,clear,this,survey,is,never,ending,i,dont,want,to,go,to,work,tomorrow,i
1039,,suspence,boyfriend,endure,rich,great,graceful,agile,water,sand,fuel,car,bike,train,air,plane,jet,sky,light,dark,earth,computer,blouse,naked,funk,worn,just,justice,ice,dream,desire,trust,done,wing,see,seem,query,ghost,job,guy,things,idea,,,,,,,,,,,,,,,,,,,,,,,,,,,,,,,,,,,,,,,,,,,,,,,,,,,,,,,,,,,,,,,,,,,,,,,,,,,,,,,,,,,,,,,,,,,,,,,,,,,,,
1040,,cup,tape,package,gift,bow,present,check,cash,dollar,coin,bird,penguin,flamingo,hotel,room,door,floor,wood,nail,charger,laptop,drawing,paint,brushes,makeup,foundation,cream,shadow,witch,pumpkin,flowers,grass,trees,squirrels,rabbit,sun,moon,stars,sky,cloud,rain,snow,sleet,hail,blizzard,storm,mountain,beach,ocean,sand,bridge,school,bus,train,,,,,,,,,,,,,,,,,,,,,,,,,,,,,,,,,,,,,,,,,,,,,,,,,,,,,,,,,,,,,,,,,,,,,,,,,,,,,,,,,,,,,,,,
1042,,banana,apple,pie,cream,cheese,bagel,tomato,lettuce,onion,salad,potato,steak,chicken,fish,fries,ketchup,mayonnaise,mustard,hamburger,tuna,hotdog,lamb,casserole,pasta,sauce,noodle,brain,head,school,pencil,student,teacher,backpack,book,desk,chair,door,window,sky,cloud,rain,snow,plow,shovel,skate,sled,sleigh,bell,stocking,present,gift,ribbon,,,,,,,,,,,,,,,,,,,,,,,,,,,,,,,,,,,,,,,,,,,,,,,,,,,,,,,,,,,,,,,,,,,,,,,,,,,,,,,,,,,,,,,,,,
1043,,brain,fart,bird,tree,heffa,cow,man,woman,them,thye,they,thyeme,basil,leaves,hats,cars,boats,rabbits,mouse,mice,geese,goose,wake,alarm,silence,Bosnia,Syria,Africa,Brazil,Argentina,homeless,puppy,pup,hotdogs,silver,gold,elements,metal,alumunium,apartment,tire,rims,brims,cattle,fish,diary,milk,cream,mindfulness,hospitals,resume,cover,letter,lettuce,rest,bathtub,scroller,never,names,toddler,fence,toddler,pamphlet,heat,cold,wizard,hazzard,harassment,tomorrow,today,there,their,whos,how,who,,,,,,,,,,,,,,,,,,,,,,,,,,,,,,,,,,,,,,,,,,,,,,,,,,,,,,,,,,,,,,,,,,,
1044,,brown,green,red,white,heater,window,blanet,lamp,bulb,flower,bee,library,sofa,black,headband,light,switch,ball,bat,football,fur,stomach,heart,arm,body,sex,game,final,mystery,comedy,silver,gold,good,better,best,road,dryer,washer,thermostat,thermometer,alarm,hospital,plug,electricity,hole,coyote,,,,,,,,,,,,,,,,,,,,,,,,,,,,,,,,,,,,,,,,,,,,,,,,,,,,,,,,,,,,,,,,,,,,,,,,,,,,,,,,,,,,,,,,,,,,,,,,
1046,,how,see,time,cook,cookie,real,keep,peep,dress,home,trim,shave,care,carry,mail,wear,water,help,joke,cope,reek,leak,pipe,line,waiter,cooking,quiet,quick,fast,slow,motor,fish,pole,game,board,card,peak,power,chain,saw,knife,tool,screw,apple,ape,money,under,undo,eat,east,ear,finger,,,,,,,,,,,,,,,,,,,,,,,,,,,,,,,,,,,,,,,,,,,,,,,,,,,,,,,,,,,,,,,,,,,,,,,,,,,,,,,,,,,,,,,,,,
1050,,brown,table,end,game,time,out,stand,up,rising,moon,landing,job,fair,game,time,machine,wash,clothes,pin,up,roar,sound,board,waved,runner,up,rising,sun,burn,out,fron,bumper,,,,,,,,,,,,,,,,,,,,,,,,,,,,,,,,,,,,,,,,,,,,,,,,,,,,,,,,,,,,,,,,,,,,,,,,,,,,,,,,,,,,,,,,,,,,,,,,,,,,,,,,,,,,,,
1051,,animal,cow,doctor,nurse,receiver,football,basketball,hockey,soccer,shield,t-shirt,jeans,blouse,pants,dress,shoes,stairs,story,marker,student,teacher,door,runner,sidewalk,street,highway,bus,airplane,train,car,tree,flower,soil,vegetable,couch,business,glass,police,soldier,plastic,iron,tablet,shoes,,,,,,,,,,,,,,,,,,,,,,,,,,,,,,,,,,,,,,,,,,,,,,,,,,,,,,,,,,,,,,,,,,,,,,,,,,,,,,,,,,,,,,,,,,,,,,,,,,,
1052,,house,room,bedroom,closet,clothing,shoes,rug,pictures,ceiling,attic,basement,kitchen,bathroom,sink,bat,bath,shower,stall,towel,soap,shampoo,water,dry,off,dress,shave,brush,teeth,rinse,floss,comb,hair,clean,ears,qtips,drive,work,coffee,laptop,focus,project,presentation,need,to,practice,rehearse,letters,boss,review,tomorrow,good,bad,hard,unsure,distracted,eyes,blond,tall,glasses,sweet,kind,smart,,,,,,,,,,,,,,,,,,,,,,,,,,,,,,,,,,,,,,,,,,,,,,,,,,,,,,,,,,,,,,,,,,,,,,,,,,,,,,,,
1054,,table,paper,pen,letter,school,bus,yellow,parrot,bird,jungle,tree,bear,honey,tree,honeycomb,bee,flowers,field,clover,mountains,ice,snow,december,Christmas,christmastree,ornaments,presents,wrappingpaper,snow,evening,,,,,,,,,,,,,,,,,,,,,,,,,,,,,,,,,,,,,,,,,,,,,,,,,,,,,,,,,,,,,,,,,,,,,,,,,,,,,,,,,,,,,,,,,,,,,,,,,,,,,,,,,,,,,,,,
1055,,witch,green,brroom,nose,halloween,cats,black,candy,reeses,twix,house,stairs,dark,night,kids,neighbors,hast,hats,cats,mats,flats,tats,fats,pats,rats,mats,kats,zats,doll,house,barbie,house,pink,heels,car,slide,playground,swing,tunnel,wheel,swings,walk,run,hik,hike,skip,trail,water,nose,ears,arms,legs,feet,eyes,teeth,feet,shoes,socks,pants,,,,,,,,,,,,,,,,,,,,,,,,,,,,,,,,,,,,,,,,,,,,,,,,,,,,,,,,,,,,,,,,,,,,,,,,,,,,,,,,,,,
1056,,cloud,sky,blue,rain,water,snow,bird,crow,owl,eagle,hornet,wasp,bee,hive,grass,brick,concrete,city,country,mouse,rat,cat,dog,alligator,cricket,frog,lice,hedge,bush,shovel,hoe,rack,basket,bag,groceries,card,holiday,world,light,darkness,flash,bulb,computer,bed,pillow,hot,cold,warm,today,tomorrow,yesterday,present,future,,,,,,,,,,,,,,,,,,,,,,,,,,,,,,,,,,,,,,,,,,,,,,,,,,,,,,,,,,,,,,,,,,,,,,,,,,,,,,,,,,,,,,,,,
1057,,close,chain,babies,love,perfect,tone,singing,lust,hunger,faster,funny,joking,polished,salty,waving,vertical,blouse,bunnies,money,chimney,fires,willows,trunks,beaches,fans,walking,dress,quiz,teacher,lamps,money,purse,kite,groceries,happiness,cardigan,ducks,orange,frosty,snowy,bank,forest,lumber,widen,smoke,query,stage,box,friday,homes,jumper,trucks,study,trunk,ghastly,,,,,,,,,,,,,,,,,,,,,,,,,,,,,,,,,,,,,,,,,,,,,,,,,,,,,,,,,,,,,,,,,,,,,,,,,,,,,,,,,,,,,,,
1058,,upgrade,crew,fight,battle,many,women,trash,there,mafia,city,coin,nike,hammer,chair,keys,lighter,paint,drawer,hurry,television,lawnmower,license,magnet,map,computer,survey,daughter,refrigerator ,president,wand,,,,,,,,,,,,,,,,,,,,,,,,,,,,,,,,,,,,,,,,,,,,,,,,,,,,,,,,,,,,,,,,,,,,,,,,,,,,,,,,,,,,,,,,,,,,,,,,,,,,,,,,,,,,,,,,
1059,,infrastructure,relevant,see,hear,no,evil,monkey,apes,gorilla,streetsign,tanner,crossing,schol,district,highschool,mess,develop,coordinate,program,research,economy,war,missile,nuclear,ground,boots,soldiers,wll,wall,will,president,minister,prime,hair,black,old,young,new,bricks,wood,plastic,shingles,stone,rock,country,airport,immigration,check,student,teacher,professor,boss,janitor,clean,bathroom,bedroom,toilet,attic,basement,floor,sill,climbing,crawling,creeping,insects,scorpions,drainage,sink,blocked,clogged,soap,scum,wipe,scrub,cook,clean,mood,,,,,,,,,,,,,,,,,,,,,,,,,,,,,,,,,,,,,,,,,,,,,,,,,,,,,,,,,,,,,,,,,
1060,,game,holiday,family,together,airplane,airport,road,track,racecar,tires,plug,garage,roof,chimney,coffee,blanket,movie,popcorn,shirt,tie,operation,hospital,hallway,closet,hanger,fireplace,window,clock,midnight,shutters,modem,idea,puzzle,cafe,trail,dogs,collar,leash,tennis,trainers,bicycle,gold,foil,golf,doll,tree,explain,hurry,downtown,,,,,,,,,,,,,,,,,,,,,,,,,,,,,,,,,,,,,,,,,,,,,,,,,,,,,,,,,,,,,,,,,,,,,,,,,,,,,,,,,,,,,,,,,,,,,
1062,,supermarket,desk,computer,light,foot,plastic,doll,gun,window,sunglasses,teeth,eyes,hair,dance,oxygen,platinum,gold,silver,cant,dont,waste,time,truck,brand,club,dance,music,switch,beans,rice,soup,steak,shrimp,chicken,lasagna,pasta,macaroni,chocolate,seasoning,pepper,salt,paprika,cumin,spice,fries,burger,bun,tomato,ketchup,onion,pickle,beef,cheese,cream,ice,cow,horse,car,zombie,bandana,smoke,,,,,,,,,,,,,,,,,,,,,,,,,,,,,,,,,,,,,,,,,,,,,,,,,,,,,,,,,,,,,,,,,,,,,,,,,,,,,,,,,
1063,,cup,dirt,mud,ring,ghost,grass,mower,ovie,floor,plane,jet,lake,bear,lid,cow,dad,pin,lap,doll,movie,dancer,calculator,dish,,,,,,,,,,,,,,,,,,,,,,,,,,,,,,,,,,,,,,,,,,,,,,,,,,,,,,,,,,,,,,,,,,,,,,,,,,,,,,,,,,,,,,,,,,,,,,,,,,,,,,,,,,,,,,,,,,,,,,,
1064,,orchard,fruit,apple,strawberry,blueberry,grape,orange,lemon,rainbow,trip,tour,suitcase,airplane,cloud,wing,seat,magazine,fly,sail,swim,carnival,cotton,candy,summer,night,breeze,carousel,horse,cow,chicken,sheep,farm,grass,hay,cat,dog,pet,litter,puppy,kitten,hamster,cage,fish,soft,fur,hair,comfort,sofa,rocking,chair,television,movie,film,comedy,drama,fantasy,romance,documentary,novel,book,read,relax,tea,coffee,chocolate,vanilla,strawberry,ice,cream,float,sundae,sprinkle,laugh,cheer,smile,fun,warm,cold,happy,face,hair,eye,mouth,kiss,makeup,cosmetic,lipstick,mascara,shadow,foundation,concealer,pen,pencil,art,eraser,marker,paint,acrylic,canvas,easel,washable,color,draw,,,,,,,,,,,,,,,,,,,,,,,,,,,,,,,,,,,,,,,
1065,,camping,snow,shards,glass,frankly,partner,small,direct,pancake,splatter,pitter,patter,flatter,flitter,matter,connection,phallacy,smite,marketing,moonbeams,planks,snafu,popular,canopy,banana,filing,tomorrow,smoldering,canopy,canape,folder,computer,packed,typing,tornado,celibacy,phone,cord,cattle,fried,ice,storm,thunder,lightning,potato,fart,fortnight,cobbler,candlestick,butcher,baker,maker,potbelly,packer,simple,simon,standing,room,meeting,conference,tackle,football,right,left,middle,upper,downwards,sunshine,,,,,,,,,,,,,,,,,,,,,,,,,,,,,,,,,,,,,,,,,,,,,,,,,,,,,,,,,,,,,,,,,,,,,,,,,,
1066,,strawberry,berry,apple,orange,banana,grape,grapefruit,pineapple,kiwi,peach,bottle,glass,cupboard,shelf,medicine,plate,fork,spoon,knife,bread,pizza,hamburger,cheese,cake,brownie,toast,bagel,waffle,pancake,restaurant,cafe,dinner,lunch,brunch,breakfast,run,jump,skip,walk,hop,fall,trip,vacation,getaway,country,beach,state,city,county,country,town,village,mayor,municipal,governor,senator,councilman,congress,president,secretary,boss,employee,computer,,,,,,,,,,,,,,,,,,,,,,,,,,,,,,,,,,,,,,,,,,,,,,,,,,,,,,,,,,,,,,,,,,,,,,,,,,,,,,,
1067,,fly,air,cold,snow,crisp,low,mud,trunk,elephant,safari,ladder,time,leopard,danger,close,ticking,who,woman,girl,shower,broken,dream,tree,hide,man,show,free,win,run,save,safety,control,sparse,blank,crib,roof,ski,trip,,,,,,,,,,,,,,,,,,,,,,,,,,,,,,,,,,,,,,,,,,,,,,,,,,,,,,,,,,,,,,,,,,,,,,,,,,,,,,,,,,,,,,,,,,,,,,,,,,,,,,,,
1068,,craissant,pineapple,goat,dolphin,ocean,boat,jingle,things,first,garage,virgin,hand,rail,keep,lingo,forrest,paper,tree,pine,crane,dinosaur,restaurant,place,dance,sew,sewer,truth,tango,dance,ballet,prepel,perspective,heaven,clouds,person,daughter,family,son,gate,refuse,word,going,lesson,teacher,professor,student,college,school,writing,homework,response,question,wrestle,garden,mango,beep,car,truck,airplane,drive,engine,hanger,greet,house,door,purse,pen,pencil,board,grass,light,traffic,hate,repel,kill,person,people,under,umbrella,store,,,,,,,,,,,,,,,,,,,,,,,,,,,,,,,,,,,,,,,,,,,,,,,,,,,,,,,,,,,,,,
1069,,game,fun,cat,mouse,sounds,heater,socks,shoes,watch,phone,controller,remote,laptop,television,xbox,fortnite,bag,pumpkin,shorts,pants,sweatshirt,vape,fan,door,window,coffee,water,chair,jacket,flannel,dresser,desk,charger,paper,pencil,scissors,wallet,keys,movie,keyboard,soda,chewing,dark,space,universe,planets,time,story,study,fortnite,,,,,,,,,,,,,,,,,,,,,,,,,,,,,,,,,,,,,,,,,,,,,,,,,,,,,,,,,,,,,,,,,,,,,,,,,,,,,,,,,,,,,,,,,,,,
1070,,store,money,boat,lamp,apartment,door,garage,dirt,grass,towels,spa,swim,pool,party,dance,football,basketball,tennis,sports,boxing,puzzles,games,books,reading,library,suitcase,airplane,airport,lottery,alarm,job,screen,movie,theater,,,,,,,,,,,,,,,,,,,,,,,,,,,,,,,,,,,,,,,,,,,,,,,,,,,,,,,,,,,,,,,,,,,,,,,,,,,,,,,,,,,,,,,,,,,,,,,,,,,,,,,,,,,,
1071,,food,spaghetti,banana,apples,oranges,fruit,berries,strawberries,games,video,anime,action,thriller,horror,comedy,romance,cuisines,african,mexican,spanish,language,english,china,map,world,globe,global,goblin,monsters,ghosts,violins,clarinets,saxophones,flutes,oboes,bassoons,baritone,alto,soprano,french,horn,tuba,trombone,trumpet,flat,bee,butterfly,insects,cars,planes,animals,arms,chains,charms,farms,sand,land,man,woman,can,dance,intimidate,date,calendar,year,week,month,decade,century,space,pluto,mars,jupiters,saturn,earth,moon,sun,pluto,stars,asteroids,lunar,marriage,breakfast,lunch,dinner,supper,snack,dessert,desert,biome,environment,weather,rain,snow,stormy,thunder,thunderstorm,lightning,tornado,hurricane,natural,disaster,water,soda,bottle,,,,,,,,,,,,,,,,,,,,,,,,,,,,,,,,,,,,,
1072,,ocal,for,oral,reain,rain,wind,great,sore,some,return,heavenhell,downup,stair,step,hot,cold,fold,old,gold,rolled,real,fake,make,take,shake,rate,socia;,alone,bowl,coal,stole,roll,join,leave,come,go,lost,found,round,sound,around,kind,find,mind,rind,ring,fling,sing,plink,think,sink,floor,mat,water,wave,storm,have,should,core,bore,chore,nor,,,,,,,,,,,,,,,,,,,,,,,,,,,,,,,,,,,,,,,,,,,,,,,,,,,,,,,,,,,,,,,,,,,,,,,,,,,,,,,,
1073,,horse,emerald,cigarette,needle,bandage,carseat,phone,tire,ruby,screen,xbox,fountain,bowl,vacuum,toilet,room,umbrella,comb,key,shower,cabinet,any,bounce,,,,,,,,,,,,,,,,,,,,,,,,,,,,,,,,,,,,,,,,,,,,,,,,,,,,,,,,,,,,,,,,,,,,,,,,,,,,,,,,,,,,,,,,,,,,,,,,,,,,,,,,,,,,,,,,,,,,,,,
1074,,Windy,wind,breeze,fate,possession,demon,cart,hat,clippers,nail,finger,toe,grass,wheat,beef,bar,store,window,front,cover,surface,lamp,light,stretch,doctor,small,time,worm,ant,insect,spider,blanket,fan,tape,cut,conceal,bus,driver,car,skateboard,ice,water,bucket,pail,siren,police,road,dirt,gravel,tar,fossil,ancient,headdress,coat,jacket,brush,toothpaste,wax,gum,lamb,dog,pitch,black,rag,shoes,fork,spoon,knife,sharp,edge,,,,,,,,,,,,,,,,,,,,,,,,,,,,,,,,,,,,,,,,,,,,,,,,,,,,,,,,,,,,,,,,,,,,,,,,
1075,,games,dresser,clothes,pop,shower,bed,clean,controller,purse,horse,candy,apple',work,drive,walk,run,bored,lap,infection,dirty,cigarette,need,tree,coat,pants,vacum,shoes,pay,storage,bruise,doctor,ouch,hurry,bored,experince,table,,,,,,,,,,,,,,,,,,,,,,,,,,,,,,,,,,,,,,,,,,,,,,,,,,,,,,,,,,,,,,,,,,,,,,,,,,,,,,,,,,,,,,,,,,,,,,,,,,,,,,,,,,
1076,,house,horse,yard,tree,car,wind,cloud,pan,window,walkway,road,bush,computer,printer,paper,pen,pencil,tape,stapler,dvd,radio,seat,couch,chair,rug,floor,towel,pool,chlorine,shed,lawnmower,shovel,hammer,belt,socks,razor,bra,pants,shirt,shorts,skirt,sweater,table,tv,tile,wood,oven,microwave,stove,faucet,dishtowel,fork,spoon,glass,plate,butter,meat,freezer,washingmachine,dryer,basket,treadmill,bike,swimsuit,gas,water,snake,bug,grass,clouds,tree,garden,fence,,,,,,,,,,,,,,,,,,,,,,,,,,,,,,,,,,,,,,,,,,,,,,,,,,,,,,,,,,,,,,,,,,,,,
1077,,marker,board,carnival,food,study,pencil,sharpener,nail,walk,grate,scone,shout,gum,tall,show,bar,sound,paper,holder,man,juice,lid,swat,metal,hare,dog,glass,flash,battery,wheel,clip,pony,rope,listen,cereal,headband,box,spray,notepad,paperclip,curtain,shelf,noodle,pen,white,controller,scoop,lotion,table,shine,plane,pier,,,,,,,,,,,,,,,,,,,,,,,,,,,,,,,,,,,,,,,,,,,,,,,,,,,,,,,,,,,,,,,,,,,,,,,,,,,,,,,,,,,,,,,,,,
1078,,rain,wind,leaves,cold,dirty,chairs,roof,shingles,single,notebook,cards,pen,mug,plastic,driveway,lamp,lights,dim,shutters,afternoon,fog,overcast,planter,tree,screen,desk,elliptical,gym,fitness,weight,muscles,social,shopping,sweatpants,jeans,shirt,sweater,bag,sunglasses,door,bat,vampire,spooky,,,,,,,,,,,,,,,,,,,,,,,,,,,,,,,,,,,,,,,,,,,,,,,,,,,,,,,,,,,,,,,,,,,,,,,,,,,,,,,,,,,,,,,,,,,,,,,,,,,
1079,,farce,comedy,drama,mask,korean,skincare,moisturizer,lotion,skin,chicken,scared,afraid,fear,monger,mongoose,goose,butt,booty,call,phone,landline,landslide,mudslide,chocolate,bar,pub,tab,keyboard,piano,chord,vocal,voice,student,school,learn,teach,practice,doctor,office,desk,student,learner,knowledge,power,love,note,paper,plastic,tupperware,leftover,extra,headline,newspaper,article,clothing,shirt,pants,butt,rump,roast,hot,sticky,syrup,pancakes,waffles,change,quarter,half,full,empty,gas,fart,bubble,squeak,mouse,mice,nutcracker,walnut,oak,elm,street,sign,signature,autograph,celebrity,famous,,,,,,,,,,,,,,,,,,,,,,,,,,,,,,,,,,,,,,,,,,,,,,,,,,,,,,,,
1080,,rice,cheese,ham,eggs,bread,milk,butter,pop,music,country,rap,hiphop,hockey,football,Halloween,scary,test,hear,me,out,yes,no,sorta,listen,window,water,swimming,outside,yard,deer,fish,crazy,dead,killer,mask,him,he,she,tell,dad,mom,grandpa,math,english,reading,pickles,apple,orangw,orange,blue,white,black,asian,mexican,american,indian,irish,seat,couch,car,,,,,,,,,,,,,,,,,,,,,,,,,,,,,,,,,,,,,,,,,,,,,,,,,,,,,,,,,,,,,,,,,,,,,,,,,,,,,,,,,,
1082,,apple,pear,highway,beggar,restuarant,fish,bread,soda,water,ale,wine,popsicle,mouse,cat,dog,garden,window,weird,serious,police,clear,degrees,cold,hot,warm,court,macaroni,greed,money,glasses,suit,sunday,lean,price,firm,choose,finciawhale,surfboard,surf,kid,child,robot,tomatoes,,,,,,,,,,,,,,,,,,,,,,,,,,,,,,,,,,,,,,,,,,,,,,,,,,,,,,,,,,,,,,,,,,,,,,,,,,,,,,,,,,,,,,,,,,,,,,,,,,,
1084,,happy,sad,wilted,lettuce,banana,tickle,feet,murder,liver,organs,chance,trippy,lamppost,bike,saddle,horse,leave,ranch,see,sea,why,coat,bit,read,write,home,sit,pillow,table,bag,garbage,when,list,groceries,feet,nails,paint,art,artistry,drawing,hammock,river,lazy,chaperone,hamper,laundry,washing,drying,curly,bonnet,cinnamon,wordy,feasible,terrible,hop,skating,dancing,party,teepee,mountains,hike,trail,feminine,entirety,teacup,bottle,chores,have,be,tell,wince,,,,,,,,,,,,,,,,,,,,,,,,,,,,,,,,,,,,,,,,,,,,,,,,,,,,,,,,,,,,,,,,,,,,,,,
1085,,apple,banana,pear,broccoli,lettuce,peas,beans,rice,potatoes,bread,cats,dogs,rats,iguanas,lizards,birds,parrots,fish,whales,dolphins,eagles,football,baseball,winter,snow,snowboarding,surfing,biking,jousting,gymnastics,guitar,tritones,glissandos,frequencies,compressors,reverberation,boxes,trees,windows,windowsill,floorboards,doorknob,trailer,truck,stoplight,sewer,lightbulb,smile,elephant,,,,,,,,,,,,,,,,,,,,,,,,,,,,,,,,,,,,,,,,,,,,,,,,,,,,,,,,,,,,,,,,,,,,,,,,,,,,,,,,,,,,,,,,,,,,,
1086,,apple,banana,corn,ear,dirt,pan,queen,king,joker,prince,princess,dark,lamp,light,eyes,sound,fox,turtle,fish,fan,lamp,sponge,cord,cellphone,capstick,jacket,sweater,dvd,case,bottle,beer,coke,pepsi,vanilla,ball,dumbell,switch,game,cream,laptop,tv,remote,medication,candy,pen,pencil,shoes,,,,,,,,,,,,,,,,,,,,,,,,,,,,,,,,,,,,,,,,,,,,,,,,,,,,,,,,,,,,,,,,,,,,,,,,,,,,,,,,,,,,,,,,,,,,,,,
1089,,chickpea,protein,healthy,facebook,dinner,chicken,spicy,potato,mashed,spinner,lettuce,blueberry,grocery,store,chips,fries,sweet,dog,plate,fork,spoon,bear,black,birthday,two,celebrate,party,halloween,costume,race,car,driver,fast,speed,motorcycle,rainbow,color,red,gren,christmas,presents,wrapping,paper,shopping,holiday,pants,sweater,budget,expensive,years,past,pink,hot,weather,sun,vacation,tanning,pool,swim,period,red,blood,pad,tampon,reusable,recycle,plastic,truck,garbage,crying,tears,baby,son,boy,doh,dresser,white,furtniturec,credit,paid,happy,relieved,bread,baking,flour,vase,glas,flowers,birthday,,,,,,,,,,,,,,,,,,,,,,,,,,,,,,,,,,,,,,,,,,,,,,,,,,,,,
1090,,factor,coffee,twitter,feet,desk,whale,enormous,hospital,motorbike,fart,boombastic,rag,alone,tree,shrub,dog,love,animals,hope,wade,electricity,clean,busted,soda,refreshment,salad,tomato,potato,delicious,grub,snub,cater,delivery,amazon,moisturizer,hanger,brown,dust,soil,fertilizer,crazy,help,peace,deep,rock,waves,serenity,dance,disco,ballroom,mideval,,,,,,,,,,,,,,,,,,,,,,,,,,,,,,,,,,,,,,,,,,,,,,,,,,,,,,,,,,,,,,,,,,,,,,,,,,,,,,,,,,,,,,,,,,,
1091,,laundry,map,wall,tire,freckles,pillows,whistle,palm,fence,bowtie,arrow,chess,tired,clay,giraffe,sand,saturn,nebula,infinity,soap,shredder,file,,,,,,,,,,,,,,,,,,,,,,,,,,,,,,,,,,,,,,,,,,,,,,,,,,,,,,,,,,,,,,,,,,,,,,,,,,,,,,,,,,,,,,,,,,,,,,,,,,,,,,,,,,,,,,,,,,,,,,,,
1092,,dog,bed,sleep,dream,clouds,sky,blue,carpet,floor,wood,trees,grass,lawnmower,tractor,farming,corn,feed,pigs,pork,slaughter,cook,dinner,lunch,breakfast,oatmeal,wheat,farm,sheep,herd,cattle,horse,cowboy,west,wild,mountain,stream,hike,camp,car,drive,highway,speed,ticket,police,crash,accident,jail,court,judge,,,,,,,,,,,,,,,,,,,,,,,,,,,,,,,,,,,,,,,,,,,,,,,,,,,,,,,,,,,,,,,,,,,,,,,,,,,,,,,,,,,,,,,,,,,,,
1093,,blanket,cup,mug,book,astronomy,jupiter,venus,mars,earth,mercury,saturn,uranus,pluto,asteroids,galaxy,computer,keyboard,nails,polish,bottle,milkyway,beans,rice,salsa,tortilla,candle,tank,stand,door,handle,social,media,box,soft,hard,grey,gray,shelf,bell,conditioner,shampoo,soap,jar,money,survey,news,author,booklet,pamphlet,television,wall,light,sports,,,,,,,,,,,,,,,,,,,,,,,,,,,,,,,,,,,,,,,,,,,,,,,,,,,,,,,,,,,,,,,,,,,,,,,,,,,,,,,,,,,,,,,,,
1094,,supplement,powder,tea,health,examination,conclusion,goal,plan,missed,hat,cap,shirt,jeans,khakis,blazer,socks,bowler,sneakers,flats,heels,loafers,slippers,slip,dress,gown,silk,satin,cotton,nylon,polyester,wool,alpaca,sheep,lamb,cow,llama,goat,horse,pony,kid,kitten,puppy,foal,doe,buck,hen,chicken,rooster,egg,embryo,fertilize,scramble,lay,gestation,bird,hawk,falcon,raven,sparrow,warbler,tweet,whistle,chirp,screech,trill,meow,bark,,,,,,,,,,,,,,,,,,,,,,,,,,,,,,,,,,,,,,,,,,,,,,,,,,,,,,,,,,,,,,,,,,,,,,,,,,,
1095,,sky,light,sword,table,lamp,desk,wall,chair,rug,oven,table,nightstand,craft,ornament,tree,lights,halloween,orange,black,mirror,fireplace,blinds,doorknob,closet,shelves,toilet,bathroom,tub,shower,sink,tile,floor,insulation,attic,pavement,pergola,steps,compost,pepper,salt,burrito,milk,orangejuice,freezer,cherries,strawberries,pears,bananas,apples,peaches,plums,raisens,creamcheese,peanutbutter,jelly,bread,rolls,turkey,ham,beef,chicken,rice,potatoes,vanilla,chocolate,icecream,dongle,screen,climb,rock,mountain,cabin,tent,mansion,door,alarm,great,grate,,,,,,,,,,,,,,,,,,,,,,,,,,,,,,,,,,,,,,,,,,,,,,,,,,,,,,,,,,,,,,,,
1096,,bird,sound,cage,room,nap,bed,window,sun,afternoon,hallway,radio,music,classical,flag,outside,orange,fall,leaves,shed,tools,lights,remote,game,television,show,peaks,old,favorite,halls,tiles,curtain,man,suit,black,red,lost,scared,coffee,detective,woman,dress,anyways,hands,eyes,white,fear,death,hope,revival,owls,secrets,mystery,father,daughter,flowers,chip,club,secret,motel,,,,,,,,,,,,,,,,,,,,,,,,,,,,,,,,,,,,,,,,,,,,,,,,,,,,,,,,,,,,,,,,,,,,,,,,,,,,,,,,,,,
1097,,Space,Moon,Earth,Sun,Saturn,Valley,Plains,Houses,Lake,Cave,Tundra,Desert,Mesa,Forest,Jungle,Vines,Ape,Tiger,Lion,Cat,Kitten,Puppy,Pet,Love,Care,Hobby,Animation,Reading,Writing,Neptune,Uranus,Pluto,Yearn,Rocket,Fly,,,,,,,,,,,,,,,,,,,,,,,,,,,,,,,,,,,,,,,,,,,,,,,,,,,,,,,,,,,,,,,,,,,,,,,,,,,,,,,,,,,,,,,,,,,,,,,,,,,,,,,,,,,
1098,,Letters,Symbols,Arabic,History,Ancient,Rome,Empire,Ceasar,Alexander,Great,Philosophers,Artists,Sculptures,White,Stone,Mountains,limestone,Minecraft,blocks,buildings,Archetecture,Skyscrapers,Towers,Dubai,Desert,Camel,Egypt,Africa,Madagascar,Animals,People,hunters,caves,tools,neanderthal,humans,cold,fur,jackets,clothes,Mink,mongoose,snakes,honeybadger,bees,,,,,,,,,,,,,,,,,,,,,,,,,,,,,,,,,,,,,,,,,,,,,,,,,,,,,,,,,,,,,,,,,,,,,,,,,,,,,,,,,,,,,,,,,,,,,,,,,
1099,,chair,stone,rock,friend,afternoon,sun,light,flashlight,shine,wax,car,clean,shower,soap,ivory,elephant,tusk,savannah,lion,prarie,buffalo,rug,carpet,floor,wood,lumber,tree,house,roof,tin,rain,sleep,pillow,blanket,down,jacket,winter,sled,hill,slide,playground,swing,play,theater,acting,pretend,,,,,,,,,,,,,,,,,,,,,,,,,,,,,,,,,,,,,,,,,,,,,,,,,,,,,,,,,,,,,,,,,,,,,,,,,,,,,,,,,,,,,,,,,,,,,,,,
1100,,air,oxygen,carbon,ozone,planet,earth,pluto,venus,mars,stars,darkness,child,bib,baby,crib,clothes,shoes,ball,toys,swing,vacuum,text,shopping,cart,floor,food,check,out,in,up,down,wheel,car,bee,butterfly,garden,flower,soil,dirt,weed,grass,leaves,garderer,bin,tube,gate,lion,hyena,painted,dog,parrot,bird,chickadee,humming,bee,water,rain,train,car,wagon,,,,,,,,,,,,,,,,,,,,,,,,,,,,,,,,,,,,,,,,,,,,,,,,,,,,,,,,,,,,,,,,,,,,,,,,,,,,,,,,,,
1101,,bottle,rent,tenant,sheetrock,mud,ceiling,washer,dryer,floor,paint,stove,pictures,listings,ads,portal,friend,lease,pay,money,dollars,furnish,furniture,bathroom,good,bed,need,work,fly,rain,thunder,cloud,rainbow,weather,boyfriend,over,plant,pot,dog,karma,noodle,hay,feed,credit,bill,window,tree,leaves,respond,communication,appliances,repair,when,done,complete,finish,abundance,yes,desk,purse,wallet,phone,vaporizor,star,ship,sky,planets,astronomy,astronomical,art,original,unique,weather,sun,annoying,hate,calculator,tabs,pad,wheels,strap,,,,,,,,,,,,,,,,,,,,,,,,,,,,,,,,,,,,,,,,,,,,,,,,,,,,,,,,,,,,,,
1102,,chicken,eat,food,dinner,rice,pot,fire,stew,steam,corn,oats,pea,oil,egg,bread,gravy,potatoes,chili,hotdog,steak,hamburger,bun,cheese,fried,baked,pie,apple,banana,mint,parsley,oregano,divide,dine,lights,lemon,pear,prince,sheet,sat,table,fork,spoon,knife,rake,pumpkin,leaves,let,net,fish,fur,dog,cat,room,worn,lattice,lettuce,make,baker,donut,plum,mace,shrimp,hamburger,tomato,mayonnaise,mustard,ketchup,,,,,,,,,,,,,,,,,,,,,,,,,,,,,,,,,,,,,,,,,,,,,,,,,,,,,,,,,,,,,,,,,,,,,,,,,,,
1103,,school,math,english,science,algebra,geometry,writing,math,pe,music,art,painting,sculpting,drawing,ink,charcoal,pastels,bold,grill,porch,deck,chair,table,tablecloth,spoon,fork,dinner,lunch,breakfast,plate,napkin,laundry,detergent,floor,refrigerator,oven,over,microwave,counter,granite,shiny,sprakle,sparkle,tv,salad,beef,chicken,broccoli,asparagus,cheese,yogurt,icecream,popsicle,waffle,pancake,maple,syrup,and,eggs,bacon,milk,chocolate,banana,grapefruit,orange,lemon,lime,squash,racket,game,ball,,,,,,,,,,,,,,,,,,,,,,,,,,,,,,,,,,,,,,,,,,,,,,,,,,,,,,,,,,,,,,,,,,,,,,,
1104,,dog,cat,bowl,chair,couch,shoes,sandels,keys,glasses,case,paper,clipboard,cap,hair,letter,kleenex,sofa,clock,TV,DVD,CD,daughter,uncle,table,lamp,game,button,eye,box,door,glass,porch,tree,bush,flower,seed,headphones,magazine,music,brush,crayon,siren,blanket,pants,short,long,tall,small,mirror,door,pillow,,,,,,,,,,,,,,,,,,,,,,,,,,,,,,,,,,,,,,,,,,,,,,,,,,,,,,,,,,,,,,,,,,,,,,,,,,,,,,,,,,,,,,,,,,,
1105,,puppies,group,competition,tricks,jumping,climbing,juggling,clowns,colorful,paint,canvas,art,abstract,faces,surreal,aftermath,disaster,tsunami,wave,ocean,vast,warm,asian,tropical,palms,california,expensive,shallow,past,moving,travel,experiences,settling,aging,life,love,family,girlfriend,wife,pets,dog,cat,,,,,,,,,,,,,,,,,,,,,,,,,,,,,,,,,,,,,,,,,,,,,,,,,,,,,,,,,,,,,,,,,,,,,,,,,,,,,,,,,,,,,,,,,,,,,,,,,,,,
1106,,alphabet,seven,eleven,keyboard,mouse,computer,video,game,spear,sword,cat,deer,donkey,zebra,rhino,elk,moose,snow,rain,sleet,ice,natural,percent,road,skincare,moisturizer,cleanser,toner,exfoliant,brush,comb,shampoo,conditioner,hairspray,ponytail,braid,mohawk,shoelace,converse,vans,adidas,shoe,boot,bigfoot,dark,moon,sun,clouds,earphones,music,smoke,fire,fan,lights,art,frame,painting,drawing,college,classes,morning,afternoon,night,evening,midnight,eyes,whiskers,glasses,doctor,surgery,hospital,nose,ears,hair,chin,cheeks,legs,arms,feet,socks,shoes,dress,hallway,,,,,,,,,,,,,,,,,,,,,,,,,,,,,,,,,,,,,,,,,,,,,,,,,,,,,,,,,,,
1107,,game,same,aim,ambition,deal,peel,feel,steal,truck,suck,sack,pupil,mouth,warm,pool,loop,fool,fight,finger,figure,throw,row,roll,real,lead,lay,laid,lair,hair,faint,paint,rent,mug,jug,liver,beak,beep,,,,,,,,,,,,,,,,,,,,,,,,,,,,,,,,,,,,,,,,,,,,,,,,,,,,,,,,,,,,,,,,,,,,,,,,,,,,,,,,,,,,,,,,,,,,,,,,,,,,,,,,,
1108,,tv,friend,advisor,teaching,computer,online,laptop,sweatpants,decorations,abstract,dvd,candle,ball,diet,coke,muscles,skirt,sweater,scrunchy,hair,tie,jewelry,bracelet,cable,monk,dog,cat,playstation,cabinet,state,city,dissertation,research,public,health,physical,activity,conference,anxiety,stress,broken,resilience,continue,investment,life,regain,income,success,love,college,university,career,worry,collaboration,study,questions,world,difference,short,finite,desire,alphabet,nuisance,warning,therapist,honesty,luck,,,,,,,,,,,,,,,,,,,,,,,,,,,,,,,,,,,,,,,,,,,,,,,,,,,,,,,,,,,,,,,,,,,,,,,,,,,
1109,,farm,table,aunt,bear,ass,light,camera,solid,pixel,front,bed,sauce,peanut,bag,joint,glass,bore,paper,window,beaker,pan,sofa,lance,beer,counter,slacks,monitor,cord,basket,pane,cusion,gas,maple,sound,west,window,corner,happy,pantyhose,birth,chip,fast,wall,violin,chair,wood,swan,season,caney,candy,halloween,,,,,,,,,,,,,,,,,,,,,,,,,,,,,,,,,,,,,,,,,,,,,,,,,,,,,,,,,,,,,,,,,,,,,,,,,,,,,,,,,,,,,,,,,,,
1110,,food,time,apple,orange,banana,pear,garlic,fruit,vegetable,olive,cabbage,lettuce,meat,dairy,corn,carrot,peas,beans,grapes,strawberries,apricot,kiwi,dragonfruit,starfruit,grapefruit,tangy,savory,sweet,bitter,flavor,fat,lean,protein,vitamin,juice,broth,soup,stew,cooking,kitchen,counter,plate,knife,fork,spoon,spork,knife,sharp,split,ice,cream,sundae,sugar,salt,sodium,potassium,potato,onion,pepper,cheese,grease,fry,bake,oven,sink,microwave,,,,,,,,,,,,,,,,,,,,,,,,,,,,,,,,,,,,,,,,,,,,,,,,,,,,,,,,,,,,,,,,,,,,,,,,,,,,
1111,,flavor,mom,paper,pencil,three,candy,dog,cat,hamster,elephant,toad,frogg,lizard,fox,snake,bling,light,sun,moon,stars,freak,tiny,deli,wrote,four,ten,million,wrapper,dressing,salad,face,jacket,shoes,eyes,magazine,book,newspaper,forget,phone,water,vinegar,think,do,bucket,game,everything,thing,sing,music,radio,flip,fork,spoon,sparkle,juice,lemon,fruit,fly,taste,airplane,space,flash,recycle,wood,spin,roll,coast,sweet,tangy,spice,flood,ingredient,toast,scissors,paint,,,,,,,,,,,,,,,,,,,,,,,,,,,,,,,,,,,,,,,,,,,,,,,,,,,,,,,,,,,,,,,,,,,
1112,,steel,rooster,varied,many,fish,charcoal,red,water,hose,guitar,bacon,horse,walrus,jump,cleaning,groom,bread,sister,jolly,lightning,cloud,freeze,stock,ghoul,fridge,steer,quality,normal,more,long,unite,triangle,double,forage,kale,screen,wrist,reap,preserve,gnat,stir,,,,,,,,,,,,,,,,,,,,,,,,,,,,,,,,,,,,,,,,,,,,,,,,,,,,,,,,,,,,,,,,,,,,,,,,,,,,,,,,,,,,,,,,,,,,,,,,,,,,,
1113,,monday,animal,factory,precious,fowl,triangle,marble,anger,faculty,rewind,stand,shovel,pearl,locust,stable,pilot,growth,speak,election,navy,bowling,facility,manager,paper,library,apartment,style,castle,armory,ring,gel,ficus,goat,small,,,,,,,,,,,,,,,,,,,,,,,,,,,,,,,,,,,,,,,,,,,,,,,,,,,,,,,,,,,,,,,,,,,,,,,,,,,,,,,,,,,,,,,,,,,,,,,,,,,,,,,,,,,,
1114,,office,desk,monitor,computer,cpu,gpu,keyboard,cellphone,headset,display,printer,paper,tray,cables,powercord,ethernet,modem,tape,videogame,zelda,sword,gold,coins,treasure,ocarina,time,berry,elf,dwarf,gnome,wizard,mountain,ring,lava,mithril,tunic,staff,firework,dragon,party,birthday,fireplace,fire,pipe,tobacco,smoking,ent,,,,,,,,,,,,,,,,,,,,,,,,,,,,,,,,,,,,,,,,,,,,,,,,,,,,,,,,,,,,,,,,,,,,,,,,,,,,,,,,,,,,,,,,,,,,,,,
1115,,stairs,light,vacuum,broom,phone,mop,soil,sword,knife,water,cup,tube,hair,spoon,paper,fork,card,mirror,cloth,curtain,foam,hair,comb,brush,box,flute,fan,pumpkin,coffee,mug,pen,pencil,sun,cloud,leaf,plant,grid,wash,blur,doctor,hospital,photo,internet,web,spider,shoe,bag,lurk,,,,,,,,,,,,,,,,,,,,,,,,,,,,,,,,,,,,,,,,,,,,,,,,,,,,,,,,,,,,,,,,,,,,,,,,,,,,,,,,,,,,,,,,,,,,,,
1116,,rocks,fish,algae,bubbles,tank,swim,room,wood,panel,hum,motor,rising,orange,scales,eyes,plants,waving,rug,beige,shag,soft,floor,vacuum,noise,pipes,water,running,click,snap,fasten,shirt,jeans,shoes,outside,garbage,cement,car,parked,pole,roof,light,power,plug,cold,grey,cat,smile,fur,soft,purr,pet,,,,,,,,,,,,,,,,,,,,,,,,,,,,,,,,,,,,,,,,,,,,,,,,,,,,,,,,,,,,,,,,,,,,,,,,,,,,,,,,,,,,,,,,,,,
1117,,pints,alcohol,aquinas,theology,philosophy,dog,canine,domincan,lord,love,blouse,unbutton,mouse,cup,black,mcgill,lawyer,food,story,house,murder,theft,fornication,dog,fro,frog,log,tug,lug,angel,beauty,word,chain,link,zelda,adventure,green,red,wind,waker,mario,wonder,peach,princess,toad,kill,bill,music,rayman,legends,keyboard,mouse,squeak,computer,desktop,glasses,fix,adjust,minnie,mice,micke,mickey,disney,evil,misinformation,marination,barbeque,culture,microbes,poop,gut,biome,dog,frog,hog,ham,turkey,cranberry,hand,finger,nail,clippers,sixers,,,,,,,,,,,,,,,,,,,,,,,,,,,,,,,,,,,,,,,,,,,,,,,,,,,,,,,,,,,
1118,,food,night,day,brown,hither,goose,ferry,fairy,train,death,udder,cow,duck,bird,upper,lower,right,left,good,bad,onward,mountain,central,pacific,oceam,plains,prairie,possum,rat,orange,meadow,pasture,milk,dairy,lightning,game,welcome,redeem,want,general,fit,drag,read,video,truck,ride,pumpkin,field,cowboy,man,rope,join,fleet,invite,from,tranquility,tavern,space,ship,,,,,,,,,,,,,,,,,,,,,,,,,,,,,,,,,,,,,,,,,,,,,,,,,,,,,,,,,,,,,,,,,,,,,,,,,,,,,,,,,,,
1119,,sky,power,flower,bud,child,growth,ink,wood,stem,link,blanket,bank,powder,cannon,maroon,island,iris,bulb,poor,rich,house,mouse,red,bloom,kangaroo,pipe,pope,rope,deer,hanger,crane,kite,sleep,sex,ground,drape,yard,dodge,joy,join,zoo,coo,vouch,chase,seer,reap,pear,toy,toil,loop,,,,,,,,,,,,,,,,,,,,,,,,,,,,,,,,,,,,,,,,,,,,,,,,,,,,,,,,,,,,,,,,,,,,,,,,,,,,,,,,,,,,,,,,,,,,
1120,,apple,pear,slice,sauce,pan,cooler,fridge,freezer,washer,drayer,sink,shoes,shirt,heels,desk,bench,stool,hangers,bed,screen,computer,bottle,tea,cup,mug,screen,laptop,chair,rug,stool,door,window,cement,lines,driveway,garage,bushes,brush,poke,bear,dangerous,teeth,claws,wolf,beast,risk,reward,snake,microwave,cellphone,iphone,apple,,,,,,,,,,,,,,,,,,,,,,,,,,,,,,,,,,,,,,,,,,,,,,,,,,,,,,,,,,,,,,,,,,,,,,,,,,,,,,,,,,,,,,,,,,
1121,,chicken,meal,dinner,water,lotion,alcohol,beer,drunk,party,club,night,games,video,growth,hungry,thirsty,wet,wild,whip,music,sports,basketball,baseball,football,hope,lust,love,justice,news,drain,poster,phenomenon,acid,asking,try,reality,bogus,january,february,march,lick,field,gust,oil,osmosis,rage,howl,growl,plough,thorough,farm,grass,mine,mint,misty,learn,education,school,seven,six,hours,daily,hired,tired,fired,bread,dinner,cake,listening,empathy,sympathy,dog,friend,friendship,,,,,,,,,,,,,,,,,,,,,,,,,,,,,,,,,,,,,,,,,,,,,,,,,,,,,,,,,,,,,,,,,,,,
1122,,graph,blinds,window,ceiling,closet,clothes,wtch,watch,necklace,bracelet,drivethru,coffee,cookie,lotion,vitamins,ledge,mirror,space,rocket,car,string,lightbulb,pillow,dresser,couch,toaster,fryer,oven,microwave,pantry,cereal,bell,classroom,teacher,map,pencil,pen,highlighter,eraser,desk,lamp,toothbrush,shower,mouthwash,floss,candy,broccoli,rice,chicken,pig,cow,frog,bird,clown,fire,elephant,cape,hat,pool,grass,,,,,,,,,,,,,,,,,,,,,,,,,,,,,,,,,,,,,,,,,,,,,,,,,,,,,,,,,,,,,,,,,,,,,,,,,,,,,,,,,,
1123,,granddaughter,pearls,hat,gloves,boots,rainbow,straw,mums,fall,leaves,colors,cemetary,maple,syrup,bottle,cold,refrigerator,pumpkin,pie,gourds,apples,spic,spice,latte,gold,ribbon,tree,lights,bulbs,bow,red,green,gold,blue,corn,lamp,couch,light,cloud,rain,spruce,redwood,sequoia,elm,beard,blue,shirt,green,eyes,jar,ribbon,straw,scarecrow,hay,,,,,,,,,,,,,,,,,,,,,,,,,,,,,,,,,,,,,,,,,,,,,,,,,,,,,,,,,,,,,,,,,,,,,,,,,,,,,,,,,,,,,,,,
1124,,bottle,lunch,box,oxen,motor,oil,toil,boil,pasta,Italy,work,bakery,cheesecake,towel,coffee,coworker,cover,lover,stove,glove,move,mover,couch,bed,boxes,truck,fire,hydrant,hydrate,die,live,life,wife,knife,strife,cower,flower,glower,only,single,double,treble,stitch,crochet,knit,scarf,gloves,hat,sweater,leather,heather,weather,whether,nettle,grass,opium,poppy,tulip,sunflower,black,eye,phlox,dinosaur,apple,credit,Germany,fault,loser,lost,cost,most,moss,loss,albatross,sound,coin,bill,tower,roses,plan,war,,,,,,,,,,,,,,,,,,,,,,,,,,,,,,,,,,,,,,,,,,,,,,,,,,,,,,,,,,,,,
1125,,begin,start,run,jump,field,tennis,soccer,hot,humid,sun,sky,night,late,sore,drive,car,seat,wheel,light,green,road,home,door,roof,tile,window,tree,green,swing,pool,water,shower,room,chair,bed,screen,plate,drink,eat,clean,,,,,,,,,,,,,,,,,,,,,,,,,,,,,,,,,,,,,,,,,,,,,,,,,,,,,,,,,,,,,,,,,,,,,,,,,,,,,,,,,,,,,,,,,,,,,,,,,,,,,,
1126,,office,paper,pin,knife,cattle,curtains,printer,files,folders,glue,marker,ball,icons,set,chair,couch,mouse,keyboard,sand,earth,flower,foam,screen,projector,blinds,case,shorts,,,,,,,,,,,,,,,,,,,,,,,,,,,,,,,,,,,,,,,,,,,,,,,,,,,,,,,,,,,,,,,,,,,,,,,,,,,,,,,,,,,,,,,,,,,,,,,,,,,,,,,,,,,,,,,,,,,
1127,,begin,train,traitor,trait,big,gig,trigger,tiger,soup,molten,lava,ticket,trampled,car,target,market,musket,gym,time,treat,sticky,candy,brandy,licorice,plaid,blue,red,green,yellow,great,grin,laugh,eyebrows,notice,settings,control,grog,adventure,Mister,shop,store,armory,general,bakery,ghost,dog,cat,food,cooking,gas,stove,oven,dishwasher,counter,sink,drain,swirl,clockwise,hemisphere,,,,,,,,,,,,,,,,,,,,,,,,,,,,,,,,,,,,,,,,,,,,,,,,,,,,,,,,,,,,,,,,,,,,,,,,,,,,,,,,,,,
1128,,message,work,complicated,cell,mail,phone,text,science,medicine,vaccine,love,cup,mouse,tail,headphones,earbuds,charger,lotion,shampoo,conditioner,body,feet,soap,water,juice,chalk,climb,shoes,rope,chain,Jewelry,pendant,diamond,ruby,gold,silver,bronze,medal,sport,run,jump,treadmill,weights,small,larger,aid,hospital,talk,mine,puzzle,game,book,spear,magic,dragon,fire,ice,movie,show,fair,makeup,conceal,mask,hat,suit,waste,child,empty,sauce,evening,crowd,acre,,,,,,,,,,,,,,,,,,,,,,,,,,,,,,,,,,,,,,,,,,,,,,,,,,,,,,,,,,,,,,,,,,,,,,
1129,,giraffe,rhino,elephant,cheetah,leopard,zebra,lion,tiger,hyena,buffalo,wildebeast,deer,antelope,ibex,lioness,dog,cat,parrot,hamster,gerbil,mouse,rat,opossum,cruise,shipboat,boat,ship,deck,film,movie,camera,cinema,director,producer,actor,writer,filming,craft,stage,drama,comedy,play,thriller,horror,action,adventure,desk,computer,walls,floor,ceiling,house,roof,fence,yard,sidewalk,street,sign,field,,,,,,,,,,,,,,,,,,,,,,,,,,,,,,,,,,,,,,,,,,,,,,,,,,,,,,,,,,,,,,,,,,,,,,,,,,,,,,,,,,,
1130,,light,air,nature,calm,waves,surfing,shark,animals,farm,rabbit,carrot,stew,home,dinner,meal,family,connection,talking,laughing,genuine,sotries,stories,sweet,desert,candy,treat,holiday,wine,laughing,values,peace,relax,vacation,tranquil,beach,sand,food,lunch,picnic,date,nerves,akward,strange,giddy,excitment,newness,connection,jitters,new,job,interview,formal,skirt,,,,,,,,,,,,,,,,,,,,,,,,,,,,,,,,,,,,,,,,,,,,,,,,,,,,,,,,,,,,,,,,,,,,,,,,,,,,,,,,,,,,,,,,,
1131,,sociology,relationality,positionality,qualitative,quantitative,mixed,data,methods,literature,review,anthology,science,academic,journal,book,publisher,method,analysis,interview,ethnography,semistructured,unstructured,guide,participant,respondent,collaborator,object,subject,timer,recorder,recording,transcription,transcribe,maxqda,coding,codebook,interpretive,interpretation,ralism,painting,monet,lilies,tree,oak,palm,fir,fur,pine,yew,ash,hippie,scene,em,emo,goth,rocker,mod,icp,insane,clown,posse,internet,qanon,anonymous,reporter,journalism,leftist,bellingcat,goo,good,heart,microbe,vaccine,conspiracy,leftist,antifa,riot,coup,capital,shaman,internet,messageboad,4chan,8chan,8kun,watkins,pig,farm,colony,colonialism,war,isolation,apartheid,history,science,biology,data,cleaning,coding,r,software,code,results,regression,causal,inference,descriptive,multivariate,,,,,,,,,,,,,,,,,,,,,,,,,,,,,,,,,,
1132,,deer,moose,hunt,clar,clear,eyes,traffic,solo,sing,laugh,act,toothpaste,brush,happen,bed,skirt,window,chainsaw,cut,reach,lift,toilet,bathroom,tent,microscope,steel,thief,record,patriot,ferret,horn,pine,christmas,gift,decoration,dress,tie,meal,cast,iron,open,seal,dolphin,donkey,horse,mouse,butter,toast,breakfast,lunch,snack,bullet,eye,nose,leg,limp,stomach,dress,night,owl,rum,milk,soda,peach,dish,,,,,,,,,,,,,,,,,,,,,,,,,,,,,,,,,,,,,,,,,,,,,,,,,,,,,,,,,,,,,,,,,,,,,,,,,,,,,
1133,,calculater,tomato,brick,fountain,long,jeans,fawn,floor,house,couch,book,flashing,heavy,computer,smell,jury,oven,dog,daylight,stars,hallway,trust,people,bright,sunlight,wig,map,cheese,hand,puzzle,cat,horse,duckling,drawers,pizza,turtle,run,ladybug,book,denial,watch,material,coal,diamond,lamp,crayon,wax,smell,nightgown,frayed,wallpaper,feeling,legal,brain,,,,,,,,,,,,,,,,,,,,,,,,,,,,,,,,,,,,,,,,,,,,,,,,,,,,,,,,,,,,,,,,,,,,,,,,,,,,,,,,,,,,,,,,
1134,,toilet,computer,laptop,apple,book,black,keys,lock,door,banana,orange,garbage,shower,curtain,sink,tile,rug,door,bathrobe,water,drink,glass,cup,mug,handle,hammer,tools,screwdriver,staple,gun,scissors,pencil,pen,marker,color,lines,trace,print,fax,toner,desk,lap,table,magnet,blender,microwave,clothes,scale,fish,sea,ocean,jelly,peanutbutter,waves,hello,greeting,sentence,word,period,punctuation,family,brother,sister,dad,mom,aunts,uncles,cousins,towel,shampoo,conditioner,soap,soup,razor,blade,box,bag,envelope,stamp,letter,package,beach,ball,golf,sports,basket,orange,stripes,lines,team,player,athlete,school,math,science,history,chemistry,,,,,,,,,,,,,,,,,,,,,,,,,,,,,,,,,,,,,,,,,,,,,
1135,,apple,banana,strawberry,puzzles,toothpick,grape,dessert,pineapple,grapefruit,controller,eyedrop,screwdriver,knife,cup,plate,fork,potions,poison,shirt,pants,shorts,shoes,rocket,spaceship,space,bird,truck,pasta,meatballs,sausage,meat,beef,chicken,pork,poultry,pantheons,vikings,movies,doll,war,bombs,artillery,missile,,,,,,,,,,,,,,,,,,,,,,,,,,,,,,,,,,,,,,,,,,,,,,,,,,,,,,,,,,,,,,,,,,,,,,,,,,,,,,,,,,,,,,,,,,,,,,,,,,,
1136,,donut,coffee,fireplace,oven,groceries,door,minute,hour,second,day,year,month,time,pass,dash,mighty,develop,tulip,daisy,wonder,gnat,know,brain,headache,ouch,dry,monitor,calm,anxious,lazy,money,cash,load,manmade,man,made,wire,sir,nor,queue,,,,,,,,,,,,,,,,,,,,,,,,,,,,,,,,,,,,,,,,,,,,,,,,,,,,,,,,,,,,,,,,,,,,,,,,,,,,,,,,,,,,,,,,,,,,,,,,,,,,,,
1137,,game,type,strange,minutes,map,world,evening,late,water,pens,pencils,glasses,holiday,leaves,fall,eyes,cat,alarm,beep,meow,pet,book,paper,phone,work,vibrate,dinner,hand,keyboard,keys,monitor,mouse,drop,sleep,white,paint,character,cards,thoughts,strategy,game,empty,message,,,,,,,,,,,,,,,,,,,,,,,,,,,,,,,,,,,,,,,,,,,,,,,,,,,,,,,,,,,,,,,,,,,,,,,,,,,,,,,,,,,,,,,,,,,,,,,,,,,
1138,,movie,theatre,popcorn,drink,seats,opera,orchestra,feet,legs,body,head,hair,braids,bread,sandwhich,meat,cow,milk,icecream,treat,snack,dog,run,play,bite,bleed,blood,hospital,hurt,injury,doctor,nurse,surgery,cut,line,store,buy,clothes,shopping,spree,candy,stomach,ache,pain,medicine,overdose,die,death,heaven,god,religion,mass,countries,country,states,capitals,homework,home,school,study,write,answer,test,quiz,puzzle,show,monopoly,capitalism,greed,corporations,money,take,rich,poor,starve,homeless,camp,tent,bridge,dirty,help,,,,,,,,,,,,,,,,,,,,,,,,,,,,,,,,,,,,,,,,,,,,,,,,,,,,,,,,,,,,,
1139,,hold,party,drink,smoke,dance,disco,loud,boisterous,prance,valley,ocean,sand,meadow,sky,blue,stars,moon,night,life,live,prowl,lion,tiger,bear,maiden,queen,king,prince,duke,duchess,play,grounded,mulch,slide,swing,set,source,dream,dark,sleep,light,switched,watched,watched,north,south,east,west,yesterday,move,couple,single,zero,plight,ghoul,drain,granted,gross,hurdle,igloo,hose,horse,bull,cow,chicken,mule,unicorn,fairy,story,flap,,,,,,,,,,,,,,,,,,,,,,,,,,,,,,,,,,,,,,,,,,,,,,,,,,,,,,,,,,,,,,,,,,,,,,,,
1140,,dog,cat,house,car,moose,bat,couch,chair,hair,pumpkin,shoes,jacket,purse,remote,tv,dresser,bed,backpack,slide,ocean,toys,car,store,book,cup,glass,bowl,class,teacher,playground,bush,brush,nail,ring,pants,phone,computer,laptop,keyboard,game,bone,knob,door,moon,star,sun,space,cloud,rain,thunder,lightening,,,,,,,,,,,,,,,,,,,,,,,,,,,,,,,,,,,,,,,,,,,,,,,,,,,,,,,,,,,,,,,,,,,,,,,,,,,,,,,,,,,,,,,,,,,
1141,,hopelessness,sadnes,sadness,tears,cry,pain,mean,anger,people,dumb,stupid,boy,hope,better,time,more,cash,money,coin,job,work,clock,watch,pumpkin,leaf,fall,autumn,color,red,orange,blue,yellow,green,purple,pink,grey,cat,feline,kitten,light,lamp,wall,house,home,pillow,bed,read,book,bookcase,bookmark,sound,idiot,worth,value,now,today,tomorrow,yesterday,sigh,disbelief,unhappiness,concern,emotion,sympathy,empathy,wright,right,wrong,talk,share,together,seperate,one,many,alot,few,tent,camp,warmth,cold,temperature,mountain,travel,plain,plane,train,care,car,vehicle,truck,semi,gas,gasoline,petrol,heat,bunny,fox,bird,owl,dog,horse,pidgeon,chicken,shed,shack,road,,,,,,,,,,,,,,,,,,,,,,,,,,,,,,,,,,,,
1142,,Trench,Touch,Refund,Examine,Exhume,Refine,Allow,Deny,Excite,Incite,Recite,Twice,Double,Burden,List,Lisp,Owl,Obnoxious,Melanin,Martian,Mars,Spice,Fall,Leaves,Trees,Decay,Mound,Quit,Quixotic,Ostrich,Pecan,Nile,Delta,Alpha,Benign,Millisecond,Millipede,Excrete,Inscribe,Pause,Pawn,Idiot,Yellow,Pen,Stylus,Tablet,Teeter,Ensue,Pursue,Hound,Hover,Zeal,Crass,Crescent,Xylophone,Pencil,Under,Udder,Respect,Mount,Nine,Red,Flower,Jungle,Jump,Jinx,Onyx,Hallow,,,,,,,,,,,,,,,,,,,,,,,,,,,,,,,,,,,,,,,,,,,,,,,,,,,,,,,,,,,,,,,,,,,,,,,,,,
1143,,serpentine,socks,surcharge,solemnity,samphire,sapphire,scoff,surreptitious,slovenly,secure,software,stork,shortcrust,snout,slumber,snorkel,salad,scruff,smorgasbord,scrunchie,silicone,smugness,striated,salmonella,sincere,spontaneous,scorch,sour,spin,spotted,serrated,sneaky,sight,semaphor,slippery,simultaneous,,,,,,,,,,,,,,,,,,,,,,,,,,,,,,,,,,,,,,,,,,,,,,,,,,,,,,,,,,,,,,,,,,,,,,,,,,,,,,,,,,,,,,,,,,,,,,,,,,,,,,,,,,
1144,,sword,halberd,scimitar,falchion,katana,dagger,spear,pike,shield,claymore,fighter,warrior,rogue,mage,wizard,paladin,monk,rifle,soldier,military,battle,duel,noble,aristocrat,royal,pride,greed,wealth,mindset,lifestyle,focus,determination,willpower,leather,cotton,fabric,silk,polyester,jacket,,,,,,,,,,,,,,,,,,,,,,,,,,,,,,,,,,,,,,,,,,,,,,,,,,,,,,,,,,,,,,,,,,,,,,,,,,,,,,,,,,,,,,,,,,,,,,,,,,,,,,,
1145,,merry,pop,balloon,tattoo,coffee,free,thistle,whistle,bustle,hustle,knuckle,wet,dry,sandy,demand,forward,backward,sideward,north,east,west,south,vodka,tomato,potato,okra,corn,horn,horny,born,barbarian,dungeon,jail,prison,riot,stripes,fleece,wool,cash,cashmere,wool,satin,silk,moth,night,butterfly,insect,pretty,beautiful,restaurant,aloof,distant,terse,mono,pause,pil,pill,pile,tile,file,smirk,gank,come,nunchuck,sword,katana,japan,big,fan,man,wonton,town,city,village,harbor,harmer,circuit,funk,vial,science,tie,bow,applause,plus,,,,,,,,,,,,,,,,,,,,,,,,,,,,,,,,,,,,,,,,,,,,,,,,,,,,,,,,,,
1146,,bed,lamp,chair,couch,table,refrigerator,stove,microwave,dishwasher,flooring,cabinets,paint,laminate,jewelery,tesin,live,edge,wood,decking,material,delivery,concrete,bolts,screws,screwdriver,drill,saws,nails,hammer,router,blade,phone,ring,baby,labor,pitocin,intravenous,shot,push,grandma,bestie,child,birthday,doggie,tractor,mower,snow,,,,,,,,,,,,,,,,,,,,,,,,,,,,,,,,,,,,,,,,,,,,,,,,,,,,,,,,,,,,,,,,,,,,,,,,,,,,,,,,,,,,,,,,,,,,,,,
1147,,veer,blank,check,loom,chick,shirt,wake,moon,sun,son,remember,beet,plum,porridge,poor,ridge,raft,boat,book,baker,peel,pork,lemur,please,fresh,vegetable,fruit,basket,weary,veer,sink,plank,revert,convert,bicycle,tricycle,vendor,truck,food,steak,streak,make,meat,juice,salad,dress,clothes,assailant,wax,seam,stream,,,,,,,,,,,,,,,,,,,,,,,,,,,,,,,,,,,,,,,,,,,,,,,,,,,,,,,,,,,,,,,,,,,,,,,,,,,,,,,,,,,,,,,,,,,
1148,,beach,towel,band,show,music,festival,Renaissance ,flower,table,school,college,high,tree,condition,shape,fitness,business,stock,builcing,builcing,building,tower,electicity,plane,airplane,vast,very,words,type,action,pack,suitcase,screen,dog,cat,pet,fur,mouth,face,eyes,computer,camera,taste,perfect,,,,,,,,,,,,,,,,,,,,,,,,,,,,,,,,,,,,,,,,,,,,,,,,,,,,,,,,,,,,,,,,,,,,,,,,,,,,,,,,,,,,,,,,,,,,,,,,,,
1149,,stink,skunk,pipe,tile,fungus,fence,gard,plain,feel,bile,confess,detail,weed,deem,firm,cannot,light,teeth,guise,dinky,sand,frail,pourous,porch,loose,gunk,vent,candle,fast,zany,yank,work,crew,teen,port,loop,pully,gourd,dork,bun,snub,dunce,dank,varnish,plead,vile,cheese,cheek,chap,flap,clap,poach,snack,file,gel,bell,pile,pope,pup,cup,sip,pip,tip,crack,dash,dot,bot,cot,,,,,,,,,,,,,,,,,,,,,,,,,,,,,,,,,,,,,,,,,,,,,,,,,,,,,,,,,,,,,,,,,,,,,,,,,,
1150,,apple,bake,cook,pillow,bed,afghan,store,shopping,bag,close,curtain,mountain,fox,flowers,fireplace,owls,puppy,shelf,white,television,bush,fire,rain,wind,thunder,lightening,stick,lock,window,lamp,fern,orchid,townails,cow,glass,fire,water,milk,computer,laptop,magazine,book,cook,hutch,figurine,clock,handle,weight,water,drink,cool,autumn,,,,,,,,,,,,,,,,,,,,,,,,,,,,,,,,,,,,,,,,,,,,,,,,,,,,,,,,,,,,,,,,,,,,,,,,,,,,,,,,,,,,,,,,,,
1151,,ladder,mud,icicle,piano,hairbow,breast,chicken,laminator,paper,printer,ink,toner,groceries,leaves,grass,flower,vase,bottle,soda,carton,freezer,fridge,cabinet,fish,tab,freckle,mat,bar,shoe,ear,sunglasses,hat,bear,squirrel,concert,dancing,donut,teapot,stairs,wood,crystal,friend,hole,wire,string,gas,truck,billboard,study,,,,,,,,,,,,,,,,,,,,,,,,,,,,,,,,,,,,,,,,,,,,,,,,,,,,,,,,,,,,,,,,,,,,,,,,,,,,,,,,,,,,,,,,,,,,,
1152,,lastofus,show,zombies,ellie,clickers,universalstudios,halloween,horrornights,went,scary,movieset,entertaining,mazes,wandered,actors,actresses,costumes,strobelights,flashes,corners,jumpscare,dark,longline,waiting,fastpass,expresslane,tired,latenight,hungry,food,lunch,nourishment,drinking,tea,barley,light,kbbq,koreanfood,kimchi,japchae,glassnoodles,sesameoil,spinach,veggies,healthy,nutrients,fiber,apples,red,green,yellow,honeycrisp,gala,fuji,,,,,,,,,,,,,,,,,,,,,,,,,,,,,,,,,,,,,,,,,,,,,,,,,,,,,,,,,,,,,,,,,,,,,,,,,,,,,,,,,,,,,,,,
1153,,key,asian,fresh,vase,yacht,duty,call,of,hair,sprinkle,sweat,sweet,heather,weather,forest,dive,head,first,into,bear,roam,island,plane,air,space,violent,tree,maple,arrow,bend,hurry,rush,feel,spark,diagram,diaphragm,sing,voice,loiter,litter,lit,twitter,x,vile,disgusting,ripe,rose,cutlery,cuddle,kiss,smooch,book,novel,read,express,depress,decompress,compress,smell,nose,froze,independent,stone,carve,raise,,,,,,,,,,,,,,,,,,,,,,,,,,,,,,,,,,,,,,,,,,,,,,,,,,,,,,,,,,,,,,,,,,,,,,,,,,,,,
1154,,girl,love,need,family,home,boy,man,woman,flower,daisy,tulip,rose,happy,sad,depression,blood,sick,medicine,doctor,nurse,hospital,car,bike,travel,yard,hill,spring,summer,fall,winter,nice,bad,blue,green,yellow,black,go,stay,need,want,give,take,share,brothers,sisters,siblings,money,poor,rich,mmob,grateful,blessings,god,,,,,,,,,,,,,,,,,,,,,,,,,,,,,,,,,,,,,,,,,,,,,,,,,,,,,,,,,,,,,,,,,,,,,,,,,,,,,,,,,,,,,,,,,
1155,,desk,bed,mattress,sheets,cat,dog,chair,drink,tray,shoes,sandal,slippers,book,shelf,toys,door,mouse,computer,laptop,printer,copier,charger,phone,light,lamp,fight,nest,tree,flower,plant,shirt,shorts,pants,jacket,coat,shower,sink,oven,fridge,note,dresser,closet,basket,porch,stairs,land,trailer,car,truck,van,purse,bag,backpack,makeup,brush,comb,cologne,perfume,earrings,ring,rope,knot,dryer,washer,box,envelope,fun,gun,card,game,kite,jumprope,ball,mask,bat,hat,carpet,rug,dough,sun,,,,,,,,,,,,,,,,,,,,,,,,,,,,,,,,,,,,,,,,,,,,,,,,,,,,,,,,,,,,,,
1156,,chair,humor,cantor,leaks,friend,carload,orange,channel,phone,crank,lively,razor,trunk,tripped,screw,pavillion,arm,ambulance,xray,realtor,hanger,amusement,halloween,pumpkin,,,,,,,,,,,,,,,,,,,,,,,,,,,,,,,,,,,,,,,,,,,,,,,,,,,,,,,,,,,,,,,,,,,,,,,,,,,,,,,,,,,,,,,,,,,,,,,,,,,,,,,,,,,,,,,,,,,,,,
