ID,cue,word 0,word 1,word 2,word 3,word 4,word 5,word 6,word 7,word 8,word 9,word 10,word 11,word 12,word 13,word 14,word 15,word 16,word 17,word 18,word 19,word 20,word 21,word 22,word 23,word 24,word 25,word 26,word 27,word 28,word 29,word 30,word 31,word 32,word 33,word 34,word 35,word 36,word 37,word 38,word 39,word 40,word 41,word 42,word 43,word 44,word 45,word 46,word 47,word 48,word 49,word 50,word 51,word 52,word 53,word 54,word 55,word 56,word 57,word 58,word 59,word 60,word 61,word 62,word 63,word 64,word 65,word 66,word 67,word 68,word 69,word 70,word 71,word 72,word 73,word 74,word 75,word 76,word 77,word 78,word 79,word 80,word 81,word 82,word 83,word 84,word 85,word 86,word 87,word 88,word 89,word 90,word 91,word 92,word 93,word 94,word 95,word 96,word 97,word 98,word 99,word 100,word 101,word 102,word 103,word 104,word 105,word 106,word 107,word 108,word 109,word 110,word 111,word 112,word 113,word 114,word 115,word 116,word 117,word 118,word 119
1000,,wood,camper,sidewalk,stars,truck,building,river,sand,coast,tree,eye,rock,car,belch,pasture,urban,linguistic,army,tether,scared,rise,rinse,scrape,divit,hollow,break,brake,sound,nice,climb,,,,,,,,,,,,,,,,,,,,,,,,,,,,,,,,,,,,,,,,,,,,,,,,,,,,,,,,,,,,,,,,,,,,,,,,,,,,,,,,,,,,,,,,,,
1002,,happy,dog,alert,play,toy,run,sun,day,night,alive,moon,stars,sky,night,sleep,dream,blanket,comfortable,cat,relax,grapes,computer,love,pillow,girlfriend,couch,sit,be,television,picture,take,steal,peel,banana,chair,split,game,board,grass,close,shy,sneaky,quiet,cunning,creative,sinister,rug,flowers,shell,sea,swim,lake,ocean,candle,breeze,fire,move,blow,fist,nose,smell,stinky,hefty,trash,garbage,man,poof,woof,helmet,bike,ride,sidwalk,crash,car,driving,,,,,,,,,,,,,,,,,,,,,,,,,,,,,,,,,,,,,,,,,,,,,
1003,,car,bus,couch,brain,skin,hair,rug,floor,dog,cat,table,ear,nail,window,shoe,sock,finger,computer,door,chair,couch,plant,grass,bird,deer,picture,clock,wagon,leaf,mirror,truck,pool,bath,towel,makeup,bed,sheet,toe,ring,earring,necklace,doctor,nurse,lawyer,money,lamp,sweater,coat,snow,rain,sleet,wind,sun,sunscreen,purse,backpack,frame,hammer,saw,,,,,,,,,,,,,,,,,,,,,,,,,,,,,,,,,,,,,,,,,,,,,,,,,,,,,,,,,,,,,
1004,,car,house,desk,mouse,checkbook,basket,lamp,bear,screen,rack,bookcase,road,sign,vase,cannon,eagle,picture,box,son,light,girl,ketchup,book,telescope,putty,tape,baseball,owl,instructions,glasses,letter,stickers,white,speakers,straw,vacuum,garbage,frame,dresser,haircut,,,,,,,,,,,,,,,,,,,,,,,,,,,,,,,,,,,,,,,,,,,,,,,,,,,,,,,,,,,,,,,,,,,,,,,,,,,,,,,,
1005,,bread,bake,eat,relax,sleep,awake,night,dinner,glass,window,table,pour,salad,burger,petty,ketchup,cooldrink,sandwitch,shwarma,juice,coffee,tea,whisky,,,,,,,,,,,,,,,,,,,,,,,,,,,,,,,,,,,,,,,,,,,,,,,,,,,,,,,,,,,,,,,,,,,,,,,,,,,,,,,,,,,,,,,,,,,,,,,,,
1006,,car,gasoline,fuel,travel,destination,road,arrival,departure,airport,van,highway,sign,exit,town,store,shopping,cart,clothes,shoes,hats,gloves,socks,aisle,parking,fee,exit,drive,motion,traffic,tires,bumper,sticker,message,shoutout,,,,,,,,,,,,,,,,,,,,,,,,,,,,,,,,,,,,,,,,,,,,,,,,,,,,,,,,,,,,,,,,,,,,,,,,,,,,,,,,,,,,,,
1007,,hops,drops,grab,tackle,sack,touchdown,down,quarter,safety,endzone,running,soccer,ball,team,player,basketball,hoop,basketball,jumper,dunk,slam,wrestling,wwe,rock,rope,whip,punch,kick,fall,hurt,ache,pain,soak,bath,shower,water,drink,cup,bowl,stove,beef,pork,steak,fry,saute,butter,churn,milk,cream,,,,,,,,,,,,,,,,,,,,,,,,,,,,,,,,,,,,,,,,,,,,,,,,,,,,,,,,,,,,,,,,,,,,,,,
1008,,game,pawn,chess,rook,queen,king,operation,monopoly,boggle,sorry,spades,dominoes,uno,connect,four,wound,cereal,boxing,hammer,crime,unity,same,free,obnoxious,ridicule,obstacle,challenge,deny,harrow,field,shovel,rake,drain,pipe,industry,tractor,balloon,ball,bat,swing,rat,cat,dog,skunk,kitten,water,garden,bubbles,soap,bath,shower,sink,toilet,kitchen,fridge,stove,washer,dryer,cleanser,bleach,kite,beach,ball,snow,sand,,,,,,,,,,,,,,,,,,,,,,,,,,,,,,,,,,,,,,,,,,,,,,,,,,,,,,,
1010,,happy,Joy,excited,money,future,living,glorious,animals,planet,saving,moment,dogs,monkey,books,listen,help,right,portion,complete,music,waves,sound,clapping,forgetful,bottles,furry,depot,justice,rain,astronaut,,,,,,,,,,,,,,,,,,,,,,,,,,,,,,,,,,,,,,,,,,,,,,,,,,,,,,,,,,,,,,,,,,,,,,,,,,,,,,,,,,,,,,,,,,
1011,,write,read,type,listen,drag,mud,hear,tune,song,video,under,over,tuesday,thursday,wednesday,dragon,pick,up,down,over,together,friend,love,cute,cool,help,nice,kind,caring,compassionate,yale,mother,father,cousin,friend,treat,you,me,hr,crystal,need,ghost,got,to,jog,walk,run,joy,hate,tread,duck,water,peas,bread,mind,meld,weld,machine,room,house,cat,vet,hurt,blood,bone,needle,hospital,doctor,patient,nurse,care,cost,receptionist,dentist,file,computer,program,tech,code,sister,boyfriend,cats,kittens,feed,great,walk,window,tree,,,,,,,,,,,,,,,,,,,,,,,,,,,,,,,,
1012,,books,travel,reading,thinking,cars,school,study,driving,swimming,sleeping,studying,cat,purring,blanket,bed,bookshelf,desk,lamp,toys,couch,professor,learning,sweatshirt,balcony,packing,flying,plane,trip,singing,talking,writing,dancing,fun,enjoyment,leisure,skiing,surfing,beach,tanning,drinking,party,lifeguard,plant,soil,clothes,thinking,towel,brain,tired,sleepy,dog,hamster,climbing,chewing,running,painting,,,,,,,,,,,,,,,,,,,,,,,,,,,,,,,,,,,,,,,,,,,,,,,,,,,,,,,,,,,,,,,,
1013,,computer,chair,rug,towel,blanket,dog,cat,giraffe,sand,dirt,floor,ceiling,island,jacket,coat,sweater,pants,shoe,show,train,basketball,car,baseball,football,rainbow,flower,trail,hiking,cloud,sun,star,amygdala,trainer,chalkboard,chalk,teacher,student,book,write,pencil,pen,sticker,stapler,receipt,cart,store,path,park,stroller,leash,bag,purse,collar,sleeve,heels,shoelace,land,fly,swim,antelope,passport,luggage,carryon,blind,force,war,stump,cut,bleed,bind,sway,cool,hot,frigid,temperature,rain,snow,sleet,hail,hazy,,,,,,,,,,,,,,,,,,,,,,,,,,,,,,,,,,,,,,,,
1014,,elephant,chair,shoe,beard,clown,car,bus,foot,elbow,delete,schnauzer,balloon,airplane,scared,fast,booth,club,clips,haircut,cutlass,boat,waves,shark,minnow,narrow,leisure,polyester,canal,coriolis,rainbow,jetstream,trail,leaf,stones,primordial,lizard,bicuspid,monday,lemurian,america,soil,fearsome,persnickety,ecclesiastical,nonsensical,music,brass,quartz,liquid,bottle,cap,twist,groove,thread,battery,,,,,,,,,,,,,,,,,,,,,,,,,,,,,,,,,,,,,,,,,,,,,,,,,,,,,,,,,,,,,,,,,
1015,,please,dont,i,boring,tube,antelope,cute,wheel,story,truth,melon,finger,mario,sleep,skunk,bubble,glass,tower,king,forge,nerd,totality,quality,acute,boron,little,frame,galaxy,forget,blue,cooler,arizona,nothing,mast,jerk,follow,cup,thing,maroon,control,pencil,mailbox,male,turkey,anvil,clobber,sail,forward,blip,angel,china,stodgy,ever,freak,norse,school,yellow,mushroom,collect,freakish,stone,grit,asphalt,page,fledgling,kip,worm,pane,tab,,,,,,,,,,,,,,,,,,,,,,,,,,,,,,,,,,,,,,,,,,,,,,,,,,,
1017,,jellyfish,putty,grandma,carol,cup,smell,leaf,queen,story,clap,matter,planet,step,when,their,thank,map,vacuum,motor,while,quest,first,hardy,tampon,squirel,knight,pothole,gravity,certain,heel,firstly,squar,phantom,bobbit,calendar,zebra,until,oriole,rather,fatter,gather,hatter,imbecile,recharge,bury,necromancer,mambo,aquire,,,,,,,,,,,,,,,,,,,,,,,,,,,,,,,,,,,,,,,,,,,,,,,,,,,,,,,,,,,,,,,,,,,,,,,,
1018,,chart,style,feature,layout,graph,design,creative,art,interior,table,decorations,candle,lamp,lightbulb,ray,house,garden,deck,front,back,lawn,yard,treehouse,rose,flower,lotus,dog,wolves,bobcat,forest,fire,kindling,river,water,rapids,kayak,adventure,rafting,camping,tents,firepits,torches,paint,watercolors,paintbrushes,canvas,beds,books,library,borrow,lend,read,write,cradle,baby,playhouse,dolls,action,,,,,,,,,,,,,,,,,,,,,,,,,,,,,,,,,,,,,,,,,,,,,,,,,,,,,,,,,,,,,,
1019,,dull,fun,serendipitous,exciting,profound,germane,illustrious,facade,running,driving,ocean,cityscape,lawn,short,tall,egregious,stoic,pride,disdain,love,leech,liturgical,left,right,among,partition,promenade,sneakers,flats,staff,administration,condominium,apartment,table,panda,timestamp,teaching,moon,planet,comet,asteroid,driving,golf,club,partake,avoid,inspect,introspection,reflection,retrospective,perspective,push,pull,reading,piano,cello,cellular,metabolism,anabolism,anatomy,science,mathematics,,,,,,,,,,,,,,,,,,,,,,,,,,,,,,,,,,,,,,,,,,,,,,,,,,,,,,,,,,
1020,,forest,pen,cat,dog,frog,tree,flower,soil,paper,window,car,school,kid,adult,doctor,nurse,patient,show,event,program,garden,grass,plant,house,apartment,condo,townhouse,store,supermarket,department,company,manager,supervisor,subordinate,angry,mad,happy,thrilled,joyful,sad,depressed,distant,frustrated,annoyed,hopeful,,,,,,,,,,,,,,,,,,,,,,,,,,,,,,,,,,,,,,,,,,,,,,,,,,,,,,,,,,,,,,,,,,,,,,,,,,,
1021,,well,pump,farm,hit,pothole,school,work,yard,car,bus,truck,name,heart,head,love,mustang,horse,pony,goat,fish,run,jog,sunday,vacation,car,bladder,egg,dog,cat,chicken,yellowstone,island,fountian,pump,jump,tv,mouse,computer,hat,coat,jacket,ads,phone,bed,sleep,,,,,,,,,,,,,,,,,,,,,,,,,,,,,,,,,,,,,,,,,,,,,,,,,,,,,,,,,,,,,,,,,,,,,,,,,,,
1022,,book,turn,page,large,pain,printer,color,viral,snoop,porn,man,woman,dog,cat,puppy,germ,hand,foot,cream,ganja,acid,fungus,poison,danger,slice,knife,cut,american,flagt,white,red,blue,black,yellow,purple,magenta,snail,wease,warn,woke,wake,spare,train,trade,card,extra,set,collect,expert,study,research,drawing,counting,sixty,one,two,trhee,four,five,six,sex,seven,heaven,eight,straight,nine,fine,ten,again,eleven,twelve,thirteen,fourteen,fifteen,sixteen,seventeed,eighteen,nineteen,twenty,thirty,fourty,fifty,seventy,eight,ninety,hundred,thousand,,,,,,,,,,,,,,,,,,,,,,,,,,,,,,,,,
1023,,mouse,rat,mirror,can,shirt,bottle,toothpick,phone,lipstick,remote,dresser,bed,sheets,tissues,plate,necklace,water,book,bookmark,bookcase,paper,bills,cards,monitor,computer,keyboard,wire,electricity,power,calendar,purse,door,window,knob,dial,operator,worker,machine,receipt,cash,dollars,pounds,metric,centimeter,pug,dog,cat,panda,bear,kangaroo,marsupial,koala,penguin,whale,israel,sweater,yoga,halloween,pumpkin,spooky,ghost,scary,witch,female,male,man,woman,mailman,post,wood,shiplap,frame,rabbit,leaf,,,,,,,,,,,,,,,,,,,,,,,,,,,,,,,,,,,,,,,,,,,,,,
1025,,want,see,stop,believe,worry,out,come,caring,away,walk,speed,tire,string,strang,strand,step,street,cart,follow,numerate,munch,munificence,magnanimous,renumerate,banal,crepe,crisp,lean,line,hubris,man,mean,line,limb,crest,toll,chivalry,rivalry,magnanimous,creation,intrigue,action,sleepy,holiday,thrill,genre,language,beat,slide,jump,bound,leap,feel,algebra,tour,clock,telepathy,sanguine,hilarity,hysteria,,,,,,,,,,,,,,,,,,,,,,,,,,,,,,,,,,,,,,,,,,,,,,,,,,,,,,,,,,,,
1027,,Plant,Computer,Speaker,Game,Controller,Laptop,Phone,Ledger,Passport,Earbuds,Headphones,Gloves,Boxing,Chair,Blanket,Television,printer,Shredder,Charger,Mouse,Shinguard,Massage,Cabinet,Desk,Door,Mug,figurine,book,shoes,notebook,sweater,shirt,frame,photo,pool,filter,bin,doll,vase,frame,poster,stool,hanger,decoration,window,house,storage,school,bike,scooter,notecard,player,arcade,router,,,,,,,,,,,,,,,,,,,,,,,,,,,,,,,,,,,,,,,,,,,,,,,,,,,,,,,,,,,,,,,,,,
1028,,brain,chain,drain,pipe,street,tree,cat,mouse,car,sun,sky,fall,climb,mountain,top,goat,fight,bear,deer,grizzly,leaves,hunt,shoot,river,stream,lake,founatin,fountain,ocean,shark,dolphin,whale,lion,zebra,safari,hyena,dirt,guide,gorilla,monkey,zoo,polar,north,east,south,west,faucet,sink,drain,oven,fridge,microwave,phone,cup,drink,sip,drip,paper,pencil,write,word,essay,test,quize,quiz,professor,grade,college,party,drunk,hungover,sleep,tired,energetic,exercise,weights,marathon,wak,walk,jog,,,,,,,,,,,,,,,,,,,,,,,,,,,,,,,,,,,,,,,,
1029,,fun,clock,time,work,school,box,curriculum,blanket,couch,car,train,drive,dance,lessons,sports,baseball,soccer,fieldhockey,tired,fatigue,exhaustion,sick,home,comfort,dinner,bed,relax,movie,mystery,children,clean,cook,garden,mow,river,playground,basketball,running,walking,exercise,visit,friends,comfort,shopping,groceries,household,gasoline,expensive,Biden,upset,frustrated,inflation,immoral,bad,unpatriotic,election,Trump,good,restore,maga,Desantis,proud,helpful,courageous,vote,loyal,clean,pure,water,thirsty,long,hours,tired,pain,medicine,vitamins,,,,,,,,,,,,,,,,,,,,,,,,,,,,,,,,,,,,,,,,,,,,
1030,,cat,pet,kennel,toy,bowl,plate,box,litter,string,ball,brush,soap,toothpaste,toothbrush,water,soap,tree,leaves,sun,air,sky,plane,bug,ant,bee,wasp,aphids,spiders,snakes,ticks,fleas,vet,doctor,office,desk,counter,table,mat,doorway,outside,inside,carpet,rug,light,nightlight,bulb,tool,toolbox,screwdriver,shelf,hooks,screws,drill,saw,wood,woodbench,dremel,nails,sandpaper,scratcher,catnip,,,,,,,,,,,,,,,,,,,,,,,,,,,,,,,,,,,,,,,,,,,,,,,,,,,,,,,,,,,
1031,,joy,fun,bike,love,phone,sad,excited,depressed,pen,hat,bag,coffee,fan,computer,lights,house,window,roof,door,plant,garden,snail,worm,mailbox,walway,soil,pool,floaty,water,sprinkler,hose,carpet,wood,bed,mirror,sink,tub,wash,shower,bath,sleep,bedsheet,comforter,pillow,night,stand,moon,sun,stars,owl,beach,heat,kids,play,sandastle,swimming,fun,games,,,,,,,,,,,,,,,,,,,,,,,,,,,,,,,,,,,,,,,,,,,,,,,,,,,,,,,,,,,,,,
1032,,life,because,they,bed,computer,car,house,family,love,end,enter,ensure,this,that,pad,stove,plates,mirror,type,friends,phone,new,travel,sister,aunt,michigan,tray,concert,ensure,cursor,passport,remote,book,youtube,short,blind,wall,door,flowers,tray,chair,bike,dog,leg,tile,rug,candle,television,love,types,,,,,,,,,,,,,,,,,,,,,,,,,,,,,,,,,,,,,,,,,,,,,,,,,,,,,,,,,,,,,,,,,,,,,,
1033,,mall,stores,shopping,clothes,waiting,sitting,chairs,boredom,phone,games,browsing,looking,ceiling,gray,colors,visual,auditory,hearing,words,english,spanish,languages,foreign,interesting,unique,special,fun,cool,neat,intriguing,unusual,weird,uncommon,rare,xenophobic,alien,green,mars,moon,cheese,avoid,dont,forbidden,wrong,unlawful,illegal,tropic,warm,suntan,sultan,robes,cozy,snug,loose,fitting,itchy,pensive,worried,blank,time,feeling,,,,,,,,,,,,,,,,,,,,,,,,,,,,,,,,,,,,,,,,,,,,,,,,,,,,,,,,,,,
1034,,dog,house,bed,remote,pencil,letter,tree,cloud,airplane,bucket,collar,chair,air,laugh,smile,joke,tense,listen,fine,sentence,fight,slob,comb,chin,foot,shoe,like,loath,final,ant,family,dry,rain,fence,soak,,,,,,,,,,,,,,,,,,,,,,,,,,,,,,,,,,,,,,,,,,,,,,,,,,,,,,,,,,,,,,,,,,,,,,,,,,,,,,,,,,,,,
1035,,play,nice,joy,hat,place,good,pants,airplane,keyboard,jazz,text,phone,kite,computer,mouse,headphones,camera,android,wire,speakers,monitor,glasses,couch,television,bathroom,bathrobe,room,bed,car,pickleball,racket,court,tennis,basketball,baseball,soccer,read,pikachu,pokemon,diablo,arm,legs,microphone,vacuum,bench,weights,chair,plushie,bear,dog,paper,nail,screwdriver,cabinet,drawer,window,curtains,bag,laptop,keys,wallet,watch,clothes,hoodie,,,,,,,,,,,,,,,,,,,,,,,,,,,,,,,,,,,,,,,,,,,,,,,,,,,,,,,,
1036,,dramaqueen,theophilus,coming,karma,jesus,god,love,real,happy,sad,television,mouse,desktop,keyboard,wallpaper,laptop,sanitizer,moses,cream,husband,wife,son,elder,pastor,wellbeing,house,maserati,duty,days,paper,printer,calm,radio,fridge,block,chrome,,,,,,,,,,,,,,,,,,,,,,,,,,,,,,,,,,,,,,,,,,,,,,,,,,,,,,,,,,,,,,,,,,,,,,,,,,,,,,,,,,,,
1037,,Tame,Lame,Brain,Same,Pen,Fence,Dog,Cat,Fur,Bark,Computer,Screen,Soap,Gold,Silver,Diamond,Ruby,Guitar,Robot,Wall,Wallpaper,Paper,Paperclip,Clip,Hairclip,Painting,Hair,Lips,Eyes,Keys,Cup,Movie,Film,Box,Music,Wand,Ball,Scepter,Bowl,Cannister,Couch,Zebra,Horse,Toy,Outlet,Purse,Chaps,Pants,Jeans,Blouse,Shirt,Skirt,Glasses,Fan,Microphone,Donut,Cookie,Pastry,Icing,Turkey,Candy,Halloween,Pumpkins,Spices,Leaves,Spooky,Ghosts,Stories,Monsters,Supernatural,Show,Color,,,,,,,,,,,,,,,,,,,,,,,,,,,,,,,,,,,,,,,,,,,,,,,,
1038,,play,street,kid,husband,mom,chair,sweep,door,car,alien,stop,cabinet,pillow,this,and,desk,clock,start,end,finish,person,teacher,spouse,ring,toes,flashlight,mask,phone,game,heat,pen,bottle,chimney,bats,picture,candle,frame,light,window,sign,drive,beast,dog,animal,restaurant,traffic,work,cubicle,coworker,band,instrument,strings,drums,paint,border,invasion,time,type,screen,survey,bleak,mild,era,ear,end,and,send,straight,black,bend,switch,van,turn,signal,house,furnace,conditioner,shower,wash,sleep,wake,blanket,toddler,bank,money,pilot,,,,,,,,,,,,,,,,,,,,,,,,,,,,,,,,,,
1039,,goal,try,enjoyment,relaxed,school,home,travel,attention,desire,drugs,educate,alive,healthy,ill,sex,bossom,random,indicate,tour,forex,money,more,rich,poor,knowledge,mini,music,good,dance,walk,roll,run,reach,walk,crawl,ride,ridiculous,reign,fun,fund,fashion,dice,dude,silent,win,,,,,,,,,,,,,,,,,,,,,,,,,,,,,,,,,,,,,,,,,,,,,,,,,,,,,,,,,,,,,,,,,,,,,,,,,,,
1040,,blanket,bear,window,chair,light,book,television,mug,bag,shirt,jeans,lamp,computer,phone,software,plug,mouse,cat,dog,horse,bat,witch,halloween,ghost,dance,shoes,sandals,sweater,gloves,hat,toy,train,car,plane,ruler,remote,monitor,tree,candle,koala,sloth,christmas,easter,painting,clay,tennis,ball,baseball,basketball,pickleball,gymnastics,olympics,jacket,coat,floor,,,,,,,,,,,,,,,,,,,,,,,,,,,,,,,,,,,,,,,,,,,,,,,,,,,,,,,,,,,,,,,,,
1042,,tree,house,car,garage,bicycle,race,winner,podium,medal,game,athlete,sweat,jog,run,football,tennis,baseball,soccer,field,forest,lake,boat,oar,anchor,sail,motor,engine,machine,factory,worker,uniform,police,handcuffs,prisoner,jail,courhouse,judge,gavel,lawyer,paper,envelope,stamp,mailbox,letter,card,birthday,present,gift,ribbon,cat,,,,,,,,,,,,,,,,,,,,,,,,,,,,,,,,,,,,,,,,,,,,,,,,,,,,,,,,,,,,,,,,,,,,,,
1043,,hello,bye,try,cry,cat,dog,him,her,them,computer,Spanish,Dutch,elephant,elaborate,cognitive,sexy,nude,boys,girls,fan,helicopter,sin,Adam,foot,back,neck,chin,television,magnet,phone,brace,jewelry,art,paint,brush,toe,nail,polish,hair,teeth,black,white,sun,moon,stars,water,ocean,whale,music,tablet,screen,door,knob,movie,set,scene,gallery,museum,headache,pills,medicin,medicine,doctor,frog,hot,hog,joggers,paintbrush,eleven,fish,road,highway,bull,penny,quarter,city,town,state,pain,pleasure,will,document,paper,rat,boss,effe,top,,,,,,,,,,,,,,,,,,,,,,,,,,,,,,,,,
1044,,cat,dog,car,went,read,write,ferret,tree,grass,mouse,is,kitten,leaf,dirt,window,door,tv,floor,refrigerator,cold,hot,freezing,scalding,white,brown,black,blue,green,red,yellow,white,black,pink,red,litter,sky,pollution,climate,wheat,weather,grain,forest,ocean,shoes,dress,blouse,shirt,socks,towel,cosmetics,birth,pregnancy,abortion,pen,war,gravel,rock,river,water,fish,school,college,textbook,library,,,,,,,,,,,,,,,,,,,,,,,,,,,,,,,,,,,,,,,,,,,,,,,,,,,,,,,,
1046,,time,watch,fire,top,cape,prat,brat,scat,cop,pop,paper,line,linen,water,wear,rare,quarter,bubble,bub,glock,gun,job,joke,under,train,slain,death,kill,bear,beer,zap,knife,rifle,dapper,nail,board,slick,wet,cut,sword,katana,real,teal,monster,kid,child,bottle,lane,street,car,war,bomb,nuclear,controller,swap,podcast,song,drum,tower,build,boss,manager,,,,,,,,,,,,,,,,,,,,,,,,,,,,,,,,,,,,,,,,,,,,,,,,,,,,,,,,,,
1050,,sun,burn,out,now,time,clock,board,game,break,mode,era,years,past,time,crunch,abs,situp,stand,down,fur,cat,dog,bark,loud,noise,room,bed,frame,work,week,end,last,name,middle,spot,,,,,,,,,,,,,,,,,,,,,,,,,,,,,,,,,,,,,,,,,,,,,,,,,,,,,,,,,,,,,,,,,,,,,,,,,,,,,,,,,,,,,
1051,,Door,Table,Laptop,Window,Television,Radio,Clothes,Belt,Whiteboard,Napkin,Watch,Brush,Comb,Glasses,Alcohol,Smartphone,Cup,Water,Pencil,Mouse,Pill,Chair,Suitcase,Garbage,Key,Kitchen,bathroom,Rug,Pen,Deodorant,Gel,Bed,Box,Computer,Lamp,Wall,Home,Neighbor,Street,Car,Truck,Horn,Construction,Engineer,Mechanic,,,,,,,,,,,,,,,,,,,,,,,,,,,,,,,,,,,,,,,,,,,,,,,,,,,,,,,,,,,,,,,,,,,,,,,,,,,
1052,,desk,is,going,store,hike,yesterday,we,newport,town,mountain,dress,weather,coat,snow,skis,sled,door,escape,getaway,rental,hotel,yosemite,hiking,backpacking,shopping,ceiling,wall,computer,iphone,power,cord,can,cup,trash,floor,rug,table,work,team,negative,stories,rumors,haunting,ghost,tour,williamsburg,book,read,lots,writer,author,novels,games,word,hard,,,,,,,,,,,,,,,,,,,,,,,,,,,,,,,,,,,,,,,,,,,,,,,,,,,,,,,,,,,,,,,,,
1054,,cat,fur,legs,snickers,road,car,door,sit,window,street,buildings,birds,sky,clouds,rain,fall,leaves,decoration,helloween,costumes,candy,night,streetlights,moon,bat,mouse,hole,house,warm,light,,,,,,,,,,,,,,,,,,,,,,,,,,,,,,,,,,,,,,,,,,,,,,,,,,,,,,,,,,,,,,,,,,,,,,,,,,,,,,,,,,,,,,,,,,
1055,,outside,fall,trees,leaves,air,grass,birds,squirrls,water,fish,dogs,cats,lions,tigers,gray,black,pink,pig,fat,round,mud,dirt,horse,goat,duck,olivia,morgan,pete,morgan,color,sky,grass,green,grass,flowers,plants,dirt,soil,roses,daises,hippos,gray,elephant,hello,Msrachel,,,,,,,,,,,,,,,,,,,,,,,,,,,,,,,,,,,,,,,,,,,,,,,,,,,,,,,,,,,,,,,,,,,,,,,,,,,
1056,,happy,sad,joy,compassion,love,peace,kindness,gentleness,faith,companion,tree,hourse,yard,horse,house,trip,vacation,rapid,fast,slow,table,floor,mat,car,truck,air,water,sky,limit,gas,coal,fire,wet,dry,drop,castle,wagon,airplane,jump,rope,exercise,weight,walk,run,travel,vacation,woman,girl,man,boy,baby,sister,brother,mother,father,aunt,uncle,neice,nephew,cousin,family,toaster,,,,,,,,,,,,,,,,,,,,,,,,,,,,,,,,,,,,,,,,,,,,,,,,,,,,,,,,,,
1057,,lucky,ghost,button,monkey,thread,ribbon,violence,drab,turn,worlds,purple,crayon,dribble,acorn,trees,fellow,mind,kissing,laughing,running,portray,sudden,moving,cars,dust,clouds,raindrops,thunder,glitter,dancing,shoes,broken,bones,gaping,tooth,shatters,candles,whisper,lights,glisten,makeup,dazzles,lipstick,stains,wine,glasses,falter,spills,messes,frills,baskets,maize,dusk,settles,dawn,erupts,shoots,,,,,,,,,,,,,,,,,,,,,,,,,,,,,,,,,,,,,,,,,,,,,,,,,,,,,,,,,,,,,,,
1058,,money,chain,diabolical,text,game,mafia,girlfriend,jeep,spy,wrench,laptop,this,picture,time,table,mossy,bear,rain,toolbox,secret,job,gorgeous,why,insecure,noise,bass,thump,trunk,done,,,,,,,,,,,,,,,,,,,,,,,,,,,,,,,,,,,,,,,,,,,,,,,,,,,,,,,,,,,,,,,,,,,,,,,,,,,,,,,,,,,,,,,,,,,
1059,,fun,joy,take,give,nutrition,book,flower,leaves,tree,stem,bush,color,computer,mouse,desktop,laptop,watch,earrings,necklace,ring,glass,straw,glases,contacts,wire,cable,headset,speaker,tv,raido,chair,table,stairs,walls,ceiling,light,switch,ladder,garden,yard,swim,pool,lamp,vase,frame,picture,notebook,pape,folder,ball,pen,pencil,bear,dog,cat,fish,snake,worm,grass,dry,mulch,roof,house,street,road,small,big,medium,large,huge,giant,white,man,woman,curtains,blinds,sunroom,keybord,music,speak,brother,,,,,,,,,,,,,,,,,,,,,,,,,,,,,,,,,,,,,,,
1060,,chair,table,park,swing,pool,garden,fork,clock,car,battery,lights,summer,flower,rain,winter,snow,christmas,bow,wreath,camel,zoo,baby,pumpkin,airplane,school,bus,notebook,library,floor,door,machine,clothes,drapes,castle,moat,horse,zebra,lizard,mother,dress,coat,shows,movie,radio,computer,refrigerator,shelves,pictures,ottoman,empire,queen,king,duke,prince,medieval,,,,,,,,,,,,,,,,,,,,,,,,,,,,,,,,,,,,,,,,,,,,,,,,,,,,,,,,,,,,,,,,,
1062,,monitor,keyboard,mouse,router,plug,outlet,socket,wire,cable,box,silver,wood,brown,plate,pole,rod,curtain,jeans,rack,rivet,jacket,shirt,button,cuff,chess,card,vape,beach,bully,street,nail,finger,bruise,hair,grill,sun,moon,bird,stars,snow,igloo,wind,air,spoon,tv,phone,tissue,napkin,paper,plate,pot,strainer,toaster,stairs,button,alcohol,whiskey,wine,beer,cloth,dirt,sand,dust,,,,,,,,,,,,,,,,,,,,,,,,,,,,,,,,,,,,,,,,,,,,,,,,,,,,,,,,,
1063,,Computer,tablet,box,phone,bag,list,video,pen,desk,paper,sign,grass,staple,glass,toy,top,house,car,van,chair,sofa,screen,mouse,door,,,,,,,,,,,,,,,,,,,,,,,,,,,,,,,,,,,,,,,,,,,,,,,,,,,,,,,,,,,,,,,,,,,,,,,,,,,,,,,,,,,,,,,,,,,,,,,,
1064,,cloud,sky,sun,moon,star,planet,galaxy,universe,ship,space,nebula,fire,ice,crystal,snow,cold,freeze,winter,summer,sun,heat,beach,sand,wind,waves,surfing,skiing,snowboarding,skateboarding,park,grass,bench,blanket,catch,tag,game,play,fun,child,school,street,lane,spot,meter,drive,car,door,trunk,hood,latch,seat,gas,station,road,turn,straight,left,right,reverse,park,house,door,window,kitchen,basement,attic,bedroom,living,mail,phone,computer,charger,glasses,jeans,shoe,sock,shirt,hair,eye,key,lock,box,bank,money,safe,teller,walk,go,bag,help,right,wrong,call,text,letter,send,receive,travel,stay,remote,office,chair,desk,table,pencil,pen,stapler,,,,,,,,,,,,,
1065,,park,start,fly,bar,plan,stake,cart,flop,smart,type,cat,follow,neighbor,shark,smell,tainted,class,bible,flow,farm,pigs,stink,celebrate,carbon,flight,airplane,forget,smudge,panther,vehicle,sharp,canary,lopsided,flowers,snapped,collate,filter,sponge,tongue,flange,thump,train,collect,dues,format,sparks,stellar,church,vacation,school,target,practice,phenomenal,parkour,complicated,staff,shampoo,parthenon,kangaroo,flips,snows,driver,tension,pharmacy,,,,,,,,,,,,,,,,,,,,,,,,,,,,,,,,,,,,,,,,,,,,,,,,,,,,,,,,
1066,,basketball,football,soccer,tennis,table,scarf,shoe,star,heels,bed,robe,shirt,pants,jacket,coat,rag,shower,bath,basket,box,exercise,weights,barbells,trash,mouse,horse,dog,cat,pet,bird,turkey,peacock,cow,shark,whale,dolphin,clam,lobster,seaweed,crab,sting,ray,ocean,water,lake,pond,puddle,sea,black,yellow,orange,pink,yellow,blue,purple,green,eyes,nose,ears,neck,hands,feet,,,,,,,,,,,,,,,,,,,,,,,,,,,,,,,,,,,,,,,,,,,,,,,,,,,,,,,,,,
1067,,candle,cane,ripped,sheet,handle,softly,cow,bird,chicken,hen,mouse,computer,screen,brash,brazan,clipper,mow,lawn,fish,swim,type,trap,tramp,snail,light,dark,campus,school,learn,fun,help,ask,shout,tendril,clap,half,fence,broken,paper,plate,bottle,rum,liquid,water,cup,dirt,grass,head,hair,finger,glasses,rag,tag,band,group,please,rip,kill,trounce,bounce,house,lawn,car,road,sky,mountain,,,,,,,,,,,,,,,,,,,,,,,,,,,,,,,,,,,,,,,,,,,,,,,,,,,,,,
1068,,pink,crystal,magic,vagina,penis,like,poor,kindle,forget,yoghurt,bingo,christmas,normal,begin,hinge,listen,lonely,thing,together,reignring,reign,hang,truth,yours,mine,kite,right,left,window,shelf,garage,hat,front,kiss,drop,kangaroo,listerine,yarn,pond,fish,dolphin,dog,jingle,bell,man,woman,dear,deer,first,second,third,gray,pattern,ginger,hello,pray,alley,trail,mix,garden,flower,lily,ocean,priest,trainer,workout,treadmill,,,,,,,,,,,,,,,,,,,,,,,,,,,,,,,,,,,,,,,,,,,,,,,,,,,,,
1069,,fortnite,game,television,cat,dog,box,fan,heater,watch,phone,toy,pumpkin,water,coat,pants,shirt,socks,shoes,sweater,flannel,blanket,pillow,door,window,speaker,music,heater,coffee,desk,vape,charger,controller,remote,mouse,laptop,fun,carving,collect,money,wait,fun,study,sandals,shorts,,,,,,,,,,,,,,,,,,,,,,,,,,,,,,,,,,,,,,,,,,,,,,,,,,,,,,,,,,,,,,,,,,,,,,,,,,,,
1070,,snow,car,computer,desk,cellphone,lamp,car,building,train,office,television,heater,coat,cat,dog,circus,team,diary,job,bag,bed,chair,hair,eyes,nose,elephant,lion,tiger,giraffe,panther,pants,socks,shoes,shirt,dress,light,paper,fan,screen,floor,ceiling,drawer,,,,,,,,,,,,,,,,,,,,,,,,,,,,,,,,,,,,,,,,,,,,,,,,,,,,,,,,,,,,,,,,,,,,,,,,,,,,,,
1071,,sea,ocean,map,world,globe,visuals,art,paintings,love,happiness,depression,sadness,anger,emotions,feelings,pants,shirts,shoes,underwear,comfortable,home,cozy,sofa,chair,table,feet,bike,car,walk,air,sky,lust,charm,bracelet,keychain,music,notes,lyrics,poetry,poems,writing,writers,necklace,fork,spoon,airballoon,fly,wings,plane,train,vehecles,bus,charter,camp,hike,field,sports,football,basketball,tennis,soccor,olympics,gymnastics,figureskating,vinyl,cd,vhs,tape,watercolor,anime,animations,movies,theatre,opera,tvshows,radio,show,orchestra,symphony,concert,band,telescope,,,,,,,,,,,,,,,,,,,,,,,,,,,,,,,,,,,,,,
1072,,river,bend,lake,lamp,show,tent,bag,bear,lion,tiger,job,deadline,love,hate,long,day,night,star,planet,car,camp,lower,bank,creek,mountain,dessert,sean,beach,shovel,harp,song,gene,music,kite,wind,rock,time,second,minute,menu,data,read,dash,gross,lab,study,book,tweet,pending,earn,fight,,,,,,,,,,,,,,,,,,,,,,,,,,,,,,,,,,,,,,,,,,,,,,,,,,,,,,,,,,,,,,,,,,,,,
1073,,cat,computer,fat,floor,hanger,paper,flame,lint,chair,pen,cloth,island,earwax,tree,sofa,shoe,mirror,sing,toad,pillow,snot,cologne,pill,plug,mattress,lotion,,,,,,,,,,,,,,,,,,,,,,,,,,,,,,,,,,,,,,,,,,,,,,,,,,,,,,,,,,,,,,,,,,,,,,,,,,,,,,,,,,,,,,,,,,,,,,
1074,,bull,tough,cold,frigid,harsh,serene,calming,invigorating,extreme,magical,fluid,cooling,relaxed,aged,experienced,dark,mysterious,wet,liquid,hot,harmful,poison,towel,absorb,combine,link,connect,tablet,table,tear,separate,combination,lock,key,metal,sun,moon,stars,ribbon,medal,meddle,melting,focused,disciplined,training,train,wagon,engine,eight,turn,place,revolve,spin,cycle,washer,cat,scratch,claw,wiggle,fat,round,balloon,kite,bicycle,,,,,,,,,,,,,,,,,,,,,,,,,,,,,,,,,,,,,,,,,,,,,,,,,,,,,,,,
1075,,bath,bored,animal,tasks,cleaning,talking,horror,movie,high,color,books,art,crafts,read,games,cuddle,join,relax,help,cut,cook,eat,play,good,shower,water,swallow,bored,candle,lonely,,,,,,,,,,,,,,,,,,,,,,,,,,,,,,,,,,,,,,,,,,,,,,,,,,,,,,,,,,,,,,,,,,,,,,,,,,,,,,,,,,,,,,,,,,
1076,,house,job,horse,garden,flower,trail,bug,grass,pool,shingles,fingernail,cough,rug,cat,dust,toothbrush,saw,yarn,hook,burlap,picture,makeup,girdle,horse,saddle,cloud,sky,tree,bird,shed,fork,spoon,knife,bowl,glass,sponge,ball,slingshot,nailpolish,bed,bedspread,refrigerator,oven,tile,wood,plants,ceramic,car,leather,cow,pavement,paintbrush,hammer,ruler,penci,pencil,pen,paper,paint,paperclip,coffeecup,box,tape,stapler,stationary,train,knittingneedles,,,,,,,,,,,,,,,,,,,,,,,,,,,,,,,,,,,,,,,,,,,,,,,,,,,,,
1077,,tape,paper,box,towel,bottle,cap,tree,farm,clip,printer,monitor,shoe,carpet,bag,spray,pat,tin,clip,hanger,hang,lace,fabric,shirt,shorts,pants,card,note,bandage,bush,grass,squirrel,war,owner,slow,crush,brush,cap,hat,board,fly,cart,wagon,zip,line,cord,necklace,chalk,,,,,,,,,,,,,,,,,,,,,,,,,,,,,,,,,,,,,,,,,,,,,,,,,,,,,,,,,,,,,,,,,,,,,,,,,
1078,,autumn,fall,leaves,rainy,paint,neighbors,conservative,halloween,decorations,candy,walking,cold,blizzard,sweater,long,zoo,animals,parking,germs,plants,lantern,box,delivery,money,debt,solar,dry,taxes,rake,yard,headphones,journal,pens,phone,plate,bottle,brick,whitewash,rich,time,money,hire,workers,summer,winter,spring,flowers,hot,planting,digging,dirt,bulb,,,,,,,,,,,,,,,,,,,,,,,,,,,,,,,,,,,,,,,,,,,,,,,,,,,,,,,,,,,,,,,,,,,,
1079,,backyard,fence,post,office,chair,board,shorts,film,camera,lights,action,star,shine,oil,matte,opaque,transparent,clear,seethrough,naked,mesh,bag,bean,chicago,milleniumpark,mayor,governor,president,oval,circle,square,boring,ordinary,skincare,lotion,moisturizer,hydrate,water,swim,pool,snooker,pool,cue,line,dance,boot,trunk,elephant,rhino,plastic,surgery,surgeon,general,hospital,health,care,bear,honey,darling,lover,mistress,affair,current,electric,spark,volt,car,vehicle,auto,bus,wheels,bike,motorcycle,gang,colors,rainbow,sprinkles,cake,bakery,shop,,,,,,,,,,,,,,,,,,,,,,,,,,,,,,,,,,,,,,,,
1080,,cat,dog,scratch,bite,food,sunshine,cold,hot,air,lake,fur,nails,tree,leaves,summer,winter,autumn,spring,october,pumpkin,madden,lord,of,the,fallen,GOD,bad,bone,skeleton,flakes,frosted,cereal,milk,pepsi,wild,hyper,pen,sell,now,money,need,games,roblox,character,fortnite,ugly,pretty,slim,slime,sugar,diabetes,type2,blood,pressure,,,,,,,,,,,,,,,,,,,,,,,,,,,,,,,,,,,,,,,,,,,,,,,,,,,,,,,,,,,,,,,,,,
1082,,key,door,whale,ocean,sky,red,moon,sun,lion,dog,cat,keyboard,computer,mouse,rat,fridge,oven,napkin,payment,cost,money,dollar,yen,pesos,border,state,city,capital,country,world,social,jeopardy,bank,store,street,sidewalk,streetlamp,chalk,writing,rules,surveys,virus,bad,evil,good,great,cloud,rain,stars,flashlight,grass,sheep,sheer,balk,,,,,,,,,,,,,,,,,,,,,,,,,,,,,,,,,,,,,,,,,,,,,,,,,,,,,,,,,,,,,,,,,,
1084,,dog,hat,couch,television,desk,chair,box,pickle,car,rug,animal,testosterone,milk,tampon,leg,arm,hair,eyeball,nose,booger,list,dam,beaver,rodent,lisp,ranch,tickle,little,amphibian,morgue,cheese,radio,silence,went,by,bye,hello,goodbye,farm,sky,blue,lavender,purple,cloud,discovery,teachable,wax,candle,theory,temple,hurt,shadow,cow,beef,purse,wallet,money,rich,wealthy,champagne,muppet,window,door,conditioner,forge,forget,check,cash,tandem,,,,,,,,,,,,,,,,,,,,,,,,,,,,,,,,,,,,,,,,,,,,,,,,,,,
1085,,ask,think,that,is,what,was,will,do,be,why,want,throw,toss,envelope,scissors,microphone,headphones,guitar,keyboard,saxophone,gun,robot,speakers,clock,radio,lightbulb,refridgerator,table,towel,soap,shoes,socks,pants,shirt,window,vehicle,scooter,car,truck,airplane,boat,pogo,skateboard,rollerskates,sunshine,moon,tree,stars,ocean,lake,planet,volcano,ship,water,spear,chair,nipple,basket,bell,bedspread,pillow,candle,sneakers,sandals,lamp,,,,,,,,,,,,,,,,,,,,,,,,,,,,,,,,,,,,,,,,,,,,,,,,,,,,,,,
1086,,Hi,mean,tow,got,dam,got,goat,gift,computer,game,keyboard,fan,phone,stocker,sticker,paper,pen,pencil,ball,light,lamp,mouse,shelf,desk,chair,sofa,bottle,door,jacket,wood,iron,metal,gold,sliver,bronze,ipad,iphone,android,cord,charger,location,controller,tv,battery,remote,postcard,cream,,,,,,,,,,,,,,,,,,,,,,,,,,,,,,,,,,,,,,,,,,,,,,,,,,,,,,,,,,,,,,,,,,,,,,,,,
1089,,sticker,book,baby,boy,doll,hair,ponytail,girl,flower,suit,sweatpants,comfortable,sign,gren,traffic,highway,drive,car,fast,go,dow,word,speak,bottle,water,speed,motorcycle,shift,lane,change,white,yellow,truck,sedan,tractor,lane,building,hospital,medicine,doctor,prescription,pharmacist,pharmacy,pill,medicine,liquid,solid,mail,distribution,envelope,blue,mall,cheesecake,eat,dinner,car,cross,church,cross,religion,veil,hair,cover,christian,black,colors,book,crayon,markers,amazon,shopping,yeti,drinkware,thermos,deals,sale,baby,,,,,,,,,,,,,,,,,,,,,,,,,,,,,,,,,,,,,,,,,,,
1090,,bulgaria,palestine,bottle,climate,change,hot,ocean,television,celebrities,stinky,deodoranr,headband,hair,clip,river,otter,giant,fish,crustacean,school,hawaii,emergency,intercom,slay,bestie,fidget,neurodivergent,extra,tongue,chiropractor,toothbrush,gravity,universe,small,bird,indigenous,connected,,,,,,,,,,,,,,,,,,,,,,,,,,,,,,,,,,,,,,,,,,,,,,,,,,,,,,,,,,,,,,,,,,,,,,,,,,,,,,,,,,,
1091,,paint,canvas,top,chain,bike,grass,tree,root,gas,vase,water,dolphin,germ,pill,vaccine,needle,wipes,headphones,diary,bottle,towel,hotel,card,sympathy,ego,mirror,mind,app,phone,labratory,focus,upsetting,neon,night,sidewalk,cement,Roman,architecture,plumbing,hammer,,,,,,,,,,,,,,,,,,,,,,,,,,,,,,,,,,,,,,,,,,,,,,,,,,,,,,,,,,,,,,,,,,,,,,,,,,,,,,,,
1092,,football,soccer,baseball,basketball,touch,feel,love,heart,lungs,organs,skin,lotion,cream,hair,scalp,dandruff,shampoo,store,shirts,marvel,hero,911,terrorist,gaza,hamas,israel,zionism,zemurray,banana,panama,canal,boat,water,ocean,salt,waves,surf,beach,suntan,red,burn,fire,fireman,brother-in-law,sister,nephew,kid,baby,pacifier,crib,rock,song,lullaby,sad,emotion,crying,,,,,,,,,,,,,,,,,,,,,,,,,,,,,,,,,,,,,,,,,,,,,,,,,,,,,,,,,,,,,,,,
1093,,lavender,walks,through,floor,under,rug,ceiling,above,door,solar,panel,energy,moon,in,sky,wonder,more,life,curious,toddler,plays,dog,chased,cat,color,me,blue,red,party,door,jack,of,trades,pumpkin,kingg,halloween,samhian,celtic,lore,christmas,is,coming,pillow,covers,always,blanket,in,cold,curtains,for,room,water,for,life,rivers,run,ocean,,,,,,,,,,,,,,,,,,,,,,,,,,,,,,,,,,,,,,,,,,,,,,,,,,,,,,,,,,,,,,,
1094,,medical,weight,fatigue,drug,medication,management,disease,state,symptom,keyboard,mouse,screen,game,video,entertainment,manicure,pamper,art,watercolor,abstract,painting,tubes,pans,cakes,gouache,oil,acrylic,knit,sew,crochet,yarn,fabric,fiber,needle,hook,enjoyment,relaxation,clay,pottery,glazing,breaking,snapping,play,run,walk,jump,skip,hop,cat,dog,veterinarian,illness,assessment,treatment,spend,drive,park,wait,brake,lock,key,doorknob,cabinet,,,,,,,,,,,,,,,,,,,,,,,,,,,,,,,,,,,,,,,,,,,,,,,,,,,,,,,,,
1095,,cloud,dirt,ant,bug,garden,sky,time,watch,clock,house,car,drive,park,leaves,clean,fall,winter,sprting,spring,summer,beach,sun,stars,moon,space,planet,grass,cows,barn,farm,dogs,cats,hats,mats,basement,bathroom,mouse,grasshopper,shopper,block,mall,store,clothes,shoes,garage,cement,book,page,word,letter,paragraph,sentence,period,comma,coma,hospital,doctor,nurse,needle,blood,shot,vaccine,paper,printer,computer,phone,application,bill,payment,wire,check,audio,raise,least,most,have,spray,candle,pen,pencil,goat,sheep,lion,tiger,turtle,marker,highlight,spread,closet,blanket,socks,ink,squid,jellyfish,shark,dolphin,starfish,crab,,,,,,,,,,,,,,,,,,,,,,
1096,,dog,bark,tree,leaf,summer,fall,grass,sunshine,beach,ocean,sand,travel,plane,sky,night,moon,stars,telescope,backyard,fire,drinks,party,family,friends,gathering,happy,sad,blue,foggy,graves,halloween,pumkins,carving,scary,horror,movies,rain,gloomy,walking,trails,nature,mountains,river,stream,salmon,bears,hunting,rifle,deer,rabbits,parks,trees,oak,acorns,,,,,,,,,,,,,,,,,,,,,,,,,,,,,,,,,,,,,,,,,,,,,,,,,,,,,,,,,,,,,,,,,,
1097,,School,Classes,students,teachers,lockers,assignments,Tests,Quizes,Presentations,Principal,Admin,Bus,Home,Parents,Relax,Sleep,Pets,Games,Walking,Park,Sports,Talking,Nature,FOuntain,Running,Fall,Grass,Flowers,Wildlife,Building,Empty,Return,Clothes,Brush,Teeth,Lie,Sit,,,,,,,,,,,,,,,,,,,,,,,,,,,,,,,,,,,,,,,,,,,,,,,,,,,,,,,,,,,,,,,,,,,,,,,,,,,,,,,,,,,
1098,,portal,technology,innovation,science,engineering,robots,physics,computerscience,algorithm,metrics,meter,measurement,longitude,latitude,horizon,equator,Tropical,Banana,yellow,Dog,Bark,Loud,Sound,Waves,Physics,College,Studying,Friends,Relationships,Intense,Videogame,Controller,Buttons,Plastic,Island,Turtles,Climate,Sea,Florida,Cubano,Miami,Vice,Vegas,,,,,,,,,,,,,,,,,,,,,,,,,,,,,,,,,,,,,,,,,,,,,,,,,,,,,,,,,,,,,,,,,,,,,,,,,,,,,
1099,,noon,shootout,west,cowboy,horse,shoe,nike,athlete,basketball,jump,hoop,hula,dancer,ballet,slipper,eel,fish,hook,line,sinker,float,innertube,tire,bicycle,race,travel,nature,monkeys,jungle,bugs,rain,precipitation,blizzard,shovel,driveway,car,license,gun,rifle,,,,,,,,,,,,,,,,,,,,,,,,,,,,,,,,,,,,,,,,,,,,,,,,,,,,,,,,,,,,,,,,,,,,,,,,,,,,,,,,,
1100,,giraffe,keeper,enclosure,fence,rhino,zoo,aza,top,gate,people,guests,hippo,cat,dog,guinea,pig,ferret,fish,dog,bird,entrance,money,ticket,igloo,waterfall,swing,enrichment,game,cards,table,chair,sofa,couch,light,dark,night,day,sun,moon,rainbow,class,book,study,exam,text,answers,,,,,,,,,,,,,,,,,,,,,,,,,,,,,,,,,,,,,,,,,,,,,,,,,,,,,,,,,,,,,,,,,,,,,,,,,,
1101,,blah,lotion,fence,laptop,indeed,why,what,where,who,screen,ground,sky,bill,lamp,desk,random,computer,suck,tree,bird,flower,okay,hot,heater,heart,high,hippy,house,hat,horse,gate,golf,girl,get,intrinsic,involve,involvement,inch,inching,centimeter,centipede,fly,no,go,skirt,orange,power,pillow,yellow,yell,rug,carpet,cap,cat,black,band,rubber,wall,paint,study,research,doing,yes,key,shoe,stop,look,me,,,,,,,,,,,,,,,,,,,,,,,,,,,,,,,,,,,,,,,,,,,,,,,,,,,,
1102,,bed,child,teach,read,learn,rain,wind,sun,moon,letter,ladder,mind,son,daughter,mend,soon,tie,lie,need,seed,lend,mend,pool,pot,pill,doll,look,see,seem,sent,wash,win,lose,draw,connect,comet,star,shadow,worn,torn,tire,fire,want,was,sad,sand,land,late,hang,lot,dime,penny,quarter,you,her,she,he,man,woman,fan,dad,mad,mom,stomp,amp,lamp,camp,find,behind,raw,awe,cat,rat,hat,sat,mat,,,,,,,,,,,,,,,,,,,,,,,,,,,,,,,,,,,,,,,,,,,,
1103,,tree,shrub,bush,flower,ants,lions,tiger,elephants,cat,dog,bird,bat,ball,field,game,monopoly,money,cents,centipede,worm,cardinal,owl,hawk,dolphin,whale,fish,perch,trout,minnows,salmon,water,ocean,river,stream,creek,creak,wood,harness,leash,ears,toes,eyes,eyebrow,nose,forehead,hair,head,neck,chin,cheek,makeup,eyeliner,blush,foundation,powder,setting,brush,curler,dryer,towel,shower,soap,shampoo,conditioner,lotion,oil,face,chest,stomach,muscles,arm,leg,elbow,wrist,hand,fingers,thumb,nails,fingernail,knee,bones,,,,,,,,,,,,,,,,,,,,,,,,,,,,,,,,,,,,,,,
1104,,dog,bat,ball,frame,photo,chair,dish,couch,television,radio,clock,daughter,camera,book,glass,phone,brush,headphones,cat,window,door,tree,boc,router,dvd,game,record,cd,table,flower,coffee,cup,pen,pencil,card,kleenix,napkin,fork,spoon,knife,keyboard,mouse,pad,case,clipboard,paper,newspaper,magazine,,,,,,,,,,,,,,,,,,,,,,,,,,,,,,,,,,,,,,,,,,,,,,,,,,,,,,,,,,,,,,,,,,,,,,,,
1105,,towel,beach,water,shark,week,month,year,season,basketball,team,suns,phoenix,trophy,twitter,stupid,people,animals,love,shelter,donate,money,work,freelance,design,interface,clear,lists,organization,order,herd,goats,stinky,ugly,bearded,perfect,horns,bashing,judging,glare,intense,wild,wilderness,forest,dark,clouds,mountain,hiking,northwest,autumn,,,,,,,,,,,,,,,,,,,,,,,,,,,,,,,,,,,,,,,,,,,,,,,,,,,,,,,,,,,,,,,,,,,,,,,
1106,,game,elephant,tiger,dog,cat,tree,owl,hammer,drill,amazing,cheetah,africa,europe,asia,japan,korea,canada,snow,rain,clouds,air,earth,mars,saturn,jupiter,pluto,moon,sun,planets,solar,stars,storm,hurricane,tornado,flat,hills,mountain,seasonal,autumn,summer,spring,winter,january,december,october,may,june,july,august,september,mail,court,car,carnival,disney,universal,orlando,florida,reading,science,history,historyscience,alligator,waterfall,lake,ocean,pond,frogs,ribbon,bow,arrow,spear,sword,finished,,,,,,,,,,,,,,,,,,,,,,,,,,,,,,,,,,,,,,,,,,,,,,
1107,,give,hate,love,gone,laugh,steal,jump,sit,clap,window,ugly,beautiful,pant,point,hand,tongue,feet,kick,ball,gun,paint,bus,car,truck,ship,neat,dirty,dump,refuse,use,fit,spare,pair,repair,aparment,rat,ram,pink,red,yell,ill,sick,tired,boot,boat,lion,zebra,,,,,,,,,,,,,,,,,,,,,,,,,,,,,,,,,,,,,,,,,,,,,,,,,,,,,,,,,,,,,,,,,,,,,,,,,
1108,,book,read,tree,tb,dietcoke,soda,window,shade,friend,joke,keep,try,people,dissertation,ethics,research,well,begin,life,meaning,place,physical,activity,exercise,love,reason,go,home,death,quest,forever,how,family,reflect,house,hair,ring,jewelry,lifestyle,nature,tree,bush,camping,fire,mushrooms,rice,meat,diet,culture,image,selfesteem,car,muscle,motorcycle,wine,water,beverage,jam,child,make,cookies,halloween,neighborhood,culdesac,belonging,drugs,meth,heroin,schizophrenia,mental,illness,cabinet,garage,party,shame,sadness,,,,,,,,,,,,,,,,,,,,,,,,,,,,,,,,,,,,,,,,,,,,
1109,,mashed,car,table,ants,beard,cat,scorpion,pen,cattle,monitor,bee,song,breast,chick,friend,fat,fabulous,fan,front,fridge,card,desk,people,candy,smoke,cand,candle,blanket,seen,seed,forcast,sun,crisp,pillow,bed,closet,chair,baseboard,wall,walker,wait,waist,fish,squirrel,antelope,zebra,ministetr,,,,,,,,,,,,,,,,,,,,,,,,,,,,,,,,,,,,,,,,,,,,,,,,,,,,,,,,,,,,,,,,,,,,,,,,,
1110,,pool,base,house,rust,garage,loop,loon,tip,type,clip,lip,pill,pliers,pint,pinto,bean,beans,not,accident,laugh,funny,head,thought,study,easy,simple,words,maybe,not,typer,typee,horse,penguin,jello,human,robot,animal,machine,tree,fall,cave,cold,hot,soy,geode,good,bad,killer,healer,music,song,vinyl,scratch,sentence,principle,fail,succeed,opposite,,,,,,,,,,,,,,,,,,,,,,,,,,,,,,,,,,,,,,,,,,,,,,,,,,,,,,,,,,,,,,
1111,,blanket,bag,math,cup,phone,wall,board,coat,winter,snake,cat,pillow,bed,child,warm,cupboard,shirt,pants,pokemon,dog,envelope,carpet,car,truck,bottle,flimsy,shake,draw,forward,badger,elephant,dolphin,cancel,pencil,eraser,pen,pink,yellow,red,orange,green,blue,purple,white,black,gray,silver,gold,queen,theater,music,royalty,paragon,horn,new,costume,thread,dance,fight,captain,munchkin,fluffy,tour,all,full,love,lily,medal,tulip,pot,rose,flower,lilac,daffodil,kitty,grass,yard,house,deft,,,,,,,,,,,,,,,,,,,,,,,,,,,,,,,,,,,,,,,,,
1112,,stairs,calm,marsh,butterfly,stove,wind,cloud,run,chariot,house,mediate,frog,towel,bored,sleep,drive,hammer,drawing,drone,shoes,jar,glistening,start,brakes,zebra,collide,perfume,volume,drought,quit,tall,short,yellow,markers,karaoke,chain,,,,,,,,,,,,,,,,,,,,,,,,,,,,,,,,,,,,,,,,,,,,,,,,,,,,,,,,,,,,,,,,,,,,,,,,,,,,,,,,,,,,
1113,,cat,computer,house,far,list,focus,comfort,leaf,bundle,fireplace,elephant,fern,crocus,muscle,antelope,fear,moon,author,comma,elevate,commercial,fondue,camel,elevator,time,construct,cannon,dragon,cave,vehicle,whisk,brain,fast,license,pool,lost,fancy,hive,dance,doorway,cactus,,,,,,,,,,,,,,,,,,,,,,,,,,,,,,,,,,,,,,,,,,,,,,,,,,,,,,,,,,,,,,,,,,,,,,,,,,,,,,,
1114,,car,dog,tree,monkey,chair,bong,phone,laptop,tree,mower,wheel,brick,plane,airport,taxi,stoplight,traffic,pedestrian,line,yellow,orange,green,blue,red,purple,van,galaxy,star,planet,supernova,couch,tv,radio,am,fm,light,stapler,case,suit,tie,shirt,pants,socks,shoes,laces,fingers,toes,knees,legs,arms,torso,head,hair,lips,eyes,flashlight,stapler,cellphone,mouse,keyboard,button,headset,stand,chair,couch,desk,ship,sail,rudder,keel,waves,sun,breeze,gust,clouds,rain,,,,,,,,,,,,,,,,,,,,,,,,,,,,,,,,,,,,,,,,,,,,
1115,,cat,dog,fish,rabbit,coffee,book,fire,pillow,couch,bed,park,car,store,light,comb,water,knife,fork,television,skate,bench,car,mug,cup,plate,phone,box,fan,light,purse,school,life,curtain,tooth,shower,bath,monitor,card,shop,purse,backpack,sword,green,pink,blue,picture,mouse,medicine,baby,toddler,cry,smile,,,,,,,,,,,,,,,,,,,,,,,,,,,,,,,,,,,,,,,,,,,,,,,,,,,,,,,,,,,,,,,,,,,,
1116,,dog,run,park,squirrel,chase,pond,reeds,lake,boat,fish,sky,birds,fly,sunset,orange,blaze,smog,fill,tree,house,white,mansion,float,sleep,quiet,mouse,door,hole,baseboard,baseball,pitch,crack,fly,watch,slam,noise,cars,traffic,fog,lights,freeway,border,run,highway,desert,plants,grass,roll,play,ocean,vast,ship,cargo,waves,storm,tip,roll,,,,,,,,,,,,,,,,,,,,,,,,,,,,,,,,,,,,,,,,,,,,,,,,,,,,,,,,,,,,,,,
1117,,boar,bruh,among,us,fortnite,sussy,baka,i,love,angel,she,oh,forgot,not,intention,keyboard,clikc,squek,dog,noise,snake,jog,run,feet,burger,goat,ham,york,newyork,democrats,liberals,leftists,satan,eucharist,love,christ,jesus,father,mother,child,family,mouse,footsteps,bus,cute,nise,nose,eyeballs,face,fornication,murder,adultery,theft,commandments,decalogue,beautitudes,positive,mature,peterson,biblical,esther,woman,type,archetype,mary,greatest,george,farmer,abel,cain,murder,squeak,desk,space,bar,lawyer,jimmy,,,,,,,,,,,,,,,,,,,,,,,,,,,,,,,,,,,,,,,,,,,
1118,,deer,street,hey,water,sun,rabbit,grass,tree,gobble,sky,blue,red,yellow,purple,white,black,path,sand,string,rope,death,life,war,gun,take,him,car,drive,above,blue,never,leave,leaf,hello,goodbye,back,forth,gun,down,tire,cab,set,wrench,above,me,you,him,her,time,wheel,spin,gargle,smile,frown,fertile,seed,grape,orange,good,up,left,right,no,yes,purple,,,,,,,,,,,,,,,,,,,,,,,,,,,,,,,,,,,,,,,,,,,,,,,,,,,,,,,
1119,,candle,fan,ear,air,flower,orchid,building,traffic,rose,chair,couch,home,beauty,age,sky,weather,sweater,bed,nose,finger,thumb,song,horn,train,plain,cone,pyramid,computer,picture,needle,soap,kitchen,sugar,poison,taste,fat,protein,science,dog,language,label,flame,,,,,,,,,,,,,,,,,,,,,,,,,,,,,,,,,,,,,,,,,,,,,,,,,,,,,,,,,,,,,,,,,,,,,,,,,,,,,,
1120,,dog,cat,walk,chain,park,grass,pth,outdoors,sun,clouds,heat,rain,cold,sky,blue,green,yellow,red,orange,stalk,halloween,pumpkin,candy,cornmaze,haunted,ghost,scary,haunt,paranormal,hunters,machines,voice,children,men,women,life,husband,female,wife,married,ring,dance,dress,suite,drink,music,flowers,church,street,limo,car,van,drunk,high,,,,,,,,,,,,,,,,,,,,,,,,,,,,,,,,,,,,,,,,,,,,,,,,,,,,,,,,,,,,,,,,,,
1121,,meal,house,lawn,dog,cat,fish,bottle,mirror,cent,captain,boat,rock,solid,ground,water,fire,grass,earth,air,mouse,horse,water,whale,watermelon,llama,goat,chicken,tongue,eyes,legs,nose,mouth,arms,plant,flower,photosynthesis,lounge,slouch,sit,walk,run,sprint,normal,nuts,cashews,brown,black,pink,green,telescope,space,star,shine,light,moon,sun,milk,fence,hear,see,think,ponder,wander,lost,found,jump,hop,skip,oil,car,automobile,foundation,speed,wheels,sound,drift,shift,stop,go,clown,sparkle,noise,pollution,soul,,,,,,,,,,,,,,,,,,,,,,,,,,,,,,,,,,,,
1122,,train,fly,bye,use,object,ornate,option,always,graph,fan,plush,blinds,lipbalm,bottle,lightbulb,ceiling,closet,clothes,necklace,bracelet,paint,yarn,crochet,ointment,watch,coat,jacket,scarf,gloves,car,trunk,halloween,glass,store,pavement,street,stoplight,gas,pump,cellphone,cable,laptop,mouse,keyboard,headset,earbuds,charger,component,grass,dirt,flower,lamp,blanket,brush,mirror,sheet,carpet,door,dress,candle,lotion,perfume,lighter,,,,,,,,,,,,,,,,,,,,,,,,,,,,,,,,,,,,,,,,,,,,,,,,,,,,,,,,,
1123,,race,merry,forest,beach,seashell,ocen,ocean,waves,dolphins,boat,sails,ship,rock,tide,octopus,sealion,mouse,china,cabinet,chair,deck,railing,tile,flowers,plants,mums,daisies,roses,daffodils,pansies,oak,maple,leaves,fall,weather,sunshine,damp,dark,blustery,cold,winter,snow,ice,blizzard,rainbow,rainforest,cedar,sitka,,,,,,,,,,,,,,,,,,,,,,,,,,,,,,,,,,,,,,,,,,,,,,,,,,,,,,,,,,,,,,,,,,,,,,,,
1124,,marble,trial,bacon,oops,lethargic,book,card,cup,water,stone,stark,lamp,pen,desk,table,card,snarky,willow,bureau,windmill,brush,giraffe,bottle,candle,drawer,mouse,keyboard,computer,laundry,basket,air,purify,wallow,single,truck,louse,grouse,loud,boot,moot,applesauce,that,bag,bucket,lorry,bunny,bison,rat,antelope,plug,door,window,shade,tree,leaf,acorn,pod,seed,snout,pig,animal,farm,dirt,mud,barn,hay,chicken,cow,listen,zoo,tale,cake,hanger,hangar,flannel,coat,boat,goat,fallow,tallow,,,,,,,,,,,,,,,,,,,,,,,,,,,,,,,,,,,,,,,,
1125,,star,sky,tree,car,bike,sun,wall,screen,lawnmower,glasses,pen,mouse,sky,blue,green,shirt,shoes,white,socks,pants,blue,water,couch,tv,show,karate,firebird,crash,flyer,rock,nuclear,days,,,,,,,,,,,,,,,,,,,,,,,,,,,,,,,,,,,,,,,,,,,,,,,,,,,,,,,,,,,,,,,,,,,,,,,,,,,,,,,,,,,,,,,,
1126,,home,office,people,laptops,computers,desks,pen,board,shoes,dresses,shirts,floor,tissue,glass,mug,water,cooler,phone,sandals,heels,tie,cuffs,buttons,cables,software,IT,manager,management,supervisor,clients,shades,lens,,,,,,,,,,,,,,,,,,,,,,,,,,,,,,,,,,,,,,,,,,,,,,,,,,,,,,,,,,,,,,,,,,,,,,,,,,,,,,,,,,,,,,,,
1127,,Sentence,Chain,your,ghost,keyboard,monitor,pug,chicken,great,lick,cereal,rump,roast,good,tree,treaty,greet,greeting,missing,clock,earnings,python,key,password,brave,desk,outside,indoors,white,blank,trinket,listen,music,mister,accessory,language,pants,hat,mall,chat,instinct,groovy,disco,young,old,ancient,eon,milk,cheat,link,plank,plink,pluck,luck,mold,sword,bold,cold,sold,sell,invest,return,compound,period,chain,,,,,,,,,,,,,,,,,,,,,,,,,,,,,,,,,,,,,,,,,,,,,,,,,,,,,,,
1128,,wall,push,button,drip,comb,oil,shower,bath,towel,brush,nail,salon,polish,car,gas,highway,road,street,work,play,cut,pool,lawn,motel,wedding,chapel,ceremony,cat,dog,pig,horse,dunkey,cow,chat,text,call,laptop,phone,desktop,map,directions,lane,style,makeup,clothes,laundry,fold,steam,carpet,floor,wood,doll,play,vacation,flight,travel,train,music,concert,listen,call,talk,speak,jacket,shirt,dress,cold,rain,snow,sun,dry,heat,cup,,,,,,,,,,,,,,,,,,,,,,,,,,,,,,,,,,,,,,,,,,,,,,,
1129,,desk,teble,table,sheet,music,audio,blutooth,bluray,television,streaming,channel,sports,game,soccer,basketball,dunk,ball,champion,football,touchdown,goal,goalposts,run,pass,kick,general,coach,travel,plane,car,train,gym,swim,weights,lift,carry,treadmill,street,road,park,drive,shift,gear,speed,brake,slow,dog,cat,bird,cow,pig,chicken,horse,race,farm,crops,tractor,farmer,work,play,boat,ship,cruise,shoes,feet,arm,watch,leg,hair,finger,toe,knee,kneecap,femur,leg,tibula,,,,,,,,,,,,,,,,,,,,,,,,,,,,,,,,,,,,,,,,,,,,
1130,,hi,knee,joint,pain,neck,sprain,ankle,brace,impact,sheild,knight,armour,plate,napkin,fold,towel,rack,shelf,wall,picture,frame,photo,shoot,family,group,love,affection,care,need,light,dark,night,light,lamp,desk,writing,pen,ink,shapie,work,typing,letter,quil,letter,communication,effective,language,connection,community,passion,family,understanding,honesty,empathy,community,,,,,,,,,,,,,,,,,,,,,,,,,,,,,,,,,,,,,,,,,,,,,,,,,,,,,,,,,,,,,,,,,
1131,,cat,bed,lynching,book,justice,race,war,violence,police,desk,book,phd,dissertation,university,professor,student,degree,undergraduate,graduatestudent,philosophy,science,naturalsciences,biology,chemisty,physics,sociology,history,humanities,art,classics,artwork,painting,clay,drawing,street,shops,bookstore,library,free,books,shelves,dictionary,encyclopedia,torah,menorah,channukkiah,talmud,jewish,judaism,synagogue,temple,alabaster,church,mahogany,ivory,window,tree,apartment,building,hous,dorm,dormitory,office,campus,office,skyline,city,school,academy,sports,team,athlete,football,baseball,soccer,tennis,weightlifting,prowrestling,wrestling,wrestler,mark,smark,heel,babyface,face,turn,angle,program,promotion,tv,PLE,event,ring,audience,universe,planets,stars,starts,blackholes,galaxy,spaceship,astronaut,pluto,jupiter,mars,venus,saturn,sun,earth,moon,io,japan,eurpope,europe,america,canada,russia,asia,australia,newzealand
1132,,dog,cat,fish,tank,leaf,tree,sit,chair,table,tv,stand,bed,rock,sport,cage,ridge,enevelope,paper,stamp,prize,globe,saw,swing,cla,clap,claw,fat,skinny,wet,dry,up,sow,sew,did,boy,girl,lady,man,student,school,buffalo,bear,tiger,girraffe,donimate,silly,dance,waltz,climb,shimmy,build,laugh,game,hero,count,flag,state,night,day,sun,dawn,pool,swim,toys,christmas,love,sister,brother,mother,father,house,,,,,,,,,,,,,,,,,,,,,,,,,,,,,,,,,,,,,,,,,,,,,,,,,
1133,,bug,chain,hat,house,mouse,dog,tie,bely,car,bike,miner,tree,friend,sentenec,sentence,word,mince,rope,train,flake,wheelchair,computer,television,merit,president,boat,plane,symptom,medicine,floor,error,scale,type,country,voice,microphone,blabber,trace,liar,marsh,hair,center,hold,lump,gloom,flower,extreme,vote,tire,monster,road,speed,fence,grass,branch,pool,,,,,,,,,,,,,,,,,,,,,,,,,,,,,,,,,,,,,,,,,,,,,,,,,,,,,,,,,,,,,,,,
1134,,phone,puppy,dog,brown,rainbow,color,pretty,beautiful,girls,boys,moms,dads,family,cousins,aunts,uncles,siblings,brother,mean,connecticut,usa,country,world,travel,california,road,trip,car,airplane,train,tracks,model,building,construction,yellow,machines,work,manufacturing,clean,room,bedroom,house,yard,driveway,pirate,football,sports,baseball,white,volleyball,basketball,basket,orange,hoop,team,players,jersey,city,state,government,president,canada,flag,leaf,syrup,breakfast,pancakes,waffles,fruit,apple,banana,orange,kiwi,pomegrante,,,,,,,,,,,,,,,,,,,,,,,,,,,,,,,,,,,,,,,,,,,,,,
1135,,paper,toothpaste,cup,pan,dish,television,remote,phone,youtube,America,Flag,Eagle,July,Month,Day,Year,Essay,paragraph,pencil,mail,map,computer,study,school,teacher,recess,forgive,plane,bird,man,woman,crowd,people,cars,California,baseball,Diamondbacks,Football,Soccer,Sports,Basketball,maps,,,,,,,,,,,,,,,,,,,,,,,,,,,,,,,,,,,,,,,,,,,,,,,,,,,,,,,,,,,,,,,,,,,,,,,,,,,,,,
1136,,fight,flight,fire,rest,test,reset,play,player,night,morning,sun,moon,stars,galaxy,fireworks,hose,plant,flower,random,sleep,glory,tight,light,delight,sight,might,maybe,wonder,word,question,answer,top,bottom,layer,dog,cat,pet,animal,lighthouse,emit,,,,,,,,,,,,,,,,,,,,,,,,,,,,,,,,,,,,,,,,,,,,,,,,,,,,,,,,,,,,,,,,,,,,,,,,,,,,,,,,
1137,,paint,model,paper,background,fan,cat,weather,dark,quiet,high,moody,gloom,type,thoughts,pen,write,pumpkin,halloween,dates,pencil,stories,legends,tablets,engraving,pins,hammers,needles,sounds,moving,space,vast,empty,speed,running,shoes,mouse,keys,monitor,wait,time,clocks,tick,tock,bust,,,,,,,,,,,,,,,,,,,,,,,,,,,,,,,,,,,,,,,,,,,,,,,,,,,,,,,,,,,,,,,,,,,,,,,,,,,,
1138,,hat,cat,bat,rat,that,mat,fat,sat,tip,hip,dip,rip,flip,quick,thick,chick,chicken,fried,fries,burger,shake,drink,dance,pants,shoes,shirt,skirt,flirt,burp,third,second,first,last,run,fast,track,car,race,play,kids,playground,swing,slide,glide,parachute,paraglide,snowboard,skateboard,skate,rink,ice,frozen,snow,snowman,build,house,live,life,family,furniture,sofa,table,kitchen,eat,appliances,forks,utensils,restaurant,dinner,waitress,job,profession,supervisor,boss,manager,worker,chain,commercial,advertisement,money,,,,,,,,,,,,,,,,,,,,,,,,,,,,,,,,,,,,,,,,
1139,,love,begin,try,power,above,month,year,title,camp,open,wonder,fodder,grant,quiet,rear,fear,gear,try,bear,french,kite,yell,mile,mill,outside,insude,inside,hear,smell,gear,dread,drain,vile,veil,heard,grant,happiness,leave,nose,moose,goose,dog,cat,yodel,practice,viral,cheer,nope,tiny,tin,him,her,thy,they,she,we,were,drive,cliff,car,motor,independant,woman,sexy,trait,hair,follicle,reading,study,goat,ghosy,ghost,haunt,,,,,,,,,,,,,,,,,,,,,,,,,,,,,,,,,,,,,,,,,,,,,,,
1140,,dog,cat,house,car,tree,bird,chair,person,phone,computer,keyboard,class,school,tv,dresser,bed,toilet,tub,ball,net,ocean,whale,jacket,darts,truck,mask,wolf,spiderman,unicorn,book,clothes,folder,bat,hedge,building,job,door,picture,ring,box,door,shoe,spider,cord,lamp,paper,printer,copier,knob,curtain,porch,oven,sink,bone,dragon,butterfly,bag,,,,,,,,,,,,,,,,,,,,,,,,,,,,,,,,,,,,,,,,,,,,,,,,,,,,,,,,,,,,,,,
1141,,cat,help,me,hard,trouble,confused,worried,phone,tablet,button,figure,feline,light,lamp,computer,window,light,sun,moon,water,rain,snow,shoe,shirt,pants,people,annoying,dumb,useless,stupid,tank,attack,defend,support,videogame,game,team,teamwork,assistance,fear,upset,sigh,mone,money,lack,empty,crazy,how,concerned,what,problem,vehicle,truck,sound,garage,mechanic,tassel,cut,scissor,paper,plastic,metal,new,old,simple,easy,difficult,memory,forgetful,emotion,empathy,sympathy,mean,angry,rude,bird,bunny,animal,striped,spotted,dappled,interesting,boring,energy,sleepy,tired,bed,couch,chair,table,desk,bookcase,book,reading,reader,glasses,cup,fridge,kitchen,livingroom,bedroom,basement,outdoor,,,,,,,,,,,,,,,,,
1142,,Africa,Decent,Chain,Element,Discord,Word,All,Insect,Interest,Foal,Flower,Arctic,Nice,Neat,September,October,Revenge,Hell,Help,Interest,Rates,Ingest,Binary,Nice,Milk,Meld,Point,Printed,Rest,Distress,Execute,Confine,Explicit,Ornament,Question,Kazakstan,Life,Liquid,Hornet,Jaguar,Jason,Obtuse,Perfect,Pretty,Armament,Belligerent,Utopia,Espouse,Latent,Latex,Opalescent,Mountain,Thrifting,Ginger,Gravity,,,,,,,,,,,,,,,,,,,,,,,,,,,,,,,,,,,,,,,,,,,,,,,,,,,,,,,,,,,,,,,,,
1143,,horticulture,horrendous,homily,hexadecimal,horoscope,handball,hourglass,hygroscopic,hostage,hegemony,hyrax,haunting,hacksaw,hostler,hostel,hotel,honor,hobnail,hierarchy,holler,hellenic,hoof,hokum,hasp,homage,hound,hex,harvester,henchman,hedge,hemp,halves,,,,,,,,,,,,,,,,,,,,,,,,,,,,,,,,,,,,,,,,,,,,,,,,,,,,,,,,,,,,,,,,,,,,,,,,,,,,,,,,,,,,,,,,
1144,,blue,red,yellow,pink,white,purple,car,truck,van,airplane,train,airport,parking,traffic,man,woman,dog,cat,bear,lion,leopard,cat,bat,rat,mouse,hamster,porcupine,laser,gun,sniper,wrench,toolbox,screwdriver,screw,pony,horse,unicorn,lizard,snake,ant,insect,spider,wasp,bee,dragonfly,hummingbird,controller,remote,television,guitar,bass,piano,viola,violin,harp,trumpet,trumbone,,,,,,,,,,,,,,,,,,,,,,,,,,,,,,,,,,,,,,,,,,,,,,,,,,,,,,,,,,,,,,,
1145,,luck,hill,foot,minx,kill,kiss,pool,loot,boot,ghost,gore,noir,run,trill,frill,pink,blue,red,head,hand,land,many,few,ago,hour,time,sand,grain,beach,ocean,blue,sky,cloud,frown,clown,red,honk,goose,noose,thread,plead,bleed,creed,need,seed,deed,plow,plot,story,book,nook,button,run,dash,jump,block,strike,fierce,low,sex,heels,fingers,toes,eyes,lips,nose,ears,controller,absolute,control,stick,lever,leverless,hair,knee,elbow,,,,,,,,,,,,,,,,,,,,,,,,,,,,,,,,,,,,,,,,,,,,
1146,,booger,game,cow,rat,house,car,dog,walker,bed,mattress,shoes,brace,chock,remote,refrigerator,toilet,bedpan,beedle,medicine,nurse,chot,cellphone,beaver,peppers,aquarium,gravel,bubbler,plants,fan,television,lantern,oil,glue,planter,flowers,hat,hatrack,chair,toter,dress,tennis,ball,stand,sit,lay,table,lamp,floor,floorint,cabinet,new,studies,available,on,box,bathe,,,,,,,,,,,,,,,,,,,,,,,,,,,,,,,,,,,,,,,,,,,,,,,,,,,,,,,,,,,,,,,,
1147,,exact,word,type,less,begin,start,nuisance,name,refresh,peer,open,haybale,born,make,wear,weary,next,yesterday,today,feel,emotion,guess,queen,mourn,baby,child,adult,skate,game,board,mane,mention,lest,police,putter,zoo,field,pot,weird,soon,zest,pluck,phone,table,chair,dining,set,drawer,shoe,sock,lost,love,,,,,,,,,,,,,,,,,,,,,,,,,,,,,,,,,,,,,,,,,,,,,,,,,,,,,,,,,,,,,,,,,,,,
1148,,ball,ceiling,floor,tile,sky,grass,ground,night,day,television,film,movie,video,photograph,picture,drawer,cabinet,chair,couch,rug,blanket,glass,plastic,microwave,bed,sheet,street,curb,soccer,basketball,football,baseball,dirt,mud,water,river,ocean,lake,sun,moon,star,universe,love,hate,like,flute,guitar,piano,harp,platoon,ring,jewelry,,,,,,,,,,,,,,,,,,,,,,,,,,,,,,,,,,,,,,,,,,,,,,,,,,,,,,,,,,,,,,,,,,,,
1149,,skyscraper,thing,brain,stem,colon,fear,tinge,orange,mellow,fellow,toil,brat,sing,ring,weary,farce,parce,cars,saddle,item,coffee,stinger,video,phone,flower,yacht,stern,wild,begin,wreath,style,pole,prop,gonad,sicky,back,righteous,pimple,coil,seesaw,prompt,liquid,aerie,stone,pipe,hurl,bait,stab,whack,pork,welt,quilt,quell,,,,,,,,,,,,,,,,,,,,,,,,,,,,,,,,,,,,,,,,,,,,,,,,,,,,,,,,,,,,,,,,,,,
1150,,dog,cat,car,plant,sleep,coffee,spoon,table,blanket,couch,floor,rug,cat,waking,typing,watching,noise,yelling,walking,talking,rubbing,yawning,sick,ill,stomp,loud,sunny,cloudy,birds,chirping,metal,construction,building,renovating,trash,pickup,work,watch,eyes,glasses,face,mouth,lips,nose,feet,saw,hammer,wood,craft,halloween,christmas,snow,fall,leaves,orange,red,yellow,stretch,socks,feet,heat,,,,,,,,,,,,,,,,,,,,,,,,,,,,,,,,,,,,,,,,,,,,,,,,,,,,,,,,,,,
1151,,monkey,hammer,sign,shirt,plant,money,arrow,armor,love,want,cat,dog,car,road,pole,rock,book,teeth,ghost,shelf,wrench,chair,table,neighbor,ceiling,music,window,carpet,vacuum,clock,arm,foot,stomach,bladder,air,wind,airplane,cloud,rain,snow,witch,island,rainbow,binder,sticker,cd,website,typewriter,pen,pencil,brush,paint,crayon,lungs,nail,finger,room,wall,lamp,mint,,,,,,,,,,,,,,,,,,,,,,,,,,,,,,,,,,,,,,,,,,,,,,,,,,,,,,,,,,,,
1152,,dog,cat,mouse,rat,paris,eiffeltower,building,architecture,tourists,tourism,travel,populated,expensive,desired,life-changing,plentiful,colorful,once-in-a-lifetime,memorable,activities,excursions,dolphins,swim,carribbean,pirates,movie,sequel,johnnydepp,amberheard,controversial,politics,election,presidents,biden,trump,conflict,palestine,israel,socialmedia,double-edged,complicated,reliability,modern,instagram,facebook,snapchat,twitter,x,y,z,elonmusk,child,,,,,,,,,,,,,,,,,,,,,,,,,,,,,,,,,,,,,,,,,,,,,,,,,,,,,,,,,,,,,,,,,,,,
1153,,basketball,jewelry,volleyball,french,just,weed,mouse,joke,limb,peace,doll,joke,friend,music,ass,pope,loose,lose,hummer,honda,hymn,fresh,app,bee,giraffe,rose,rosemary,kid,kids,children,teenager,mother,father,horse,fly,grave,tomb,stone,tombstone,hour,minute,second,two,three,four,five,six,seven,eight,nine,ten,eleven,twelve,thirteen,good,bad,evil,catankerous,tumultous,prestidigitation,pencil,bat,roach,sunglasses,,,,,,,,,,,,,,,,,,,,,,,,,,,,,,,,,,,,,,,,,,,,,,,,,,,,,,,,
1154,,hi,now,we,are,not,going,now,can,see,who,owl,bird,dog,cat,sea,ocean,water,land,state,mountains,rocks,people,world,home,sick,scared,place,love,man,woman,happy,family,school,college,kids,children,education,learn,knowledge,experience,travel,places,new,happy,,,,,,,,,,,,,,,,,,,,,,,,,,,,,,,,,,,,,,,,,,,,,,,,,,,,,,,,,,,,,,,,,,,,,,,,,,,,
1155,,cat,dog,baby,bed,mattress,pillow,blanket,desk,chair,garage,table,drink,folder,paper,journal,binder,pen,pencil,notebook,charger,library,shoe,sandal,boot,shirt,pants,jacket,coat,play-doh,toy,legos,llama,purse,bag,backpack,headphones,laptop,phone,mouse,slipper,outlet,marker,fan,bowl,towel,brush,comb,razor,tape,sticker,box,cologne,deodorant,printer,copier,armchair,couch,door,lock,window,sheets,dryer,washer,shower,oven,microwave,fridge,sink,TV,game,case,rocket,,,,,,,,,,,,,,,,,,,,,,,,,,,,,,,,,,,,,,,,,,,,,,,,
1156,,car,random,house,computer,thanks,trial,dog,hairy,front,obvious,gas,parent,twist,couch,horrible,this,insanity,backache,broken,arm,unstable,table,lists,friendly,mopping,shelving,asterick,overdraw,plastic,without,,,,,,,,,,,,,,,,,,,,,,,,,,,,,,,,,,,,,,,,,,,,,,,,,,,,,,,,,,,,,,,,,,,,,,,,,,,,,,,,,,,,,,,,,,
