ID,cue,word  1,word  2,word  3,word  4,word  5,word  6,word  7,word  8,word  9,word  10,word  11,word  12,word  13,word  14,word  15,word  16,word  17,word  18,word  19,word  20,word  21,word  22,word  23,word  24,word  25,word  26,word  27,word  28,word  29,word  30,word  31,word  32,word  33,word  34,word  35,word  36,word  37,word  38,word  39,word  40,word  41,word  42,word  43,word  44,word  45,word  46,word  47,word  48,word  49,word  50,word  51,word  52,word  53,word  54,word  55,word  56,word  57,word  58,word  59,word  60,word  61,word  62,word  63,word  64,word  65,word  66,word  67,word  68,word  69,word  70,word  71,word  72,word  73,word  74,word  75,word  76,word  77,word  78,word  79,word  80,word  81,word  82,word  83,word  84,word  85,word  86,word  87,word  88,word  89,word  90,word  91,word  92,word  93,word  94,word  95,word  96,word  97,word  98,word  99,word  100,word  101,word  102,word  103,word  104,word  105,word  106,word  107,word  108,word  109,word  110,word  111,word  112,word  113,word  114,word  115,word  116,word  117,word  118,word  119,word  120,word  121,word  122,word  123,word  124,word  125,word  126,word  127,word  128,word  129,word  130,word  131,word  132,word  133,word  134,word  135
2000,body,image,picture,frame,lense,camera,window,house,chimney,pot,flower,bee,,wings,flight,aeroplane,sky,clouds,rain,growth,death,sleep,dreams,imagination,creativity,art,painting,paint,red,apple,worm,farm,cattle,cow,milk,cream,cheese,mouse,cat,claws,teeth,dentist,drill,holes,sewer,underground,catacombs,gothic,vampires,bat,night,stars,silence,, , , , , , , , , , , , , , , , , , , , , , , , , , , , , , , , , , , , , , , , , , , , , , , , , , , , , , , , , , , , , , , , , , , , , , , , , , , , , , , , ,
2001,water,flow,jug,milk,cow,calf,baby,cry,laugh,happy,smile,teeth,white,colour,rainbow,gold,jewellery,diamond,rock,cave,damp,wet,dry,sand,desert,oasis,shop,house,door,window,outside,view,sky,blue,sapphire,ruby,red,fire,burnt,toast,bread,sandwich,ham,pig,greedy,hungry,horse,hunt,gun,death,cemetary,gravestone,names,register,school,lesson,english,french,wine,, , , , , , , , , , , , , , , , , , , , , , , , , , , , , , , , , , , , , , , , , , , , , , , , , , , , , , , , , , , , , , , , , , , , , , , , , , ,
2004,water,land,air,fire,hot,cold,ice,sea,boat,ship,air,rifle,soldier,tank,gun,mortar,artillery,barrage,balloon,water,party,cake,candle,wind,blow,storm,tempest,play,games,board,chess,player,console,game,video,dragon,smaug,lord,sauron,orc,tower,ring,pike,hbbit,shire,county,class,destoryer,frigate,sloop,sail,age,steam,coal,iron,smelt,furnace,heat,molten,steel,rivet,hull,plate,propeller,funnel,bridge,compass,direction,voyage,explore,tent,mountain,climb,fall,rope,crampon,boot,football,rugby,score,try,penalty,line,fly,half,line,hat,mad,tea,party,scone,butter,jam,cremdairy,cow,farm,sheep,goat,pet,pig,chickens,acre,pasture,field,forest,trees,birds,owl,catch,egg,hunt,easter,cross,jewellery,box,gift,pr, , , , , , , , , , , , , , , , , ,
2005,water,tree,gree,green,grocer,shop,road,street,houses,windows,glass,broken,empty,hole,gap,fill,complete,finish,end,beginning,start,fresh,vegetables,fruit,banaba,banana,yellow,colour,blue,sea,sky,beach,sand,grains,salt,pepper,spicy,food,meals,dinner,family,mother,father,sister,distance,travel,trip,train,station,buffet,tickets,guard,seat,carriage,window,aeroplane,pressure,noise,quiet,peace,lonely,silent,alone,realxing,realxing,relaxing,bath,bubble,champagne,celebration,party,loud,music,spotify,playlist,teenage,cassette,walkman,recording, , , , , , , , , , , , , , , , , , , , , , , , , , , , , , , , , , , , , , , , , , , , , , , , , , , , , , , ,
2006,water,oxygen,air,clouds,rain,snow,cold,warm,hot,cool,warm,rain,snow,slush,melt,freeze,thaw,melt,dry,wet,rain,dry,muggy,humid,dust,dirt,pollen,sneeze,cough,flu,covid,virus,sick,vaccine,sick,awful,enough,tired,finished,done,tired,sleep,awake,nap,snore,dream,nightmare,toss,turn,restless,bed,comforter,warmth,blanket,throw,afghan,freeze,frozen,, , , , , , , , , , , , , , , , , , , , , , , , , , , , , , , , , , , , , , , , , , , , , , , , , , , , , , , , , , , , , , , , , , , , , , , , , , , ,
2007,body,weight,gain,weight,gain,muscle,mass,objects,life,work,force,air,plane,air,tight,fitting,word,game,stage,crew,work,force,blade,fight,time,lapse,run,time,passed,subjects,passed,challenge,battle,force,muscle,gain,weight,loss,money,market,value,mart,product,price,check,in,, , , , , , , , , , , , , , , , , , , , , , , , , , , , , , , , , , , , , , , , , , , , , , , , , , , , , , , , , , , , , , , , , , , , , , , , , , , , , , , , , , , , , , , ,
2008,water,drop,wet,hot,summer,tan,sweat,stink,shower,soap,clean,wash,body,men,woman,sex,attraction,love,family,happy,fun,joy,children,careless,childhood,bike,fast,car,guy,young,happy,travel,italy,architecture,monument,stone,hard,earth,sky,planets,space,rocket,fire,night,place,stars,couple,hike,mountain,ice,cold,sun,, , , , , , , , , , , , , , , , , , , , , , , , , , , , , , , , , , , , , , , , , , , , , , , , , , , , , , , , , , , , , , , , , , , , , , , , , , , , , , , , , ,
2009,water,wet,bucket,handle,glove,coat,hat,scarf,shoes,feet,trousers,cag,trunks,sea,fish,boat,sail,wind,sun,cloud,rain,river,bridge,road,tyre,car,lorry,load,bay,crane,girder,metal,weld,heat,gat,oxygen,hydrogen,sulphur,matches,fire,wood,pan,camp,tent,cloth,cord,groundsheet,sleepingbag,rucksack,map,compass,horizon,north,west,wind,stars,space,planets,meteorites,impact,desert,mountain,breeze,rock,piton,rope,nut,ascender,ascent,summit,descent,valley,woods,leaves,green,chlorophyll,carbon,oxygen, , , , , , , , , , , , , , , , , , , , , , , , , , , , , , , , , , , , , , , , , , , , , , , , , , , , , , , , ,
2010,body,part,time,clock,watch,tower,castle,moat,dragon,tacos,beef,cow,methane,ozone,space,moon,cheese,pizza,italy,soccer,football,college,michigan,state,us,country,canada,junior,olympics,sports,baseball,bat,poop,cow,farm,corn,hole,shovel,dig,dirt,ground,walk,run,baseball,ball,basketball,jump,fall,winter,snow,shovel,hole,dirt,bulldozer,construction,traffic,driving,radio,music,concerts,violin,piano,trumpet,oboe,viola,tuba,brums,drums,beat,tempo,golf,clubs,balls,green,grass,lawnmower,chores,dusting,cleaning,laundry,folding,organize,closet,shoes,walking,excesise,bycicle,spin,blender,smoothie,shake,rattle,roll,stop,trafficsign,driving,license,hunting,deer,, , , , , , , , , , , , , , , , , , , , , , , , , , , , , , , , , , ,
2011,water,pond,duck,birs,bird,sky,cloud,rainbow,pride,marriage,love,valentine,heart,lung,patient,kind,close,friend,mom,dad,golf,golfcart,club,dance,newyears,date,drinks,beer,brewing,garage,cold,spaceheater,fireplace,stove,boil,water,filter,toxins,virus,covid,isolation,fear,strength,distancing,journey,artist,watercolor,leaves,berries,, , , , , , , , , , , , , , , , , , , , , , , , , , , , , , , , , , , , , , , , , , , , , , , , , , , , , , , , , , , , , , , , , , , , , , , , , , , , , , , , , , , , ,
2012,body,bodyfat,fatshaming,fatphobia,dismorphia,disassociation,associate,clerical,cleanliness,clean,cleanse,skincare,acne,spots,stripes,patterns,colours,rainbow,rain,clouds,drops,droplets,storm,flood,greyskies,stormy,weather,anchor,news,reporter,headline,bulletin,information,article,newspaper,journalist,investigation,digging,undercover,secrecy,lies,truth,games,players,family,comfort,home,dog,cute,lovely,safe,threatened,burglar,safety,threat,confident,alert,concious,responsive,drama,tv,series,cuddling,food,, , , , , , , , , , , , , , , , , , , , , , , , , , , , , , , , , , , , , , , , , , , , , , , , , , , , , , , , , , , , , , , , , , , , , ,
2013,body,mind,spirit,alcohol,beer,drink,hot,coffee,beans,baked,bread,slices,cake,tea,bag,plastic,surgery,knife,fork,spoon,cutlery,plates,table,chairs,sofa,cushions,cover,duvet,bed,bedroom,house,garden,grass,soil,plants,leaves,flower,petals,rose,smell,nose,face,eyes,pupil,school,teacher,books,library,, , , , , , , , , , , , , , , , , , , , , , , , , , , , , , , , , , , , , , , , , , , , , , , , , , , , , , , , , , , , , , , , , , , , , , , , , , , , , , , , , , , , , ,
2014,water,bottle,drink,thirsty,hungry,food,cooking,tv,relaxing,sofa,blanket,warmth,fireplace,winter,snow,walking,boots,clothing,fashion,shopping,outing,camping,holiday,beach,sand,summer,hot,abroad,plane,flying,suitcase,luggage,vacation,sunbathing,outside,breeze,beach,relaxing,reading,book,audio,headphones,music,concert,performance,dance,drink,wine,social,friends,fun,eating,meal,cooking,hobby,experimenting,taste,aisa,traveling,, , , , , , , , , , , , , , , , , , , , , , , , , , , , , , , , , , , , , , , , , , , , , , , , , , , , , , , , , , , , , , , , , , , , , , , , , , ,
2015,water,slide,ball,chain,glass,water,drink,cat,,bell,,liberty,crack,sunny,fog,california,seals,home,rocks,dirt,taste,worm,squirm,lier,liar,jimcarrey,face,rubber,ball,throw,dog,grass,picnic,ants,blanket,basket,toys,kids,baboes,babies,twins,shining,jack,roque,stroke,wendy,nipples,strong,axe,fireman,fire,water,drink,glass,cta,cat,bell,liberty,crack,sunny,jokes,funny,show,elephant,grey,fat,soap,fight,club,skinny,anorexic,eat,food,apple,peanutbutter,dog,show,girl,showgirls,pie,cherry,eat,food,cat,wetfood,smack,old,frail,weak,die,love,miss,ball,cat,dress,flare,sun,spaceship,jupiter,small,large,healthy,bird,fluff,fat,waddle,squeak,bird,chicken,eat,food,apple,teacher,nonsense,calligraphy,bubble,blow,kid,rope,strings,bi, , , , , , , , , , , , , ,
2017,body,heart,organ,piano,instrument,flute,wind,leaves,trees,plants,cactus,desert,sand,beach,ocean,crab,seafood,butter,dairy,cows,farm,pigs,bacon,breakfast,lunch,dinner,restaurant,plates,spoons,forks,utensil,silver,earrings,jewlery,necklace,pendant,jewel,diamond,expensive,money,bank,check,bill,rent,stress,class,school,zoom,homework,essay,writing,reading,books,paper,wood,cabinet,doors,windows,glass,vase,flowers,petals,stem,dirt,worm,bug,spider,web,internet,computer,browser,email,google,search,look,eyes,glasses,frames,painting,museum,gallery,exhibition,observe,learn,teacher,student,study,library,, , , , , , , , , , , , , , , , , , , , , , , , , , , , , , , , , , , , , , , , , , , , , ,
2018,body,type,shape,circle,round,table,chair,leg,shin,splint,bed,head,hair,color,dye,hue,light,dark,deep,thought,think,idea,creativity,hope,journal,write,pen,ink,flow,yoga,stretch,lunge,run,fast,speed,bus,public,germs,hands,holding,keeping,treasure,bury,dig,shovel,spade,garden,plant,flower,grow,big,tall,high,sky,up,reach,influence,attraction,like,crush,pain,life,kids,tired,sleep,bed,dream,comfort,rest,relaxation,spa,bath,bubbles,outside,nature,green,trees,branches,climbing,walls,belay,harness,flying,swooping,soar,view,picture, , , , , , , , , , , , , , , , , , , , , , , , , , , , , , , , , , , , , , , , , , , , , , , ,
2019,body,hand,nail,hammer,wrestling,sport,basketball,winner,abba,pop,singer,beyonce,queen,royal,palace,rich,money,government,politics,dictator,power,greed,food,burger,franchise,own,lend,bank,loan,return,goods,merchant,shakespeare,play,literature,book,store,security,police,crime,jail,court,judge,witness,snitch,gang,trouble,drugs,overdose,hospital,sick,patient,death,life,baby,mother,marriage,kiss,love,food,soul,belief,religion,god,jesus,prophet,wise,beard,face,beauty,makeup,cosmetic,price,expensive,musical,joseph,moses,dreamworks,disney,cartoons,animation,madagascar,america,station,subway,sublong,peperonni,pizza,italy,, , , , , , , , , , , , , , , , , , , , , , , , , , , , , , , , , , , , , , , , , , , , ,
2022,body,arm,leg,head,eye,teeth,mouth,big,cheese,edam,made,sewn,eyes,heart,sweet,tie,knot,weed,smoke,chimney,pollution,breathing,gasp,air,pollution,climate,area,field,fine,great,huge,feet,chair,seat,sit,bum,big,huge,eyes,see,eat,tied,diet,hungry,thirsty,tea,dinner,eggs,chickens,farms,pigs,stye,smell,taste,buds,ears,lobes,lungs,breathe,chesty,wheezy,dwarves,tiny,small,tee,shirt,tails,cats,furry,bushy,tail,, , , , , , , , , , , , , , , , , , , , , , , , , , , , , , , , , , , , , , , , , , , , , , , , , , , , , , , , , , , , , , ,
2023,water,liquid,drink,mouth,lips,skin,face,jaw,teeth,brush,hair,fur,animal,pet,dog,cat,mouse,cheese,pizza,italy,gondola,boat,fish,hook,captain,army,navy,colour,red,blood,vampire,garlic,bread,sandwich,chicken,egg,first,one,top,winner,best,victorious,impressed,press,newspaper,magazine,book,read,write,school,people,friends,family,relate,similar,different,weird,odd,strange,stranger,unknown,mabe,, , , , , , , , , , , , , , , , , , , , , , , , , , , , , , , , , , , , , , , , , , , , , , , , , , , , , , , , , , , , , , , , , , , , , , , ,
2024,water,drops,sweets,lolly,summer,sun,happy,family,mom,aunt,marriage,wedding,church,religion,muslim,jewish,hannaka,candles,flame,fire,camping,tent,forest,bear,chase,games,friends,school,old,shrivelled,prawn,seafood,fisherman,sea,beach,bikini,woman,beautiful,flower,bee,buzz,toystory,films,titanic,death,sad,cry,emotions,suprised,birthday,babies,cute,innocent,justice,court,judge,prison,lock,key,door,house,home,c, , , , , , , , , , , , , , , , , , , , , , , , , , , , , , , , , , , , , , , , , , , , , , , , , , , , , , , , , , , , , , , , , , , , , , , ,
2025,water,ocean,sea,river,nile,egypt,pyramid,shape,math,geometry,vector,algebra,arabic,islam,christianity,judaism,religion,culture,movie,film,television,netflix,technology,science,physics,einstein,princeton,university,education,learning,teaching,mentoring,advice,therapist,psychology,freud,austria,hungary,magyar,migration,nomadic,mongol,genghis,mughul,india,bengal,raj,famine,ethiopia,somalia,kenya,swahili,, , , , , , , , , , , , , , , , , , , , , , , , , , , , , , , , , , , , , , , , , , , , , , , , , , , , , , , , , , , , , , , , , , , , , , , , , , , , , , , , , ,
2026,body,strong,mind,business,man,kind,soul,mate,first,date,time,change,history,lesson,let,house,cards,game,changer,disc,slipped,mind,business,process,map,mind,bender,drink,safely,cross,word,puzzle,maze,life,changing,weather,climate,polar,region,microplastics,fleeces,synthetic,fibre,optic,internet,commu, , , , , , , , , , , , , , , , , , , , , , , , , , , , , , , , , , , , , , , , , , , , , , , , , , , , , , , , , , , , , , , , , , , , , , , , , , , , , , , , , , , , , , , , ,
2028,water,fall,,,,deep,water,jug,bottle,cap,tain,color,red,rose,flower,garden,place,home,work,happy,day,night,fall,rise,money,bank,credit,bill,paper,pen,pencil,book,worm,animal,creature,monster,horror,film,movie,theatre,people,humans,heart,science,smart,helpful,police,safety,signs,planet,earth,day,holiday,cruise,sea,water,, , , , , , , , , , , , , , , , , , , , , , , , , , , , , , , , , , , , , , , , , , , , , , , , , , , , , , , , , , , , , , , , , , , , , , , , , , , , , ,
2029,water,tap,sink,boat,ship,cruise,holiday,warm,bread,cheese,diary,farm,pig,animal,dog,cat,pet,horse,gallup,run,race,sports,ball,play,children,little,sausage,hotdog,bonfire,cold,drink,straw,hay,field,green,colour,tv,programmes,watch,movies,hollywood,america,country,travel,plane,fly,superhero,comic,book,read,glasses,accessories,clothes,cotton,pillowcase,sleep,bed,rest,stop,pause,game,computer,work,write,type,fingers,body,death,heaven,angels,christmas,tree,forest,wood,timber,construction,buildings,city,pollution,oil,cooking,kitchen,, , , , , , , , , , , , , , , , , , , , , , , , , , , , , , , , , , , , , , , , , , , , , , , , , , , ,
2031,water,tap,sink,basin,toilet,loo,bathroom,shower,bath,water,river,outdoors,garden,sun,clouds,sky,night,evening,morning,tired,sleepy,nap,tired,bed,bedroom,house,garden,grass,plants,bees,insects,wasps,bees,spiders,spiderweb,halloween,seasons,winter,snow,christmas,santa,reindeer,sleigh,stars,night,moon,sky,clouds,night,, , , , , , , , , , , , , , , , , , , , , , , , , , , , , , , , , , , , , , , , , , , , , , , , , , , , , , , , , , , , , , , , , , , , , , , , , , , , , , , , , , , , ,
2033,water,glass,drink,thirsty,hungry,food,hamburger,mcdonalds,fries,ketchup,kitchen,house,home,newyork,cold,winter,snow,depression,anxiety,sad,unhappy,alone,lonely,friends,chad,arkansas,usa,war,news,russia,anxiety,covid,fear,afraid,hide,lonely,depressed,medicine,drug,addiction,pain,sadness,anxious,ulcer,burning,endoscopy,fear,death,, , , , , , , , , , , , , , , , , , , , , , , , , , , , , , , , , , , , , , , , , , , , , , , , , , , , , , , , , , , , , , , , , , , , , , , , , , , , , , , , , , , , , ,
2035,body,mind,soul,cowboy,hat,scarf,warm,cold,ice,cool,suave,debonaire,strides,walks,hilly,grass,mowing,lawn,garden,pigeon,sea,waves,hello,goodbye,depart,journey,travel,escape,relax,massage,masseur,hands,feet,inches,moves,chess,draughts,wind,howling,foxes,scurry,hide,peer,reach,touch,finger,print,write,pen,ink,black,night,dark,light,bright,dim,alter,change,move,adjust,tinker,tailor,soldier,spy,spook,frighten,alarm,noise,, , , , , , , , , , , , , , , , , , , , , , , , , , , , , , , , , , , , , , , , , , , , , , , , , , , , , , , , , , , , , , , , , ,
2036,body,part,piece,blob,slime,grunge,green,forest,grass,wild,nature,birds,trees,sticks,animals,life,baby,people,groups,friends,family,school,work,jobs,sleep,tired,hungry,food,pizza,cheese,tasty,favourite,nice,pleasing,uniqe,happy,equal,nice,kind,good,fair,lively,out,party,drinks,fun,nightlife,drinks,lights,cold,chilly,windy,rain,,wet,weather,dull,bright,quick,slow,snail,bugs,spiders,flies,weeds,wildlife,calm,peaceful,serene,open,closed,door,gate,path,fence,lock,wood,shed,shack,basket,picnic,snacks,blanket,summer,spring,autumn,winter,christmas,trees,lit,fire,turkey,chestnuts,roast,joyful,,,clean,tidy,white,bacterial,hygienic,covid,health,care,hospital,doctors,nurses,carers,old,elderly,experienced,moral,biblical,music,festival,, , , , , , , , , , , , , , , , , ,
2038,water,ice,cold,temperature,thermometer,doctor,sickness,covid,lockdown,forbidden,communist,russia,disallow,authoritarian,tyranny,unhelpful,scary,masks,vaccines,blame,drowning,rescue,inside,protection,safety,coverup,prison,travel,freedom,escape,hidden,pretending,stealth,quiet,frozen,invisible,quietly,ninja,unobvious,facade,mask,twenties,underground,hidden,fun,prohibition,, , , , , , , , , , , , , , , , , , , , , , , , , , , , , , , , , , , , , , , , , , , , , , , , , , , , , , , , , , , , , , , , , , , , , , , , , , , , , , , , , , , , , , , ,
2039,body,arm,leg,foot,shoe,laces,socks,trousers,suit,business,office,chair,desk,lamp,bulb,flower,soil,garden,decking,seating,table,restaurant,food,drink,cola,ice,bucket,spade,beach,sea,fish,boat,swim,pool,sun,holiday,aeroplane,airport,lounge,sofa,tv,book,read,news,website,internet,computer,game,console,joypad,fun,entertainment,theatre,evening,walk,dog,pet,cat,scratch,itch,burn,scald,fire,bonfire,fireworks,celebrate,birthday,cake,party,dance,move,run,athlete,olympics,cyclist,bicycle,skateboard,ramp,climb,hill,mountain,ski,snow,play,drama,lesson,school,teacher,pupil,eye,nose,ear,mouth,teeth,dentist,doctor,hospital,patient,nurse,break,bone,skull,ske, , , , , , , , , , , , , , , , , , , , , , , , , , , , , , , ,
2040,water,wet,liquid,mercury,metal,strength,durability,hard,flexible,rubber,hard,soft,comfortable,pleasing,enjoyable,happy,pleased,content,rested,relaxed,smooth,arousing,texture,, , , , , , , , , , , , , , , , , , , , , , , , , , , , , , , , , , , , , , , , , , , , , , , , , , , , , , , , , , , , , , , , , , , , , , , , , , , , , , , , , , , , , , , , , , , , , , , , , , , , , , , , , , , , , , ,
2041,water,wet,sheen,glossy,smooth,flat,iron,clothes,closet,bedroom,bed,dresser,mirror,reflection,shopping,fun,money,cost,inflation,dow,bitcoin,stock,costly,expensive,nice,have,poor,middle,sister,brother,cousin,mom,dad,aunt,uncle,family,baby,girl,toys,crib,teddybear,diapers,pet,dog,cat,rabbit,hamster,snake,animals,zoo,vet,love,date,marriage,, , , , , , , , , , , , , , , , , , , , , , , , , , , , , , , , , , , , , , , , , , , , , , , , , , , , , , , , , , , , , , , , , , , , , , , , , , , , , , , ,
2042,body,face,jaw,shark,fish,dolphin,intelligent,human,ambition,destruction,buildings,skyscraper,sky,clouds,rain,mist,wet,water,clean,nature,moss,scrub,hard,stone,smooth,silk,material,wool,sheep,mammal,giraffe,desert,trees,green,blue,gem,sharp,knife,steel,bridge,troll,fairytale,story,book,sit,warm,fire,hot,heat,burn,flame,spark,electric,car,speed,bullet,precise,surgeon,doctor,knwoledge, , , , , , , , , , , , , , , , , , , , , , , , , , , , , , , , , , , , , , , , , , , , , , , , , , , , , , , , , , , , , , , , , , , , , , , , , , ,
2043,body,soul,mind,games,fun,toy,kid,young,scrolls,elder,god,lord,legend,ancient,dragon,power,warrior,mage,magic,strength,sword,fish,ocean,water,glass,animals,lion,jungle,monkey,vine,video,music,artist,painting,oil,water,sea,thieves,rogue,army,legion,imperial,khajiit,cat,paw,dog,puppy,kitten,cute,kawaii,japan,pink,purple,blue,whale,shrimp,dinner,food,vegetables,carrot,aubergine,eggplant,breakfast,waffle,coffee,brown,bear,cub,disney,animation,ghibli,no-face,childhood,home,music,, , , , , , , , , , , , , , , , , , , , , , , , , , , , , , , , , , , , , , , , , , , , , , , , , , , , , , , , , , ,
2044,body,hair,arm,feet,face,nails,fingers,hands,legs,trunk,chest,eyes,nose,eyebrows,eyelashes,breasts,bellybutton],bum,cheeks,mouth,teeth,tongue,lips,eyes,coroas,pupils,brown,blue,green,hazel,grey,bluew,wrinkles,smooth,skin,pink,brown,red,white,black,yellow,blue,grey,toes,blood,vessals,heart,lungs,throat,breath,stomach,ribs,bones,joints,movement,red,brown,blond,mouth,enamels,caluilm,ribs,lungs,liver,kindeys,womb,period,eggs,wee,unrie,bladder,, , , , , , , , , , , , , , , , , , , , , , , , , , , , , , , , , , , , , , , , , , , , , , , , , , , , , , , , , , , , , , ,
2045,water,drop,down,up,side,walk,away,far,space,ship,sea,horse,chestnut,roast,chicken,drumstick,leg,hairy,fur,bear,claw,crab,snip,scissors,hair,long,distance,mile,journey,holida,relax,massage,spa,sauna,hot,desert,cactus,spine,tree,leaf,maple,sweet,sugar,baking,kitchen,oven,pie,apple,fruit,salad,healthy,exercise,running,beach,waves,xrays,bones,, , , , , , , , , , , , , , , , , , , , , , , , , , , , , , , , , , , , , , , , , , , , , , , , , , , , , , , , , , , , , , , , , , , , , , , , , , , , ,
2046,body,mind,brain,tissue,skin,burn,cream,ointment,topical,external,outside,inside,top,bottom,left,right,north,south,west,east,direction,compass,navigate,gps,maps,lost,found,venue,in-house,outdoor,party,event,conference,expo,market,fruit,vegetables,sauce,homemade,bakin,baking,cooking,fry,stir,bake,blanche,smear,sticky,soft,tasty,food,dinner,breakfast,lunch,meal,nutritious,unhealthy,fat,sugar,calories,diet,organic,wholegrain,allergy,nuts,oil,peanuts,rice,pasta,gluten,eggs,flour,salt,stir,mix,combine,add,subtract,multiply,divide,math,english,school,teacher,student,professor,class,recess,play,playground,pause,break,socialize,friends,introvert,extrovert,talkative,shy,loner,popu, , , , , , , , , , , , , , , , , , , , , , , , , , , , , , , , , , ,
2047,body,chain,lap,hair,grown,lag,floor,key,cap,bundle,air,day,hour,moment,king,home,web,beautiful,cupboard,gas,dog,experiment,doctor,allow,starters,plan,abort,keeping,dont,plan,cash,dooe,allow,project,earpiece,web,search,type,time,fridge,computer,mob,towel,camp,red,green,net,allow,cap,floor,window,escape,debug,black,champion,intera, , , , , , , , , , , , , , , , , , , , , , , , , , , , , , , , , , , , , , , , , , , , , , , , , , , , , , , , , , , , , , , , , , , , , , , , , , , , , , ,
2049,body,mind,game,child,brother,sister,mother,care,harm,suffer,think,talk,listen,heal,mother,baby,helpless,responsability,care,love,hate,fear,submission,battle,win,lose,life,death,r,god,parent,father,space,w,sma,small,atom,universe,soil,decay,mould,reek,burrow,, , , , , , , , , , , , , , , , , , , , , , , , , , , , , , , , , , , , , , , , , , , , , , , , , , , , , , , , , , , , , , , , , , , , , , , , , , , , , , , , , , , , , , , , , , ,
2050,water,polo,fruit,sand,castle,vein,ore,rain,bus,school,coat,timetable,rest,farm,house,friend,rich,spare,recruit,free,mask,jump,finger,cold,rush,zone,intern,rehab,crime,nature,dream,dust,reality,empire,simple,space,time,kindling,fire,atmosphere,sphere,thought,bread,fried,vehicle,kind,slurp,gurgle,drama,phantom,murder,look,under,cash,revamp,hippo,arid,lough,mountain,android,female,male,aspirin,reading,solid,face,head,eden,cry,hipster,weeds,scar,grace,nimble,opera,guitar,, , , , , , , , , , , , , , , , , , , , , , , , , , , , , , , , , , , , , , , , , , , , , , , , , , , , , , , , , ,
2052,water,fall,down,up,lift,elevator,american,usa,guns,weapons,idiots,men,anger,fear,survive,wilderness,artic,bear,danger,snake,noodle,chinese,dinner,hungry,eating,cake,birthday,surprise,upset,cry,sad,movie,titanic,ship,navy,seal,barking,dog,cat,scratch,post,box,packing,moving,house,home,warm,sleep,tired,book,read,literature,shakespeare,comedy,laugh,giggle,friends,drinks,meal,restaurant,music,guitar,string,theory,sheldon,autism,, , , , , , , , , , , , , , , , , , , , , , , , , , , , , , , , , , , , , , , , , , , , , , , , , , , , , , , , , , , , , , , , , , , ,
2053,water,father,mother,trip,food,shoes,happy,far,comfort,ball,run,turn,fun,moon,sun,stars,sky,hero,girl,ice,mice,dogs,short,fierce,hunger,angry,sad,mad,hat,eyes,smile,file,work,car,drive,movies,music,cartoon,humour,television,radio,disc,soft,drink,crisps,flower,number,school,morning,friends,play,enemies,jealousy,thoughts,simple,complicated,stress,calm,peace,home,room,dusk,sunlight,midnight,quiet,blanket,pillow,headphones,, , , , , , , , , , , , , , , , , , , , , , , , , , , , , , , , , , , , , , , , , , , , , , , , , , , , , , , , , , , , , , , , , ,
2054,water,liquid,juice,orange,fruit,orange,juice,milk,cream,butter,cheesecake,sweet,candy,chocolate,milk,fat,mcdonalds,salt,sugar,sweet,strawberry,banana,yellow,green,grass,tree,dog,puppy,pet,snake,scary,ghost,dead,grave,funeral,family,together,party,alcohol,drunk,hungover,food,burger,cheese,butter,milk,cow,grass,tree,plants,bees,pollen,hayfever,sneezing,sore,hurt,pain,eyes,see,glasses,eyecheck,expensive,yatcht,sea,fish,river,fishing,peace,quiet,silence,relaxing,candles,dark,night,sleep,tired,drowsy,coffee,milk,ice,cold,antartica,south,earth,globe,solarsystem,space,planets,mars,galaxy,aliens,scary,mars,, , , , , , , , , , , , , , , , , , , , , , , , , , , , , , , , , , , , , , , , ,
2055,body,armour,metal,iron,board,black,school,knowledge,power,responsability,family,son,brother,mother,love,mariage,responsabilities,,duties,work,finance,aids,help,savior,religion,lie,oppression,dictature,country,poverty,, , , , , , , , , , , , , , , , , , , , , , , , , , , , , , , , , , , , , , , , , , , , , , , , , , , , , , , , , , , , , , , , , , , , , , , , , , , , , , , , , , , , , , , , , , , , , , , , , , , , , , , ,
2057,water,front,sleep,run,fast,eat,small,fat,sheep,cow,milk,oil,petrol,run,cut,now,eat,cook,delicious,meal,restaurant,drinks,sour,ripe,fruits,vegitables,green,yellow,pepper,cream,flour,nuggets,aim,chain,group,sing,loud,smooth,ground,harvest,seedling,growth,worms,affids,herbicides,goats,birds,fly,sky,eagle,higher,blue,rain,storm,sight,cyclone,harricane,wisdom,fo, , , , , , , , , , , , , , , , , , , , , , , , , , , , , , , , , , , , , , , , , , , , , , , , , , , , , , , , , , , , , , , , , , , , , , , , , , , ,
2058,body,face,,,,toes,knees,shoulder,back,spine,abdomen,thigh,calf,head,hair,eyelashes,eyes,nose,mouth,theeth,clavicel,breast,bellybutton,finers,fingernails,wrist,elbow,arm,heart,lungs,esophogas,diaphragm,intestines,stomach,appendix,pancreas,liver,gallbaldder,spleen,femur,acetablulum,pelvis,tailbone,fall,injury,healing,ice,heat,excersise,movement,dance,stretches,, , , , , , , , , , , , , , , , , , , , , , , , , , , , , , , , , , , , , , , , , , , , , , , , , , , , , , , , , , , , , , , , , , , , , , , , , , , , , , , , , ,
2060,water,sea,tranquil,serene,peaceful,calm,nature,forests,trees,birds,song,music,dance,happy,smile,teeth,white,clean,clear,skies,blue,ocean,waves,water,beach,sand,fun,family,children,life,grateful,happy,content,pages,chapters,book,, , , , , , , , , , , , , , , , , , , , , , , , , , , , , , , , , , , , , , , , , , , , , , , , , , , , , , , , , , , , , , , , , , , , , , , , , , , , , , , , , , , , , , , , , , , , , , , , , ,
2061,body,part,leg,table,food,lunch,break,hospital,doctors,education,school,kids,playful,games,computers,science,future,development,space,amazing,wonderful,pride,success,failure,unlikely,slim,weight,unhealthy,gym,muscles,training,investment,stocks,value,supermarket,stock,low,stream,seaside,warmth,sunshine,life,breathing,cool,clothing,functional,process,sy, , , , , , , , , , , , , , , , , , , , , , , , , , , , , , , , , , , , , , , , , , , , , , , , , , , , , , , , , , , , , , , , , , , , , , , , , , , , , , , , , , , , , , ,
2063,water,lake,water,sea,salt,food,pizza,cheese,cows,dairy,milk,icecream,sweet,sugar,chocolate,coco,brazil,amazon,trees,animals,dogs,bark,woof,dog,cat,whiskers,cat,dog,bark,dog,food,eggs,chicken,meat,kfc,fried,unhealthy,fat,sugar,soda,coke,cavaties,teeth,dentist,toothbrush,toothpaste,brush,clean,dirty,wash,clean,clothes,pants,tshirt,shoes,laces,dirt,ground,pavement,walk,shoes,run,healthy,fitness,gym,cardio,weightd,barbell,, , , , , , , , , , , , , , , , , , , , , , , , , , , , , , , , , , , , , , , , , , , , , , , , , , , , , , , , , , , , , , , , , ,
2064,water,snow,tree,leaf,grass,flower,bee,honey,bug,grasshopper,butterfly,color,blue,red,purple,green,yellow,dog,cat,milk,coffee,breakfast,egg,potato,salad,tomato,lettuce,raddish,games,television,computer,keyboard,controller,technology,reading,math,school,document,typing,words,pen,pencil,paper,drawing,painting,marker,pastel,sandpaper,foam,wire,leather,cloth,fabric,sewing,making,folding,towel,clothing,shorts,shirt,sandals,beach,, , , , , , , , , , , , , , , , , , , , , , , , , , , , , , , , , , , , , , , , , , , , , , , , , , , , , , , , , , , , , , , , , , , , , , , ,
2066,body,mind,brain,head,eyes,nose,mouth,ears,hear,sound,noise,loud,quiet,silent,small,big,large,house,home,rooms,walls,carpet,floor,ceiling,tile,wood,tree,plant,flower,rose,tulip,grass,green,yellow,blue,red,brown,gray,black,night,stars,moon,planet,sky,day,sun,cloud,sky,wind,rain,thunder,lightning,flash,light,bright,dark,sad,happy,mad,glad,upset,angry,joyful,excited,bored,slow,fast,energy,speed,running,jumping,play,sports,ball,baseball,basketball,football,soccer,hockey,swimming,olympics,skating,snowboarding,skiing,sledding,snow,flakes,winter,summer,fall,spring,holidays,vacation,beach,mountain,river,lake,ocean,fish,shark,dolphin,octopus,starfish,, , , , , , , , , , , , , , , , , , , , , , , , , , , , , , ,
2069,body,hair,net,football,match,light,electric,lamp,stand,still,water,cooler,warmer,sunny,day,night,light,lunch,break,fast,hurry,run,race,time,clock,watch,strap,leather,jacket,overcoat,warm,fire,flames,hot,climate,change,renew,passport,holiday,country,foreign,abroad,fly,plane,jet,water,stream,brook,countryside,green,planet,earth,dirt,field,fence,wooden,varnished,shiny,glass,wine,red,blood,cut,knife,sharp,slice,loaf,bread,eat,hungry,food,cook,recipe,follow,leader,manager,work,hard,rock,sharp,cut,hurt,hit,, , , , , , , , , , , , , , , , , , , , , , , , , , , , , , , , , , , , , , , , , , , , , , , , , , ,
2070,water,wet,towel,deodorant,shirt,trousers,girl!,blowjob!,handjob!,sex!,babies,toddlers,children,teenagers,people,population,russia,ukraine,war,violence,killing,death,murder,mayhem,carnage,spiderman!,superman,batman,scooby-doo!,fred,velma,daphne,shaggy,mystery,machine,van,car,hearse,funeral,ground,soil,dirt,earth,, , , , , , , , , , , , , , , , , , , , , , , , , , , , , , , , , , , , , , , , , , , , , , , , , , , , , , , , , , , , , , , , , , , , , , , , , , , , , , , , , , , , , , , , , , ,
2071,body,head,shoulders,toes,feet,ankle,shoes,heels,brogue,sandals,beach,sand,holiday,destination,aeroplane,flying,fear,spider,insect,bug,ladybug,nickname,petname,pet,cats,dog,hamster,dopey,snowwhite,disney,walt,castle,themepark,characters,snowwhite,belle,disneyplus,streaming,netflix,amazon,amazonprime,shopping,parcels,cost,spend,overdraft,bank,finances,job,ledger,office,printer,computer,monitor,screen,computergames,reddead,longdark,play,fun,timetogether,happy,memories,happy,relationship,partner,love,family,home,safety,covid,pandemic,virus,emotional,hard,difficult,long,endless,vaccination,hope,deathy,infection,casenumbers,rate,government,tories,boris,scandal,partygate,trouble,thoughtless,selfish,resign,sack,potato,dinner,soup,leek,vegetables,stock,gammon,co, , , , , , , , , , , , , , , , , , , , , , , , , , , , , , , , ,
2072,water,glass,eye,vision,work,pain,relief,piece,peace,travel,warm,happy,cake,eat,food,shopping,tesco,groceries,discount,evening,car,drive,partner,nice,love,warmth,relax,game,control,computer,electronics,laptop,price,expensive,money,bank,account,card,debt,home,heating,cost,repair,time,mess,distruction,cleaning,effort,exhaustion,workload,students,complain,vodafone,internet,speed,racecar,nascar,usa,flag,travel,sea,beach,sand,sun,experience,parents,visit,opportunity,hardship,distance,communication,call,whatsapp,cellphone,, , , , , , , , , , , , , , , , , , , , , , , , , , , , , , , , , , , , , , , , , , , , , , , , , , , , , , , , , , , ,
2073,water,water,bottle,notebook,pencil,eraser,chips,animals,oil,tea,sugar,fish,ring,yes,tall,sky,fingers,hand,nails,space,keys,doors,portals,dimensions,aliens,invasion,defenders,heroes,oaths,paladins,pirates,ship,ocean,loot,treasure,island,desert,deserted,survival,skills,fire,stone,tools,food,sex,family,society,benefit,money,cooperation,teamwork,job,education,exams,study,book,science,discovery,inventions,innovation,problems,solutions,manuals,machines,steam,trains,planes,industry,transportation,environment,sustainability,ecosystems,globalwarming,paris,french,german,renewables,solar,energy,holland,windmill,, , , , , , , , , , , , , , , , , , , , , , , , , , , , , , , , , , , , , , , , , , , , , , , , , , , , ,
2075,body,part,art,cart,fart,tart,par,car,far,tar,are,war,far,air,wear,tear,sire,hire,fire,buyer,house,meet,eat,teeth,treat,greet,heat,fear,tear,sear,sears,store,nostalgia,malasia,asia,anastasia,biege,gage,nicolas,act,pact,stacked,against,me,tree,family,main,lobster,maine,gain,water,tower,power,layer,cake,bake,steak,delicious,bean,dean,green,leaf,tea,peak,realmonsters,kanye,album,artist,producer,kidcuddie,buddy,bear,care,tv,mtv,apple,sauce,cost,boss,power,50cent,rapper,actor,artist,father,mother,earth,ear,listen,aim,, , , , , , , , , , , , , , , , , , , , , , , , , , , , , , , , , , , , , , , , , , , ,
2077,body,muscles,bones,calcium,mineral,nature,forest,outside,exercise,health,wellbeing,balance,level,solid,stable,reliable,mainain,sustain,long,lengthy,time,enegrgy,calories,nutrition,food,saute,grill,prepare,organize,sort,catagories,similar,compair, , , , , , , , , , , , , , , , , , , , , , , , , , , , , , , , , , , , , , , , , , , , , , , , , , , , , , , , , , , , , , , , , , , , , , , , , , , , , , , , , , , , , , , , , , , , , , , , , , , , , ,
2078,water,book,car,lap,key,spoon,hand,cup,fridge,door,rag,kettle,pot,fan,knife,kneel,television,army,desert,fight,cream,towel,chain,scorching,pencil,sun,moon,hand,rich,scorpion,light,pain,task,return,sand,came,force,where,wait,egypt,silent,again,would,love,air,, , , , , , , , , , , , , , , , , , , , , , , , , , , , , , , , , , , , , , , , , , , , , , , , , , , , , , , , , , , , , , , , , , , , , , , , , , , , , , , , , , , , , , , , ,
2079,water,tap,sink,wash,clothes,shop,trolley,coin,purse,cash,machine,factory,worker,union,wedding,gift,birthday,card,paper,news,politics,debate,argue,fight,boxing,sport,olympics,torch,mine,canary,islands,countries,land,farm,animal,dog,walk,forest,tree,oak,acorn,squirrel,autumn,leaves,tree,house,home,kitchen,table,desk,school,bell,whistle,race,finish,stop, , , , , , , , , , , , , , , , , , , , , , , , , , , , , , , , , , , , , , , , , , , , , , , , , , , , , , , , , , , , , , , , , , , , , , , , , , , , , , ,
2081,water,ocean,fish,river,lake,drink,wet,rain,aqua,pond,frog,croak,die,death,coffin,coughing,smoking,hot,desert,cactus,prickly,hedgehog,hibernation,bear,forest,trees,birds,song,music,festival,feast,tavern,drinking,drunk,sailor,ship,sink,, , , , , , , , , , , , , , , , , , , , , , , , , , , , , , , , , , , , , , , , , , , , , , , , , , , , , , , , , , , , , , , , , , , , , , , , , , , , , , , , , , , , , , , , , , , , , , , , ,
2082,body,mind,soul,heart,lungs,spleen,organs,meat,vegetables,flowers,potatoes,tomatoes,travel,transport,cars,bikes,planes,flight,birds,owl,night,moon,stars,sky,sun,space,rocket,engine,fire,firework,colours,shapes,triangle,square,boring,basic,complex,structured,aimless,lost,trapped,prisoner,convict,judge,jury,executioner,king,queen,wife,punishment,adultery,cheating,dishonesty,lies,reclining,chair,bed,furniture,house,home,garden,grass,shed,fence,flowers,crops,farming,peasants,revolution,scythe,pitchfork,tyranny,industrial,steam,train,weaving,factory,outsourcing,labour,pregnancy,children,hospitals,doctor,nurse,blood,medicine,ward,protect,guard,palace,chandelier,gems,mining,pickaxe,helmet,spear,burial,grave,ship,oars,ocean,raiding,plunder,piracy,eyepatch,sails,parrot,rainforest,tree, , , , , , , , , , , , , , , , , , , , , , , , , ,
2083,body,part,type,keyboard,computer,robot,aliens,space,planets,earth,soil,plants,nature,countryside,animals,love,peace,kindness,human,emotions,sad,cry,tears,water,thirsty,dehydrated,summer,sun,heat,fire,burn,pain,hospital,doctor,nurse,cure,medicine,aid,wellbeing,ment, , , , , , , , , , , , , , , , , , , , , , , , , , , , , , , , , , , , , , , , , , , , , , , , , , , , , , , , , , , , , , , , , , , , , , , , , , , , , , , , , , , , , , , , , , , , , , ,
2084,body,hand,foot,arm,leg,head,brain,smart,dumb,stupid,cool,fun,nerd,fat,glasses,apple,banana,orange,red,blue,green,turle,fish,dog,cat,sun,moon,day,night,noon,time,watch,clock,pool,water,drink,eat,food,pizza,burger,window,door,handle,pan,stove,fridge,football,ball,run,catch,throw,fast,slow,big,small,medium,up,down,side,front,back,pie,cake,microwave,microphone,talk,speak,good,bad,ear,tie,knowledge,car,lamp,street,tree,bush,zoo,elephant,ice,freeze,cold,hot,warm,tuna,ipad,tv,computer,phone,bald,hair,nice,mean,brave,movie,sword,tennis,net,shark,jump,swim,dive,find,see,eyes,smell,taste, , , , , , , , , , , , , , , , , , , , , , , , , , , ,
2086,body,work,tired,sleep,night,day,man,woman,animal,child,kid,goat,football,sports,gaming,drinking,music,party,relax,massage,pet,cat,friend,hang,chill,snow,ice,plow,salt,road,trip,car,debt,money,work,tired,exhaustion,bored,repetitive,lonely,home,alone,remote,separated,distanced,cigarette,smoke,break,tired,nap,sleep,blankets,cozy,cuddle,pillow,soft,energy,awake,strong,determined,willful,charged,insistent,fighter,boxing,workout,exercise,sweat,fun,endorphins,shower,steamy,clean,chores,laundry,dishes,yard,shovel,mail,trash,fridge,recycling,cans,soda,beer,caffeine,nicotine,drugs,food,government,vaccine,covid,sister,niece,work,worry,stress,money,cash,paid,bank,bills,rent, , , , , , , , , , , , , , , , , , , , , , , , , , , , , , , ,
2088,body,legs,arms,hands,gloves,mittens,snowman,winter,cold,igloo,eskimo,snow,winter,christmas,tree,bird,nest,eggs,bacon,sausages,pan,cook,eat,dinner,food,drink,water,well,africa,world,globe,planets,space,room,bed,sleep,teddy,cuddling,warmth,family,home,love,togetherness,holidays,adventures,mountains,climbing,reaching,summit,top,bottom,seabed,starfish,jellyfish,legs,socks,shoes,laces,school,children,youth,disco,dancing,party,dress,make-up,painting,vangoch,sunflowers,yellow,sunshine,beach,sand,bucket,, , , , , , , , , , , , , , , , , , , , , , , , , , , , , , , , , , , , , , , , , , , , , , , , , , , , , , , , , , , ,
2090,water,bottle,bar,drink,thristy,hungry,food,tasty,meal,dinner,plate,dish,spoon,knife,cut,sore,ouch,heal,plaster,injury,aid,hospital,nurse,professional,respected,liked,nice,friendly,chatty,extroverted,loud,quiet,noise,music,dancing,party,presents,christmas,santa,sleigh,snow,winter,cold,weather,rain,storm,thunder,loud,quiet,reading,book,library,education,school,learning,brain,body,clothes,fashion,spending,money,debt,struggle,help,care,love,family,children,fun,games,toys,play,run,kick,punch,b, , , , , , , , , , , , , , , , , , , , , , , , , , , , , , , , , , , , , , , , , , , , , , , , , , , , , , , , , , ,
2092,water,bucket,hole,dig,bone,dog,walk,moutain,high,sky,aeroplane,travel,exciment,funtime,happiness,family,meals,food,lucky,treasure,pirate,ship,sea,fish,swim,lessons,life,universe,endless,time,clock,face,people,masses,ingredients,cake,mixture,method,logic,brain,body,muscle,organ,health,exercise,walk,run,hike,hills,countryside,fresh,farm,animals,nature,happiness,wonder,knowledge,power,enternal,space,shuttle,possibilities,lots,many,much,more,experiences,education,children,family,happiness,heredatery,tree,roots,leaves,animals,circle,shape,, , , , , , , , , , , , , , , , , , , , , , , , , , , , , , , , , , , , , , , , , , , , , , , , , , , , , , , ,
2095,body,face,smile,teeth,cavity,fix,repair,correct,wrong,bad,good,great,perfect,happy,fun,excited,spirited,gay,bi,queer,homosexual,straight,line,road,car,travel,trip,vacation,beach,water,sun,fun,drink,cocktails,beer,party,celebrate,summer,winter,cold,snow,ice,cream,dessert,cake,cookies,berries,fresh,garden,grow,organic,soil,bees,pollen,birds,crow,chirp,sing,song,music,karaoke,fun,exciting,friends,play,hang,man,woman,child,baby,birth,death,end,beginning,life,spirit,peace,tranquility,hope,, , , , , , , , , , , , , , , , , , , , , , , , , , , , , , , , , , , , , , , , , , , , , , , , , , , , , , ,
2098,water,cold,ice,freezing,hyperthermia,death,end,moarning,depression,metalhealth,phycologist,professional,sport,rugby,pain,injury,disabled,help,useless,purpose,movitivation,hope,dissapointments,family,sister,brother,mother,home,ashamed,stressed,finance,broke,, , , , , , , , , , , , , , , , , , , , , , , , , , , , , , , , , , , , , , , , , , , , , , , , , , , , , , , , , , , , , , , , , , , , , , , , , , , , , , , , , , , , , , , , , , , , , , , , , , , , , ,
2099,body,mind,brain,knowledge,wisdom,teeth,clean,mop,hair,blonde,barbie,doll,toy,child,parent,mum,dad,car,wheels,bike,annoying,noises,loud,people,work,school,students,uniform,clothes,trousers,shorts,summer,holiday,sunshine,sunglasses,tan,fake,nails,red,love,girlfriend,lesbian,me,you,, , , , , , , , , , , , , , , , , , , , , , , , , , , , , , , , , , , , , , , , , , , , , , , , , , , , , , , , , , , , , , , , , , , , , , , , , , , , , , , , , , , , , , , , , ,
2100,body,computer,database,searching,students,essays,tutors,university,poor,homeless,streets,shelter,charity,hostel,home,safety,security,police,self-defence,weapon,alarm,clock,watch,timekeeping,late,punishment,detention,manners,polite,time-waster,unreliable,student,kids,school,boredom,lessons,teachers,breaktime,bell,bellringing,church,handbells,skill,music,maths,numbers,accounting,, , , , , , , , , , , , , , , , , , , , , , , , , , , , , , , , , , , , , , , , , , , , , , , , , , , , , , , , , , , , , , , , , , , , , , , , , , , , , , , , , , , , , , ,
2103,water,river,flow,run,jog,park,picnic,sandwiches,ham,meat,pork,pig,farm,chickens,cluck,hen,eggs,breakfast,cereal,corn,maize,field,fence,climb,exercise,yoga,stretch,supple,bendy,fit,healthy,young,child,happy,laughter,funny,joke,comedian,show,theatre,film,cinema,popcorn,eating,dinner,roast,pudding,apples,crumble,custard,trifle,christmas,presents,giving,treats,chocolate,nice,lovely,spring,flowers,pretty,colourful,bright,sunshine,weather,cold,ice,cubes,shapes,circle,square, , , , , , , , , , , , , , , , , , , , , , , , , , , , , , , , , , , , , , , , , , , , , , , , , , , , , , , , , , , , , , , ,
2104,body,penis,vegina,sex,girls,porn,arms,fingers,toes,head,shoulder,knees,eyes,nose,mouth,hair,style,paris,french,cheese,garlic,savory,pasta,italy,icecream,cone,biscuit,toffee,fudge,brown,poo,wee,child,nursery,teacher,caregiver,lady,man,oldperson,age,young,old,middle,waist,obese,fat,weight,kilos,grams,metric,imperial,clever,silly,unique,myself,individual,rugby,scrum,lineout,maul,ruck,tackle,prop,8,row,centre,fast,quick,runners,sprinters,jamaica,carribean,barbados,slavery,rights,freedom,abolish,equal,equality,seeking,fighting,protesting,change,usa,trump,obama,biden,president,controvecy,boris,party,outrage,media,sport,football,tennis,djokovich,covid,pandemic,restrictions,sad,, , , , , , , , , , , , , , , , , , , , , , , , , , , , , , , , ,
2105,body,soul,spirit,alcohol,wine,cheese,cracker,white,color,art,painting,house,home,body,life,death,wife,spouse,marriage,commitment,sentence,word,speak,listen,hear,say,speak,write,book,story,tale,tail,dog,friend,care,hospital,emergency,police,responder,speaker,congress,clown,circus,elephant,mouse,small,tiny,large,big,huge,deal,trade,store,buy,gift,present,class,school,education,learned,taught,fish,sea,water,drink,soda,pop,dad,father,, , , , , , , , , , , , , , , , , , , , , , , , , , , , , , , , , , , , , , , , , , , , , , , , , , , , , , , , , , , , , , , , ,
2106,body,brain,mind,thoughts,feelings,pain,pleasure,fun,happy,sad,crying,laughing,comedy,films,tv,activities,cycling,excercising,scales,fish,sea,water,drink,eat,digest,learn,earn,work,eat,sleep,wake,tired,fatigue,ill,well,active,able,, , , , , , , , , , , , , , , , , , , , , , , , , , , , , , , , , , , , , , , , , , , , , , , , , , , , , , , , , , , , , , , , , , , , , , , , , , , , , , , , , , , , , , , , , , , , , , , , ,
2107,body,suit,case,file,box,fruit,salad,lead,iron,clothes,horse,ride,fairground,donuts,stand,up,high,chair,cover,all,spice,mix,up,down,hill,climb,high,low,down,stairs,runner,jog,exercise,bike,cycle,drive,through,way,back,pack,up,high,back,chair,seat,sit,stand,music,tune,sounds,hear,see,taste,flavour,sweet,sour,lemon,lime,soda,water,drink,eat,hungry,meal,food,vegetables,fruit,strawberry,raspberry,cherry,cola,bottle,drink,thirsty,quench,dry,desert,sand,dunes,beach,shells,oysters,pearls,jewellery,necklace,earrings,ears,eyes,glasses,reading,books,writing,words,sentences,paragraphs,pages,chapters,sections,gro, , , , , , , , , , , , , , , , , , , , , , , , , , , , , , , , , , , ,
2108,water,wet,dry,sun,hot,cold,ice,winter,spring,coil,retract,small,large,elephant,africa,dry,wet,rain,weather,man,woman,mother,love,attraction,ride,car,truck,haul,grocery,store,buy,money,earn,trust,family,unit,apartment,home,heart,beat,drum,brakes,stop,light,bulb,flower,bloom,yeast,bread,bake,cake,calories,weight,gain,detergent,clean,house,live,long,mile,high,drugs,doctor,health,fail,pass,driving,car,, , , , , , , , , , , , , , , , , , , , , , , , , , , , , , , , , , , , , , , , , , , , , , , , , , , , , , , , , , , , , , , , , ,
2109,body,brown,chocolate,tasty,sweet,cookie,flour,wheat,cereal,breakfast,food,pizza,tomato,red,car,drive,test,exams,university,lazy,sleep,rested,holiday,sun,abroad,spain,hot,weather,rain,cold,winter,snow,wet,windy,autumn,leaves,colour,blue,ocean,water,waves,sea,side,back,forward,turn,right,left,centre,edge,darkness,light,outside,inside,house,room,bathroom,bath,clean,night,moon,bright,midday,coffee,alert,no,yes,why,question,answer,dislike,retaliate,abuse,prison,inmate,guard,authority,police,arrest,d, , , , , , , , , , , , , , , , , , , , , , , , , , , , , , , , , , , , , , , , , , , , , , , , , , , , , , ,
2110,water,liquid,drink,water,tap,drip,leak,waste,rubbish,mess,clear,clean,nice,good,happy,sad,cry,tears,salty,sea,tide,wave,hello,goodbye,part,leave,stay,sit,chair,table,dinner,eat,food,bread,sandwich,cheese,cheddar,gorge,valley,mountain,climb,tree,leaf,green,red,stop,go,light,dark,moon,sun,light,dark,pit,tunnel,cave,gem,saphire,blue,sky,cloud,rain,puddle,splash,water,drink,eat,food,plate,bowl,fork,knife,cut,break,fix,glue,tape,make,craft,model,car,drive,fast,, , , , , , , , , , , , , , , , , , , , , , , , , , , , , , , , , , , , , , , , , , , , , , , , , , ,
