ID,cue,word 1,word 2,word 3,word 4,word 5,word 6,word 7,word 8,word 9,word 10,word 11,word 12,word 13,word 14,word 15,word 16,word 17,word 18,word 19,word 20,word 21,word 22,word 23,word 24,word 25,word 26,word 27,word 28,word 29,word 30,word 31,word 32,word 33,word 34,word 35,word 36,word 37,word 38,word 39,word 40,word 41,word 42,word 43,word 44,word 45,word 46,word 47,word 48,word 49,word 50,word 51,word 52,word 53,word 54,word 55,word 56,word 57,word 58,word 59,word 60,word 61,word 62,word 63,word 64,word 65,word 66,word 67,word 68,word 69,word 70,word 71,word 72,word 73,word 74,word 75,word 76,word 77,word 78,word 79,word 80,word 81,word 82,word 83,word 84,word 85,word 86,word 87,word 88,word 89,word 90,word 91,word 92,word 93,word 94,word 95,word 96,word 97,word 98,word 99,word 100,word 101,word 102,word 103,word 104,word 105,word 106,word 107,word 108,word 109,word 110,word 111,word 112,word 113,word 114,word 115,word 116,word 117,word 118,word 119,word 120,word 121,word 122,word 123,word 124,word 125,word 126,word 127,word 128,word 129,word 130,word 131,word 132,word 133,word 134,word 135,word 136,word 137,word 138,word 139,word 140,word 141,word 142,word 143,word 144,word 145,word 146,word 147,word 148
1000,secret,people,person,star,movie,theatre,acting,singing,talent,piano,playing,working,earn,money,wealth,house,car,driveway,driving,traffic,lights,go,stop,walk,run,skip,school,class,classmates,teachers,break,lunch,dinner,eat,food,hungry,hunger,sleep,sleepy,bed,rest,night,sky,dark,stars,far,near,distant,miles,walking,feet,body,arms,hands,writing,typing,fingers,fingernails,cutting,polish,painting,canvas,blank,empty,painted,gallery,show,sales,off,discount,deal,coupon,saving,savings,checking,number,phone,call,speaking,voicemail,texting,text,group,chatting,talking,conversation,spoken,whisper,shout,,,,,,,,,,,,,,,,,,,,,,,,,,,,,,,,,,,,,,,,,,,,,,,,,,,,,,,,,,,,
1001,plane,flight,catalog,wifi,charges,boredom,restlessness,depression,memory,failure,anger,human,betrayal,iniquity,misery,vapid,unprincipled,pointless,endless,void,space,cold,entropy,dark,bright,light,explosion,matter,planets,jupiter,gas,storms,eye,enormous,tiny,earth,life,mud,humans,tiny,water,clouds,sky,birds,dinosaurs,pteradactyl,wings,chicks,eggs,nugget,ketchup,macaroni,cheese,cow,milk,butter,fat,obesity,america,fireworks,,,,,,,,,,,,,,,,,,,,,,,,,,,,,,,,,,,,,,,,,,,,,,,,,,,,,,,,,,,,,,,,,,,,,,,,,,,,,,,,,,,,,,,,,
1003,secret,weight,burden,presence,trust,closeness,longing,needed,wanting,lost,space,wasteland,dry,draught,water,thirst,hydration,growth,flourish,flower,bloom,spread,affection,love,caring,friends,people,bond,strength,support,community,network,wires,minute,microcosm,personal,continuity,story,bigger,connected,tied,hope,love,trust,bonds,feeding,feeling,human,emotion,introspection,inward,,,,,,,,,,,,,,,,,,,,,,,,,,,,,,,,,,,,,,,,,,,,,,,,,,,,,,,,,,,,,,,,,,,,,,,,,,,,,,,,,,,,,,,,,,,,,,,,,,
1004,secret,stash,illegal,find,sniff,dog,bites,chicken,pecks,dirt,worms,feed,saddle,horse,shoe,metal,rake,clean,bath,wash,cloth,sew,machine,suds,dishes,eat,friends,laugh,light,warm,sunny,bike,travel,camp,fire,crackle,hen,egg,break,align,wheel,car,travel,new,novel,read,book,alert,email,fake,phish,soup,sour,rotten,tomato,soup,egg,hot,china,black,asphalt,pavement,hard,scrape,catch,ball,mit,glove,hand,sq,squeak,mouse,tail,skin,mole,brown,snake,small,cat,meow,kitty,jar,change,loose,rope,burn,wood,carve,gouge,dent,ruin,smash,trash,garbage,smell,flow,,,,,,,,,,,,,,,,,,,,,,,,,,,,,,,,,,,,,,,,,,,,,,,,,,,,,
1005,plane,seat,runway,fly,land,captain,romance,four,love,bittersweet,husband,adultery,love,mistress,nanny,late,early,time,spring,fall,sweep,baggage,purse,clean,bathroom,wash,smell,febreze,odor,stink,skunk,black,white,dog,pet,animal,horse,cow,brown,cream,udder,milk,drink,coconut,vodka,rum,whiskey,flavor,chocolate,cake,torte,,,,,,,,,,,,,,,,,,,,,,,,,,,,,,,,,,,,,,,,,,,,,,,,,,,,,,,,,,,,,,,,,,,,,,,,,,,,,,,,,,,,,,,,,,,,,,,,,,
1006,secret,keep,trying,tired,sleep,rest,stop,pause,end,begin,anew,evolution,progression,emancipation,emigration,place,home,kingdom,territory,defend,protect,arm,prepare,defense,military,strength,misguided,wrong,flawed,misunderstood,assume,predict,probability,awareness,experience,years,living,age,circumstances,old,bank,mortgage,illness,hospital,cancer,treatment,radiation,shock,adversity,wave,undertow,lonely,scared,company,friendship,meaning,purpose,faith,belief,religion,gods,devils,path,calling,drive,joy,engrossing,focused,born,reborn,journey,seeking,find,puzzle,solution,forward,backward,stillness,silence,calm,peace,meditation,alone,excluded,isolated,awkward,anxiety,,,,,,,,,,,,,,,,,,,,,,,,,,,,,,,,,,,,,,,,,,,,,,,,,,,,,,,,,,,,,,
1007,plane,ride,horse,show,case,watch,man,hole,been,gone,girl,friend,love,flower,bloom,field,out,in,enter,exit,row,canoe,water,slide,park,disney,mickey,minnie,goofy,dog,horse,cow,cat,meow,paw,fixed,faint,sick,obese,food,burgers,fries,pie,home,garden,yard,summer,baseball,field,babe,boston,yankees,bronx,jeter,field,stadium,fame,fortune,riches,train,subway,city,fast,busy,expenisve,half,warm,summer,florida,beaches,flaw,flower,roses,rain,garden,yard,green,tree,birds,robin,fence,hammock,chickens,flamingo,dogs,cats,rabbit,paint,roof,window,rain,thunder,lightning,clouds,hail,snow,sand,mountain,hike,rockies,drain,tired,exercise,weights,barbell,bicycle,rowing,dumbell,gym,frontdesk,,,,,,,,,,,,,,,,,,,,,,,,,,,,,,,,,,,,,,,
1008,plane,fly,swat,police,bad,danger,fall,break,sneak,peek,lamp,bulb,title,pond,ocean,wave,beach,sand,shell,rock,cliff,mountain,pine,fern,ball,ruber,jar,scent,sound,beep,goose,down,clouds,stars,tall,actor,clock,time,watch,phone,believe,love,seat,window,shade,block,green,blue,help,cracker,cheese,salami,bologna,taco,pillow,television,shows,locker,suitcase,travel,hotel,car,truck,fender,music,songs,singing,voice,blind,nanny,baking,cake,bank,,,,,,,,,,,,,,,,,,,,,,,,,,,,,,,,,,,,,,,,,,,,,,,,,,,,,,,,,,,,,,,,,,,,,,,,,,,,
1010,plane,dive,water,rafting,wet,cold,ice,cube,frozen,freezing,winter,wonderland,christmas,joy,present,happy,love,children,parents,babies,marriage,life,forever,love,relationship,couple,woman,man,being,humanity,one,self,person,individual,solo,music,melody,listen,relax,sleep,rest,tired,work,hard,labor,pregnancy,conceive,baby,born,birthday,surprise,cake,cream,butter,yellow,sun,bright,warm,comfort,sofa,couch,television,shows,entertainment,comedy,,,,,,,,,,,,,,,,,,,,,,,,,,,,,,,,,,,,,,,,,,,,,,,,,,,,,,,,,,,,,,,,,,,,,,,,,,,,,,,,,,,,
1011,plane,fly,high,level,tap,water,health,hospital,patient,bed,billow,cover,pack,many,thinks,product,items,names,resipients,person,humenbeing,live,house,big,sky,blue,color,beauty,fair,love,living,t,,,,,,,,,,,,,,,,,,,,,,,,,,,,,,,,,,,,,,,,,,,,,,,,,,,,,,,,,,,,,,,,,,,,,,,,,,,,,,,,,,,,,,,,,,,,,,,,,,,,,,,,,,,,,,,,,,,,,
1012,secret,garden,girl,little,scary,unknown,vines,plants,flowers,ancient,ruins,crumbling,stone,blocks,door,key,lock,entrance,void,ghosts,scary,haunted,torment,shapes,darkness,outside,sunshine,bright,light,blinding,shriek,shrek,green,monster,avoidant,running,to,fro,away,broadway,problems,stage,lighting,makeup,smile,teeth,dentistry,chair,novicaine,cavity,drill,loud,eardrum,vertigo,doctor,medicine,medication,drowsy,sleeping,pillow,food,hungry,awaken,seeds,alert,sudafed,allergies,sleepy,awakeness,travel,wide,open,eyes,hearing,loud,deafening,sharp,vocals,scream,someone,heard,police,fright,sign,stop,metal,nails,screws,spiral,driver,screwdriver,drink,alcohol,orange,voda,phone,vodka,juice,college,limit,fake,identification,clubs,dancing,crazy,vomit,chunks,black,sleep,hangover,sleep,lazy,tv,food,cooking,stone,oven,cheese,bread,carbs,paleo,fat,butter,oil,coconut,skin,shreds,eggs,peanut,allergies,together,oven,degrees,minutes,muffins,blueberries,nuts,allergens,pollen,sneeze,slippers,layiing,still,watery,eyeball,pupil,strained,glasses,
1013,secret,story,love,romance,intrigue,mystery,enigma,quiet,unspoken,number,offered,taken,shared,provided,illicit,affair,unknown,risky,never,strange,decision,choice,uncommon,common,worlds,collide,separate,longing,past,present,workaday,simplicity,complexity,,complications,unnecessary,quiet,cat,pet,dog,hamster,fish,rat,ferret,hamster,guinea,pig,giraffe,elephant,hippo,manatee,cow,ewe,lamb,rooster,turkey,chicken,pig,llama,alpaca,ram,bear,moose,cheetah,lion,leopard,puma,nike,adidas,vans,kangaroo,koala,spider,snake,rattlesnake,kookooburra,country,continent,state,town,city,unincorporated,area,street,road,boulevard,drive,circle,terrace,roundabout,turn,curve,swoop,,,,,,,,,,,,,,,,,,,,,,,,,,,,,,,,,,,,,,,,,,,,,,,,,,,,,,,,
1014,plane,train,automobile,ford,chevy,dodge,jeep,wrangler,explore,travel,forest,trees,fire,water,clouds,sky,rain,snow,sleet,ice,polar,wind,winter,spring,mud,buds,warm,green,summer,hot,beach,sun,play,tan,fall,halloween,leaves,color,winter,thanksgiving,christmas,family,friends,love,kindness,compassion,honesty,humility,strength,pride,confidence,attentiveness,humor,funny,joke,riddle,rebus,crossword,sudoku,games,contest,everquest,ultima,shepherd,commander,leader,brave,tired,resourceful,best,hero,thought,brain,listen,comprehend,study,hypothesize,result,control,publish,theory,gather,hunt,computer,monitor,cpu,drive,,,,,,,,,,,,,,,,,,,,,,,,,,,,,,,,,,,,,,,,,,,,,,,,,,,,,,,,,,,,,,
1016,secret,agent,broker,house,yard,patio,furniture,den,family,tree,fruit,vegetables,garden,soil,dirt,worm,dance,disco,drugs,mexico,immigrants,politicians,racism,country,problems,conservatism,election,distrust,fear,loathing,vegas,movie,theater,popcorn,farm,subsidy,program,money,economics,trade,china,wall,invader,space,stars,stripes,flag,,,,,,,,,,,,,,,,,,,,,,,,,,,,,,,,,,,,,,,,,,,,,,,,,,,,,,,,,,,,,,,,,,,,,,,,,,,,,,,,,,,,,,,,,,,,,,,,,,,,,,
1017,secret,forbidden,sacred,lies,cheats,safety,harmful,trust,distrust,truth,honesty,tell,keep,puzzle,challenge,confusion,betrayal,discover,hide,vow,oath,blackmail,use,harm,destructive,,,,,,,,,,,,,,,,,,,,,,,,,,,,,,,,,,,,,,,,,,,,,,,,,,,,,,,,,,,,,,,,,,,,,,,,,,,,,,,,,,,,,,,,,,,,,,,,,,,,,,,,,,,,,,,,,,,,,,,,,,,,
1018,plane,love,time,travel,distance,regard,growth,intuition,loss,private,emotion,hurry,spend,share,thought,miss,judge,remember,kind,talk,community,intention,direct,eyes,protect,friend,window,burden,lucky,wait,chase,summer,flower,link,posture,longing,waste,nurture,flow,dance,play,mistake,doubt,fortunate,trust,candu,,,,,,,,,,,,,,,,,,,,,,,,,,,,,,,,,,,,,,,,,,,,,,,,,,,,,,,,,,,,,,,,,,,,,,,,,,,,,,,,,,,,,,,,,,,,,,,,,,,,,,,
1019,secret,letter,alphabet,number,phone,call,bluff,mountain,sky,cloud,burst,bubble,gum,tree,flower,girl,scout,camp,tent,pole,position,place,mat,door,bell,church,priest,collar,shirt,tie,knot,hole,donut,glazed,stucco,wall,floor,sweep,broom,push,button,coat,raccoon,mask,face,eye,nose,mouth,kiss,band,aid,help,line,draw,pencil,grease,fire,extinguish,douse,water,bug,spray,bottle,wash,dry,beef,steak,grill,onion,cry,laugh,clown,nose,pinch,press,wine,beer,mug,rob,bandit,chip,break,take,grab,bag,orange,yellow,crayon,kid,joke,tell,bell,ring,phone,home,h,,,,,,,,,,,,,,,,,,,,,,,,,,,,,,,,,,,,,,,,,,,,,,,,,,,,,
1020,plane,tall,woman,water,armpit,bite,shoulder,magazine,number,four,call,nanny,late,regret,jealous,husband,wife,grown,child,worry,trouble,scold,yell,no,code,secret,TRUE,tabloid,sleeping,wake,dream,float,flying,below,ground,land,walk,run,exercise,shape,long,wingspan,tall,giant,protect,danger,scared,afraid,fear,past,present,future,unkown,planning,details,remember,forgot,lost,found,hidden,conceal,within,thoughts,feelings,conflicted,turmoil,fight,wrestle,conflict,war,,,,,,,,,,,,,,,,,,,,,,,,,,,,,,,,,,,,,,,,,,,,,,,,,,,,,,,,,,,,,,,,,,,,,,,,,,,,,,,
1021,secret,number,4,clover,lucky,st.patrick,green,broccoli,healthy,food,hungry,eat,plane,window,sky,clouds,travel,california,celebs,famous,man,actor,tv,money,rich,house,big,room,family,wife,bored,fun,dance,exciting,tiring,sleep,bed,pillow,head,hair,cut,style,pretty,date,dinner,expensive,wine,fun,interesting,,,,,,,,,,,,,,,,,,,,,,,,,,,,,,,,,,,,,,,,,,,,,,,,,,,,,,,,,,,,,,,,,,,,,,,,,,,,,,,,,,,,,,,,,,,,,,,,,,,,
1022,secret,private,personal,guarded,discreet,hidden,unpublished,untold,unknown,undisclosed,exlclusive,personalised,confidential,intimate,priveleged,close,mysterious,dark,incomprehensible,unexplainable,puzzling,inscrutable,enigmatic,cryptic,,,,,,,,,,,,,,,,,,,,,,,,,,,,,,,,,,,,,,,,,,,,,,,,,,,,,,,,,,,,,,,,,,,,,,,,,,,,,,,,,,,,,,,,,,,,,,,,,,,,,,,,,,,,,,,,,,,,,,,,,,,,,
1024,secret,lover,boy,friend,ship,shore,line,dance,hall,way,bill,duck,goose,egg,chicken,friend,boy,toy,game,show,stopper,drain,water,boy,drink,mixed,ingredients,recipe,card,birthday,wish,star,night,sky,moon,beam,balance,total,cereal,bar,alcohol,vodka,russian,spy,games,fun,party,birthday,cake,frosting,icing,sweet,tooth,brush,hair,cut,flowers,plants,pretty,woman,man,father,mother,charge,card,note,book,story,time,watch,dog,cat,kitty,litter,box,shoe,shine,bright,light,switch,off,guard,duty,chore,work,clean,crystal,glass,window,shade,tree,trunk,clothes,washer,drier,air,clean,mop,floors,elevator,shaft,pole,,,,,,,,,,,,,,,,,,,,,,,,,,,,,,,,,,,,,,,,,,,,,,,
1025,plane,flight,,air,clouds,white,chistmas,presents,surprise,gifts,present,coffee,shop,family,friends,happiness,music,books,reading,stories,imagine,beatles,sixties,memiors,interesting,thinking,brain,hidden,dark,closet,clothing,cover,night,mon,moon,stars,galaxy,space,constellation,maps,earth,continents,life,everywhere,italy,vacation,rental,house,apartment,mine,money,cost,job,bred,breed,horse,animall,pets,cats,calico,furr,soft,feather,bird,tree,worm,early,late,never,wishes,linger,cranberries,raisins,dried,fruit,tree,apple,adam,eve,bible,stories,beginning,middle,ending,death,life,tragic,ending,part,whatever,happenings,stages,play,friday,weeks,months,year,decade,measurment,time,clock,watch,lost,stolen,anger,pain,trouble,shrug,feel,think,mood,sad,happy,change,,,,,,,,,,,,,,,,,,,,,,,,,,,,,,,,,,,
1027,secret,tell,whisper,silence,thrill,involved,taken,affair,lover,smooth,love,heart,treatment,trouble,sweet,remember,times,beautiful,waite,waste,wonder,life,dream,clouds,rain,sky,blue,black,curious,darkness,drowning,breathing,swing,tree,leaves,fall,seasons,summer,hot,sun,play,time,children,child,park,car,bus,travel,vacation,friends,best,chain,change,schedule,story,money,mouth,song,lyrics,beat,headphoens,headphones,,,,,,,,,,,,,,,,,,,,,,,,,,,,,,,,,,,,,,,,,,,,,,,,,,,,,,,,,,,,,,,,,,,,,,,,,,,,,,,,,,,,,,,
1028,plane,fly,soar,bird,animal,tiger,predator,hunt,shoot,gun,fire,burn,flame,bright,sun,hot,beam,impact,hit,punch,boxing,fight,anger,mad,threaten,tense,energy,spark,electric,power,sustain,keep,hold,own,buy,purchase,money,earn,work,job,employment,manager,owner,business,company,stock,market,farm,pig,bacon,breakfast,morning,wake,sleep,tired,bed,pillow,soft,,,,,,,,,,,,,,,,,,,,,,,,,,,,,,,,,,,,,,,,,,,,,,,,,,,,,,,,,,,,,,,,,,,,,,,,,,,,,,,,,,,,,,,,,,,
1029,secret,actor,number,phone,call,nanny,children,parents,father,mother,earth,grass,green,ocean,blue,white,sky,cloud,star,sun,moon,earth,globe,round,circle,pie,apple,banana,pudding,chocolate,cookie,bake,sale,buy,clothes,wear,pants,shirt,button,bag,carry,shoulder,arm,hand,finger,ring,wedding,marriage,lifetime,movie,happy,sad,depressed,therapist,talk,listen,think,problem,solve,math,algebra,geometry,square,circle,triangle,color,red,green,christmas,tree,cut,bread,slice,sandwich,eat,crackers,soup,sick,cold,hot,fever,bed,sleep,rested,work,hard,soft,blanket,warm,comfortable,sitting,massage,shoulders,back,front,long,short,person,woman,man,salt,bite,magazine,read,number,four,lifetime,sad,always,never,call,phone,dial,rotary,club,key,lock,unlock,safe,home,doorway,threshold,entrance,begin,end,renew,start,finish,race,car,first,last,,,,,,,,,,,,,,,,,
1030,plane,fly,air,seat,man,talk,want,love,attention,like,face,eyes,secret,paper,number,talk,call,lust,wonder,lost,hopeless,starving,sad,loss,life,reality,dreams,,,,,,,,,,,,,,,,,,,,,,,,,,,,,,,,,,,,,,,,,,,,,,,,,,,,,,,,,,,,,,,,,,,,,,,,,,,,,,,,,,,,,,,,,,,,,,,,,,,,,,,,,,,,,,,,,,,,,,,,,,
1031,secret,number,4,airplane,seats,cushions,flight,plane,city,life,apartment,clean,today,sunny,walk,outdoors,park,bench,sit,think,memories,nostalgic,happiness,family,kids,husband,love,cherished,care,respect,courtesy,faithful,people,difference,enjoyment,discover,new,adventures,planning,finding,exploring,joy,smiling,conent,goals,growth,plans,achievments,exciting,lost,answers,questions,knowing,thoughts,wonder,why,when,ho,,,,,,,,,,,,,,,,,,,,,,,,,,,,,,,,,,,,,,,,,,,,,,,,,,,,,,,,,,,,,,,,,,,,,,,,,,,,,,,,,,,,,,,,,,,
1032,plane,lovers,girlfriend,relationships,time,urgency,hurried,short,tall,heavy,thin,weight,looks,beauty,lust,desire,wanting,comfort,loss,numbers,meaning,secrets,husband,fighting,aggression,men,women,ladies,kids,puppies,pets,animaks,responsibility,care,consideration,polite,manners,workplace,income,budget,future,planning,husband,wife,lady,tramp,dogs,park,hiking,rochester,food,barbeque,vegetarian,vegan,choices,challenge,decisions,overcome,cheese,meat,chips,utz,sacks,bags,film,inventory,vendors,meeting,discussions,interactions,nerves,quiet,interview,offer,accept,college,applications,email,outlook,microsoft,word,excel,spreadsheet,,,,,,explore,plane,travel,california,sandiego,carmen,games,kids,babies,care,infants,,,,,,,,,,,,,,,,,,,,,,,,,,,,,,,,,,,,,,,,,,,,,,,,,,
1034,secret,love,meeting,dating,together,life,bottom,filed,upright,under,now,better,line,lonely,dead,ongoing,between,purpose,highly,north,dailing,follow,once,boxes,killed,their,performance,techno,button,wide,lab,materials,bond,fuel,gas,kick,one,gain,soon,noun,verb,took,using,level,popular,images,system,under,,,,,,,,,,,,,,,,,,,,,,,,,,,,,,,,,,,,,,,,,,,,,,,,,,,,,,,,,,,,,,,,,,,,,,,,,,,,,,,,,,,,,,,,,,,,,,,,,,,,,
1035,plane,train,travel,trip,fall,winter,summer,warmth,jacket,cold,ice,snow,sled,fun,game,board,walk,run,sprint,exercise,health,weight,wait,time,short,height,foot,shoe,jeans,belt,shirt,store,mall,parking,car,door,chair,seat,table,food,sandwich,turkey,animal,anger,rage,machine,computer,game,chance,lucky,lottery,play,win,victor,champion,dog,walk,leash,training,practice,performance,play,theater,movie,actor,spy,novel,fiction,bond,james,british,united,soccer,ball,net,basketball,court,date,month,year,age,growth,tree,nature,hike,sweat,armpit,febreeze,airplane,first,class,learn,instruction,task,assignment,productivity,generate,make,bake,cook,food,eat,lunch,nourish,plant,flower,photosynthesis,biology,science,stu,,,,,,,,,,,,,,,,,,,,,,,,,,,,,,,,,,,,,,,
1036,plane,air,fly,bug,insect,spider,moth,man,annoying,irritant,itch,hunger,hurt,loss,sad,alone,fear,empty,cup,water,drink,eat,food,vitamin,mineral,health,strong,exercise,muscle,power,protect,keep,important,hide,sneak,thief,steal,take,force,push,pull,door,open,close,enter,exit,give,take,,loss,lose,win,make,self,person,me,exist,think,philosophy,abstract,consider,rules,laws,origin,reason,why,when,what,where,how,who,when,questions,answers,looking,searching,asking,survey,research,data,trends,solving,problems,better,,,,,,,,,,,,,,,,,,,,,,,,,,,,,,,,,,,,,,,,,,,,,,,,,,,,,,,,,,,,,,,,,
1039,plane,seat,window,eyes,glare,seeing,look,intense,gaze,clouds,wind,sky,vast,wide,open,free,fly,birds,eagles,harpy,old,lady,window,widow,death,longing,hope,regret,pensive,reflective,nostalgic,missed,desire,film,ideology,language,thought,image,sight,sound,movies,cinema,wave,black,white,movement,clown,jester,laughter,funny,crying,crowd,danger,closed,tight,scared,anxious,nervous,rushed,alone,lonely,singular,unique,different,only,favored,desired,wonder,wander,adrift,path,fork,road,frost,winter,cold,air,brisk,ice,sleet,slip,gloves,mittens,coat,jacket,hat,ski,cliff,heights,mountain,climb,scale,high,dive,water,pool,deep,shallow,paddle,exercise,sore,massage,hands,feet,toes,nails,hammer,screw,picture,frame,photo,past,books,reading,literature,magical,realism,poetry,prose,shakespeare,hamlet,ophelia,suicide,death,life,play,perform,act,actor,ret,,,,,,,,,,,,,,,,,,,
1040,plane,air,flying,seats,passengers,seatmates,conversation,flying,humming,sound,engines,people,sleeping,stewardesses,carts,traytables,snacks,drinks,overhead,baggage,landing,waiting,disembarkation,airport,busy,noisy,gates,walking,baggageclaim,suitcases,taxis,shuttles,pickup,driving,destinations,family,sightseeing,traveling,familiar,unfamiliar,home,quiet,empty,strange,familiar,strange,odd,elsewhere,places,far,distance,going,exploring,ships,voyages,going,new,exciting,enjoyable,strange,new,bright,rain,weather,improvising,picnics,castles,highways,palaces,eating,cuisine,novelty,,,,,,,,,,,,,,,,,,,,,,,,,,,,,,,,,,,,,,,,,,,,,,,,,,,,,,,,,,,,,,,,,,,,,,,,,,,,,
1041,plane,flying,free,untethered,independent,joyful,footloose,adventure,journey,excitement,wonder,experiences,engaging,thought-provoking,exotic,foreign,different,language,cuisine,culture,communicatin,tradition,ways,sample,try,do,go,see,feel,learn,broaden,widen,rounded,traveled,open-minded,new,extraordinary,stories,memories,interesting,fascinating,humorous,funny,fun,laughing,amused,gregarious,witty,entertaining,,,,,,,,,,,,,,,,,,,,,,,,,,,,,,,,,,,,,,,,,,,,,,,,,,,,,,,,,,,,,,,,,,,,,,,,,,,,,,,,,,,,,,,,,,,,,,,,,,,,
1042,secret,life,death,departure,leaving,errands,running,exercise,fitness,suitability,training,experience,activities,playing,games,fun,entertainment,amusement,park,nature,forest,trees,leaves,departs,away,far,distant,vision,eyesight,eyes,color,bright,smart,intelligent,wise,accomplished,expert,skills,abilities,capable,performance,acting,fake,counterfeit,money,purchase,consume,eat,food,provider,farms,fields,streams,water,flowing,rapids,rocks,earth,sphere,round,ball,football,sports,hockey,goalie,mask,hide,hidden,secret,truth,freedom,happiness,joy,smiling,pleasure,enjoyment,,,,,,,,,,,,,,,,,,,,,,,,,,,,,,,,,,,,,,,,,,,,,,,,,,,,,,,,,,,,,,,,,,,,,,,,,
1043,secret,lovert,man,plane,seat,bathroom,armpit,smell,febreeze,want,longing,magazine,number,four,call,regret,loss,pain,sadness,wanting,desire,,,,,,,,,,,,,,,,,,,,,,,,,,,,,,,,,,,,,,,,,,,,,,,,,,,,,,,,,,,,,,,,,,,,,,,,,,,,,,,,,,,,,,,,,,,,,,,,,,,,,,,,,,,,,,,,,,,,,,,,,,,,,,,,
1044,plane,seat,travel,plane,destination,strangers,stories,talking,engaging,remembering,opening,vulnerable,risk,anxiety,regret,longing,reliving,past,decades,fun,wishing,hoping,thinking,wandering,exploring,destination,going,arriving,leaving,regret,possibilities,endless,time,ages,old,ancient,remembering,past,,,,,,,,,,,,,,,,,,,,,,,,,,,,,,,,,,,,,,,,,,,,,,,,,,,,,,,,,,,,,,,,,,,,,,,,,,,,,,,,,,,,,,,,,,,,,,,,,,,,,,,,,,,,,,,
1045,plane,aero,air,wind,windy,cold,ice,icey,freezing,winter,snow,flakes,white,colors,rainbow,red,blue,green,yellow,purple,black,noir,void,abyss,death,life,living,undead,zombies,vampires,werewolves,bats,night,sleep,dreams,nightmares,terrors,scary,horror,terrifying,anxious,stressful,busy,overwhelmed,overworked,worked,working,career,business,professional,job,employee,salary,wages,money,time,value,price,affordable,cheap,pricy,rich,expensive,wealthy,financial,business,investment,portfolio,stocks,risky,lottery,bucks,deer,hunting,gun,rifle,war,attack,violent,violence,disruption,entrepreneurial,uncertain,risky,unknown,uncertain,hindered,blocked,voided,check,bank,institution,university,learning,education,understanding,knowing,thinking,finding,searching,placing,moving,taking,borrowing,lending,temporary,,,,,,,,,,,,,,,,,,,,,,,,,,,,,,,,,,,,,,,,,,,
1046,secret,spy,personal,exciting,engaging,private,lost,me,whisper,guess,lost,us,tell,betray,keep,bond,shhhhh,hide,top,espionage,message,,,,,,,,,,,,,,,,,,,,,,,,,,,,,,,,,,,,,,,,,,,,,,,,,,,,,,,,,,,,,,,,,,,,,,,,,,,,,,,,,,,,,,,,,,,,,,,,,,,,,,,,,,,,,,,,,,,,,,,,,,,,,,,,
1049,plane,flight,airport,baggage,check,mark,pencil,number,phone,call,girl,tall,legs,skirt,wet,splash,sink,basin,water,sea,salty,captain,respect,power,lifting,weights,anchor,ship,pirate,treasure,gold,prospector,mine,tunnels,secret,message,,,,,,,,,,,,,,,,,,,,,,,,,,,,,,,,,,,,,,,,,,,,,,,,,,,,,,,,,,,,,,,,,,,,,,,,,,,,,,,,,,,,,,,,,,,,,,,,,,,,,,,,,,,,,,,,,
1050,secret,word,book,key,lock,fountain,accelerometer,accelerate,excel,exceptional,exceeded,intuition,incredible,intercourse,infallible,pat,pander,panda,pants,pleated,incongruous,telemetry,telephone,tears,tear,earwig,balloon,balance,ball,trounce,youth,youthful,fountain,foundation,hemmorage,heated,heart,hearth,freak,freaky,freakish,untied,hymen,hyrule,individual,yin,yang,yeet,yearly,tree,angel,anthology,apocalypse,preen,chicken,girl,boy,band,heart,sheep,shepherd,dog,greatdane,wool,cat,rug,chair,cut,knife,pizza,cutter,cut,blade,sharp,metal,serrated,manufactured,furnace,iron,molten,salt,sand,flow,conveyor,belt,giant,machine,fast,rotating,blunt,scoop,shovel,grains,many,fast,incredible,yearly,thrashing,jolt,jove,indigo,hubris,were,wonder,quadratic,gibbering,placate,planting,untied,unravel,unwary,unilever,oblique,obsolete,conveyance,heated,heat,fire,burn,burning,wood,chop,,,,,,,,,,,,,,,,,,,,,,,,,,,
1051,plane,fly,air,seats,scared,crash,land,airport,passenger,people,men,women,children,clouds,luggage,visit,vacation,travel,united,jet,proppeler,blue,flat,stage,rung,footing,drift,wheel,soar,level,horizontal,glide,skim,aircraft,craft,machine,flying,airplane,ship,bird,kite,flight,tracker,accident,air,book,deals,customer,cartoon,geometry,amelia,helicopter,show,south,west,delta,orlando,premium,select,experience,dining,details,see,world,work,miles,,,,,,,,,,,,,,,,,,,,,,,,,,,,,,,,,,,,,,,,,,,,,,,,,,,,,,,,,,,,,,,,,,,,,,,,,,,,,,,,,,,
1053,secret,agent,man,james,bond,attach,attache,purse,brick,house,roof,dog,cat,mouse,testing,lipstick,peta,pita,gyro,lamb,buffalo,steak,sauce,fork,knife,cut,wrists,suicide,gun,violence,war,peace,japan,hiroshima,nagasaki,atomic,bomb,explosion,atom,relativity,einstein,miracle,year,decade,century,millennium,eon,epoch,gravity,bending,robot,beer,wine,liquor,drug,marijuana,herb,,,,,,,,,,,,,,,,,,,,,,,,,,,,,,,,,,,,,,,,,,,,,,,,,,,,,,,,,,,,,,,,,,,,,,,,,,,,,,,,,,,,,,,,,,,,
1054,secret,meeting,friend,help,tips,guide,strength,wisdom,late,old,past,soon,plane,trip,home,family,guest,win,lose,stay,want,wait,leave,new,old,time,passes,football,touchdown,player,soccer,ball,gain,win,lose,stress,age,wisdom,lose,hope,fear,stay,go,pay,play,hope,freedom,dream,talisman,shelter,friend,opportunity,gain,wait,lose,try,fail,fall,strength,wisdom,gain,start,not,yes,ho-pe,chest,cheat,play,player,game,win,when,time,fail,wait,fail,sing,strong,knowledge,ages,renews,miss,loss,friend,gain,lose,win,start,go,pass,join,joy,together,family,guest,guess,sing,wing,fly,port,sail,ship,ocean,relax,renew,restart,newer,older,past,future,wince,sad,sorrow,missed,mistake,identity,self,lone,human,own,yours,loss,stand,start,try,win,pass,lazy,,,,,,,,,,,,,,,,,,,,,
1056,secret,number,four,three,two,one,seat,plane,star,baseball,sports,fan,crazy,help,police,blm,minority,majority,democracy,capitalism,economics,greed,rich,poor,money,banks,loans,debt,cars,electric,tesla,environment,warming,disaster,save,help,people,animals,food,plants,garden,food,store,purchase,consume,america,army,empire,unjust,courts,judge,crime,prison,cell,phone,number,four,plane,celebrity,spy,roy,me,mine,your,,,,,,,,,,,,,,,,,,,,,,,,,,,,,,,,,,,,,,,,,,,,,,,,,,,,,,,,,,,,,,,,,,,,,,,,,,,,,,,,,,,,,
1057,secret,hush,quiet,personal,letter,note,unavailable,individual,listen,speak,talk,whisper,silent,crept,silence,along,alone,private,talking,gossip,talk,movement,people,girl,boy,love,heart,friendship,lovers,marriage,family,children,life,death,honest,dishonest,society,kept,alive,along,great,bad,death,above,below,up,down,friends,enemies,secrets,messages,personality,trust,distrust,honorable,dishonorable,thief,prison,jail,police,quiet,simple,complicated,white,black,gray,cover,blanket,quilt,fabric,material,cloth,satin,slick,smooth,coarse,fluffy,firm,pillow,sheet,comforter,mattress,playing,working,games,job,responsibilities,family,bills,finances,due,rent,walls,corners,homes,buildings,spots,family,brothers,sister,,,,,,,,,,,,,,,,,,,,,,,,,,,,,,,,,,,,,,,,,,,,,,,,,
1058,plane,fare,ride,fly,trip,vacation,fun,relax,destination,flight,attendent,pilot,sky,clouds,wings,window,people,crowded,drinks,snacks,uncomfortable,jones,cigarette,layover,bathroom,drink,polite,tired,cramped,movie,drink,land,runway,terminal,busy,check,baggage,security,identification,guards,dogs,crowd,wait,tired,bored,sleep,final,destination,family,travel,aisle,depart,arrive,,,,,,,,,,,,,,,,,,,,,,,,,,,,,,,,,,,,,,,,,,,,,,,,,,,,,,,,,,,,,,,,,,,,,,,,,,,,,,,,,,,,,,,,,,,,,,,,
1059,secret,spy,detective,sneaky,hidden,lost,found,here,now,present,future,unknown,lost,scared,afraid,fear,anger,sad,emotions,life,living,now,here,front,back,behind,past,once,before,now,time,passing,clock,hands,seconds,minutes,days,hours,long,short,small,big,tall,towering,buildings,skyscrapers,city,chicago,lake,michigan,water,blue,waves,boat,skiing,,,,,,,,,,,,,,,,,,,,,,,,,,,,,,,,,,,,,,,,,,,,,,,,,,,,,,,,,,,,,,,,,,,,,,,,,,,,,,,,,,,,,,,,,,,,,,
1060,secret,letter,words,talk,mouth,face,eyes,see,view,balcony,room,bed,sleep,night,dark,color,red,apple,tree,leaves,fall,season,spring,flowers,pretty,girl,dress,long,walk,dog,furry,soft,skin,sun,yellow,cheer,wave,hello,friendly,nice,smile,happy,wine,glass,break,,,,,,,,,,,,,,,,,,,,,,,,,,,,,,,,,,,,,,,,,,,,,,,,,,,,,,,,,,,,,,,,,,,,,,,,,,,,,,,,,,,,,,,,,,,,,,,,,,,,,,,,
1061,plane,flight,sky,way,maker,home,ouse,house,kitchen,knife,sharp,sword,knight,armor,spirit,bible,god,holy,church,pope,cardinal,bishop,priest,followers,worshippers,believers,,,,,,,,,,,,,,,,,,,,,,,,,,,,,,,,,,,,,,,,,,,,,,,,,,,,,,,,,,,,,,,,,,,,,,,,,,,,,,,,,,,,,,,,,,,,,,,,,,,,,,,,,,,,,,,,,,,,,,,,,,,
1062,secret,message,agent,lover,potion,silent,rendevous,hide,money,account,life,word,code,hope,dream,forest,river,mountain,life,passage,cave,world,location,knowledge,wire,ways,spy,four,nanny,life,lover,one,latch,night,book,diary,loss,line,phone,organization,look,market,black,sell,buy,run,,,,,,,,,,,,,,,,,,,,,,,,,,,,,,,,,,,,,,,,,,,,,,,,,,,,,,,,,,,,,,,,,,,,,,,,,,,,,,,,,,,,,,,,,,,,,,,,,,,,,,,
1063,secret,silent,search,never,heard,coarse,old,never,memory,long,time,ago,over,under,years,days,nights,time,always,again,someone,dog,cat,paper,note,spy,cover,loss,move,time,cenyury,bad,good,across,river,ocean,barrier,snow,rain,wet,time,scrooge,simple,complicated,many,few,restrict,purpose,much,open,close,res,,,,,,,,,,,,,,,,,,,,,,,,,,,,,,,,,,,,,,,,,,,,,,,,,,,,,,,,,,,,,,,,,,,,,,,,,,,,,,,,,,,,,,,,,,,,,,,,,
1064,secret,wish,dream,affair,risk,forbidden,lust,trouble,moments,glance,quiet,forgotten,death,passed,mourn,alone,grave,cremation,funeral,celebration,live,life,laugh,music,dance,romance,desire,friend,fun,vacation,camping,kayaking,snorkeling,skiing,skilift,colorado,mountains,snow,winter,cold,chalet,cabin,forest,loft,rescue,alaska,retire,ocean,coast,pollution,plastic,marine,oil,greed,environment,solar,wind,ship,horizon,sharks,whales,icebergs,dolphins,sealions,penguins,polars,bears,huskies,malamutes,sleds,racing,ice,disaster,lost,frozen,warmth,fur,,,,,,,,,,,,,,,,,,,,,,,,,,,,,,,,,,,,,,,,,,,,,,,,,,,,,,,,,,,,,,,,,,,,,,,,
1065,plane,story,romance,novel,books,reading,writing,fantasy,dragons,dungeons,stranger,perfect,balki,cousin,iowa,farm,washhouse,dark,light,torch,lamp,mining,ore,salt,pepper,mace,sword,dagger,arena,battle,death,life,board,monopoly,google,tech,facebook,bad,good,karma,india,people,beach,ocean,waves,surf,reef,puncture,tire,car,highway,exit,out,inside,room,computer,mouse,cat,dog,bark,n,,,,,,,,,,,,,,,,,,,,,,,,,,,,,,,,,,,,,,,,,,,,,,,,,,,,,,,,,,,,,,,,,,,,,,,,,,,,,,,,,,,,,,,,
1066,secret,code,rod,road,tree,mice,man,car,wagon,where,place,stove,seattable,child,grown,time,past,wi,,travel,home,was,grave,funeral,car,town,small,rural,hours,work,job,time,place,church,people,watch,car,horse,cow,dog,petwash,clothes,dryer,rent,work,job,time,money,bills,was,hare,rabbit,flea,bite,food,fork,tree,swing,young,laughter,fun,kids,animals,travel,trip,money,longing,run,placegift,christmaschrist,god,mary,whoship,truck,tow,muffler,payment,house,paint,siding,actor,wants,money,gold,needs,live,live,where,sun,moon,stars,sky,time,passes,age,old,gentlmen,women,children,runnong,joggingtime,placewasther,can,there,ants,trees,worms,birds,tractor,horse,cat,cow,tree,elephant,large,accent,,,,,,,,,,,,,,,,,,,,,,,,,,,,,,,,,
1067,plane,ride,car,maintain,polish,rust,treat,buy,list,write,pen,ink,hands,wash,walk,home,go,back,off,on,over,there,now,then,time,fake,illusion,magic,amazing,uplifted,carried,descent,better,more,greater,larger,grander,innocent,pure,untouched,free,city,bustle,fast,move,fly,,,,,,,,,,,,,,,,,,,,,,,,,,,,,,,,,,,,,,,,,,,,,,,,,,,,,,,,,,,,,,,,,,,,,,,,,,,,,,,,,,,,,,,,,,,,,,,,,,,,,,,
1068,secret,number,crush,words,spy,plane,four,four,four,spivey,airplane,skirt,armpit,awkward,nanny,secre,life,nanny,new,york,apartment,weird,game,attendent,other,passengers,awkward,weird,fake,spy,movies,chill,wave,band,calm,music,bored,walmart,had,life,migraine,hard,,,,,,,,,,,,,,,,,,,,,,,,,,,,,,,,,,,,,,,,,,,,,,,,,,,,,,,,,,,,,,,,,,,,,,,,,,,,,,,,,,,,,,,,,,,,,,,,,,,,,,,,,,,
1069,secret,lies,unfaithful,wife,mother,children,young,woman,man,old,house,bed,sheets,pillow,case,beer,wine,alcohol,drunk,drinking,soda,pop,break,spring,beach,waves,ocean,summer,sun,hot,sweating,nervous,crowd,store,mall,parking,car,tires,wheels,scooter,ride,park,dogs,barking,noise,crowded,beach,hot,cold,winter,snow,snowman,coal,bad,santa,presents,toys,children,parents,mother,father,worker,working,job,money,purchases,bills,dollar,store,workers,construction,new,updated,computer,windows,program,chrome,internet,searches,research,school,papers,reports,accounting,assets,equity,liability,marriage,pregnant,infant,baby,bottle,formula,nutrition,growth,strong,bags,trash,smelly,odors,flowers,garden,plants,peppers,jalapenos,sal,,,,,,,,,,,,,,,,,,,,,,,,,,,,,,,,,,,,,,,,,,,
1070,plane,ride,car,passenger,navigate,gps,google,censor,internet,freedom,braveheart,gibson,cactus,downy,ironman,race,run,bike,swim,ocean,beach,hotels,restaurants,atmosphere,evening,dinner,dining,stroll,warm,breezes,sand,water,romantic,st.tropez,expensive,yachts,icecream,swedes,tall,blonde,beautiful,scenery,coastal,drive,visit,nice,paris,metro,crowded,hot,stifling,museums,bridges,bastille,columbia,elysee,burger,fries,eat,lunch,sandwich,mayo,meat,cheese,goat,bitter,ale,beer,brewery,tour,guide,walking,,,,,,,,,,,,,,,,,,,,,,,,,,,,,,,,,,,,,,,,,,,,,,,,,,,,,,,,,,,,,,,,,,,,,,,,,,,,,
1071,secret,agent,travel,vacation,trip,fall,autumn,summer,breeze,wind,current,electric,avenue,park,drive,car,vehicle,homicide,street,fair,state,county,shire,hobbit,ring,bell,liberty,life,cereal,oats,grain,wheat,grass,green,stamp,act,sat,test,grade,form,style,hair,follicle,bald,eagle,bird,falcon,space,black,void,cancel,eliminate,lose,sorrow,tears,salty,angry,birds,horror,fear,fright,night,dark,shadow,umbra,billowing,skirt,kilt,bagpipe,scree,,,,,,,,,,,,,,,,,,,,,,,,,,,,,,,,,,,,,,,,,,,,,,,,,,,,,,,,,,,,,,,,,,,,,,,,,,,,,,,
1072,plane,landing,loss,wistful,breeze,leaf,blowing,falling,perish,die,memory,hope,hopeless,chance,encounter,strangers,bus,travel,go,there,lose,escape,life,drudgery,muse,music,maestro,compose,make,create,sun,moon,stars,sky,black,pitch,hit,bunt,run,tag,it,mine,yours,welt,bruise,purple,people,evil,sinful,ecstasy,waif,meaning,hey,you,miss,her,his,job,calling,elsewhere,over,done,kaput,finished,descent,drop,hit,splat,wonder,whimper,winner,loser,fate,sate,satiated,lust,pleasure,joy,pain,wound,bleed,red,wine,whine,hear,ear,lobe,throat,swallow,pelt,smelt,odor,scent,you,me,we,,,,,,,,,,,,,,,,,,,,,,,,,,,,,,,,,,,,,,,,,,,,,,,,,,,,,
1073,plane,fly,bug,scary,monsters,nightmare,sleep,renew,fresh,clean,mop,work,money,purchase,products,stuff,items,things,keepsake,precious,happy,joyful,smile,teeth,chew,food,nurish,,,,,,,,,,,,,,,,,,,,,,,,,,,,,,,,,,,,,,,,,,,,,,,,,,,,,,,,,,,,,,,,,,,,,,,,,,,,,,,,,,,,,,,,,,,,,,,,,,,,,,,,,,,,,,,,,,,,,,,,,,
1074,plane,air,craft,space,mower,power,king,prince,princess,europe,asia,pacific,ocean,north,east,west,south,northamerica,southamerica,america,france,egypt,nigeria,morocco,ghana,spain,italy,gelato,germany,proud,india,iraq,iran,syria,pakistan,portugal,,hungary,,honduras,lille,renes,paris,club,arsenal,chelsea,business,stadium,night,mode,social,media,face,book,facebook,commit,marriage,lock,awe,awk,eagle,strong,fist,fight,middle,finger,get,suprise,phone,layer,,,,,,,,,,,,,,,,,,,,,,,,,,,,,,,,,,,,,,,,,,,,,,,,,,,,,,,,,,,,,,,,,,,,,,,,,,,,,,,
1075,plane,lane,four,door,floor,red,blue,white,plane,number,phone,call,actor,start,sit,tall,arm,smell,door,bath,water,magazine,husband,car,vacuum,paper,pen,carpet,bed,window,criket,buzz,morning,night,shade,city,attendant,woman,man,celebrity,tabloid,kids,message,priest,church,ceremony,,,,,,,,,,,,,,,,,,,,,,,,,,,,,,,,,,,,,,,,,,,,,,,,,,,,,,,,,,,,,,,,,,,,,,,,,,,,,,,,,,,,,,,,,,,,,,,,,,,,,,,
1076,plane,fly,seat,man,bite,bug,number,four,flower,tall,petals,plants,insect,bee,wing,work,suitcase,married,shorts,suit,tie,shoes,skirt,bathroom,bedroom,bed,blanket,sleep,pillow,soft,fur,bunny,carrot,garden,vegetables,corn,beans,cook,pot,fry,bake,oven,jar,open,closed,door,ring,finger,nail,hammer,nut,peanut,pecan,walnut,can,tomato,sauce,pizza,cheese,cow,milk,butter,greasy,slip,slide,water,ocean,boat,ski,snow,storm,plow,stuck,chain,locket,lock,key,heart,diamond,ruby,red,apple,seed,plant,tree,box,wooden,soap,smell,armpit,wash,spray,,,,,,,,,,,,,,,,,,,,,,,,,,,,,,,,,,,,,,,,,,,,,,,,,,,,,,,,,
1077,secret,affair,chuck,love,happy,excited,ending,sad,heartbreak,possibility,moment,age,fleeting,love,feelings,happy,chuck,exciting,bittersweet,value,valued,inlove,husband,complicated,attitude,changing,love,children,family,helped,career,regrets,benefits,money,education,moments,changing,loving,helping,wonder,science,learning,truth,discovery,happiness,wonder,hiking,bob,ohbob,exciting,secret,love,bob,life,desirous,judgemental,unhappy,scared,judgemental,lying,secret,imperfect,pot,helped,love,unspoken,you,you,you,you,you,you,great,wonderful,evolving,happy,good,podcast,goals,stretch,good,happy,progress,makeup,nordys,appointment,better,happy,loving,chuck,husband,guilty,scared,you,you,you,airplane,four,four,four,affair,person,ron,spivey,happy,exciting,loving,husband,fighting,teacher,race!,sophia,,,,,,,,,,,,,,,,,,,,,,,,,,,,,,,,,,,,,
1079,plane,travel,journey,trip,fun,friends,meet,greet,hello,smile,love,laughter,happiness,party,birthday,age,old,grown,adult,job,working,class,school,teacher,learn,skills,smart,college,schooling,grade,eggs,grocery,store,buy,butcher,meat,animals,farm,raise,family,four,number,note,paper,write,pen,pencil,hand,ink,writing,page,book,reader,intelligent,student,children,play,school,friends,talk,words,book,interesting,story,lines,lyrics,actor,song,writer,alone,time,clock,numbers,twelve,monkeys,zoo,trees,flowers,plants,living,beings,aliens,planet,space,ship,water,canoe,fish,sport,football,game,winning,triumph,loss,tired,energy,drink,soda,coffee,morning,afternoon,diner,food,hotdo,,,,,,,,,,,,,,,,,,,,,,,,,,,,,,,,,,,,,,,,,,,,,
1080,secret,agent,spy,plane,romance,love,wasted,forgotten,secret,phone,sky,stewardess,attendant,lonely,marriage,kids,missing,ancient,movies,television,pink,bathroom,faucet,drink,husband,wife,longing,procratination,ending,leaving,better,hollow,unfullfilled,desperation,shy,wasteful,years,old,new,relationship,shoulder,bite,tall,short,skirt,water,seat,window,bracelet,drawer,heavy,,,,,,,,,,,,,,,,,,,,,,,,,,,,,,,,,,,,,,,,,,,,,,,,,,,,,,,,,,,,,,,,,,,,,,,,,,,,,,,,,,,,,,,,,,,,,,,,,,
1081,secret,code,password,crack,break,hacker,russia,putin,orthodox,church,mormon,lds,pray,sacrament,flesh,blood,jesus,savior,redeemer,genesis,flood,animals,exodus,egypt,numbers,leviticus,pharaoh,desert,sea,chariot,manna,commandment,covenant,sling,giant,hair,judge,merkaba,vehicle,wheel,car,enginer,spark,transmission,fuel,battery,oil,sludge,drain,power,control,steer,wield,blade,edge,cut,slice,slash,flea,ozzie,baseball,hit,bat,foul,field,juice,roids,dinger,wonder,sneed,,,,,,,,,,,,,,,,,,,,,,,,,,,,,,,,,,,,,,,,,,,,,,,,,,,,,,,,,,,,,,,,,,,,,,,,,,,,,,,
1082,secret,word,four,plane,meeting,spy,star,number,work,no,bathroom,wash,smelly,skirt,wet,bite,flirt,tall,wingspan,stretch,space,husband,fight,teacher,parking,lot,race,car,jewelry,box,forgotten,lost,crumpled,magazine,clipped,phone,disconnected,late,nanny,child,old,tryst,starstruck,past,memory,story,,,,,,,,,,,,,,,,,,,,,,,,,,,,,,,,,,,,,,,,,,,,,,,,,,,,,,,,,,,,,,,,,,,,,,,,,,,,,,,,,,,,,,,,,,,,,,,,,,,,,,,
1083,plane,ride,fear,hurt,loss,pain,life,empty,full,glass,break,help,assistance,ask,find,hold,forgot,found,hold,release,move,boxes,purge,light,easier,find,life,love,last,ends,all,slow,fast,fear,ignore,rude,unreal,relief,fiction,fantasy,mystery,fate,final,hands,your,lunch,linger,love,care,display,affection,signal,consequence,showdown,shudder,thoughts,,,,,,,,,,,,,,,,,,,,,,,,,,,,,,,,,,,,,,,,,,,,,,,,,,,,,,,,,,,,,,,,,,,,,,,,,,,,,,,,,,,,,,,,,,,,,
1084,secret,letter,note,words,scrabble,game,play,spy,look,key,door,open,wide,long,big,animal,dog,shepard,german,man,woman,lady,girl,little,small,bug,insect,bee,honey,nest,bird,robin,red,flames,fire,hot,stove,cook,food,burrito,tortilla,salsa,spicy,food,hungry,eat,enjoy,laugh,humor,fun,party,people,crowd,large,big,house,home,peace,relaxation,calm,ocean,beach,ball,round,moon,bright,light,bulb,plant,green,tree,branch,leaves,forest,woods,trail,road,cars,automobile,truck,,,,,,,,,,,,,,,,,,,,,,,,,,,,,,,,,,,,,,,,,,,,,,,,,,,,,,,,,,,,,,,,,,,,,
1085,secret,love,enticing,lust,misery,shame,gross,disgusted,affair,missed,unloyal,irrestistable,longing,doubt,scared,must,eager,loathing,fear,escape,run,melting,liquid,lost,death,life,children,singing,talking,mouth,move,walking,crawling,happy,friends,foes,bullies,school,teaching,learning,longing,crush,fear,hope,questioning,worth,relationship,movies,walking,meeting,learning,growing,distance,sadness,interest,mourning,missing,misery,light,darknbess,time,slowly,faster,brightness,shift,different,you,me,trusting,mystery,elegent,days,nights,passing,lovely,freedom,solace,utopia,marriage,divorce,jail,fog,scared,real,,,,,,,,,,,,,,,,,,,,,,,,,,,,,,,,,,,,,,,,,,,,,,,,,,,,,,,,,,,,,,,,,
1086,secret,plan,menu,sauce,tartar,fish,eel,shrimp,ocean,urchin,coral,spiky,sea,salt,shaker,table,seat,dinner,candle,heat,light,scent,wax,fire,camp,tent,bag,bike,wheels,travel,suitcase,clothing,shorts,suit,dress,money,billfold,leather,cow,meat,hamburger,ketchup,mustard,chips,plate,coke,beer,popcorn,butter,pepper,seasoning,crunchy,delicious,celery,pimiento,cheese,store,clerk,groceries,seafood,aisle,cans,produce,vegetables,apples,asparagus,buggy,cart,metal,cold,winter,silver,snow,ice,chill,fristbite,frostbite,gloves,mittens,trees,leaves,wood,fire,creek,crawfish,frogs,spiders,algae,fungu,,,,,,,,,,,,,,,,,,,,,,,,,,,,,,,,,,,,,,,,,,,,,,,,,,,,,,,,,,,,
1087,plane,seat,people,conversation,travel,man,woman,relationship,love,happiness,laughter,fun,entertain,good,great,smile,hands,writing,number,handsome,luggage,suitcase,waiting,patience,tap,shoulder,surprise,working,acting,open,event,like,wants,longing,emptiness,loss,cancer,father,paper,curtain,phone,call,answer,talk,speak,mouth,speech,car,vacuum,clean,busy,thinking,memory,vision,senses,sight,feeling,touch,light,soft,gentle,help,stand,empty,room,wait,chores,broom,mop,bucket,handle,water,cleanser,new,wipe,start,stop,go,pause,silence,close,door,ending,credits,names,famous,celebrity,actor,play,movie,act,spy,children,young,old,elderly,,,,,,,,,,,,,,,,,,,,,,,,,,,,,,,,,,,,,,,,,,,,,,,,,,,,,
1089,plane,aircraft,pilot,hostess,miracle,trouble,shaking,air,float,clouds,rain,water,fly,runway,lights,parts,places,sky,high,thigh,lie,cry,die,cast,away,timid,jungle,predator,alien,fights,scary,plot,light,invisible,sound,try,yet,felt,dealt,meant,let,create,kit,kid,lit,sit,meet,fly,love,first,eyes,shoulder,freezbe,math,solve,problem,properties,pay,rent,month,phone,dry,sly,flies,fan,chill,cool,,,,,,,,,,,,,,,,,,,,,,,,,,,,,,,,,,,,,,,,,,,,,,,,,,,,,,,,,,,,,,,,,,,,,,,,,,,,,,,,,,
1090,plane,fly,air,turbines,car,f1,bottas,speed,vortex,rain,race,nascar,turns,road,coarse,air,coarse,fly,birds,cranes,pelicans,motor,wings,speed,miles,beer,drink,rain,wet,storms,thunder,light,lightning,pressure,air,pressure,space,airy,nice,cool,breeze,bree,,,,,,,,,,,,,,,,,,,,,,,,,,,,,,,,,,,,,,,,,,,,,,,,,,,,,,,,,,,,,,,,,,,,,,,,,,,,,,,,,,,,,,,,,,,,,,,,,,,,,,,,,,,
1093,plane,spy,love,book,romance,secret,afdfair,phone,call,digit,ask,four,number,calculator,pencil,matchbook,diner,nails,clicking,keyboard,book,focus,tall,gangly,sorry,cat,bored,life,old,wasted,tired,dragging,regret,handsome,dream,married,kids,nanny,phone,number,seat,pillow,wake,eyes,smile,glass,help,tired,fingers,salon,painted,bottle,boy,hair,short,child,sleep,nap,alone,gin,orange,sun,cocktails,money,cash,rich,star,cash,happy,secret,star,movie,tv,screen,nanny,stop,velvet,hand,button,glasses,spray,bleach,laundry,secret,tide,comet,scrub,basin,clean,fridge,super,sunny,envelope,funny,money,wallet,,,,,,,,,,,,,,,,,,,,,,,,,,,,,,,,,,,,,,,,,,,,,,,,,,,,,
1094,plane,ride,horse,buggy,bunny,dust,mop,hair,unruly,child,play,actor,prop,stand,bed,blanket,snow,man,down,comforter,friend,enemy,stranger,alien,sound,body,bag,basket,picnic,park,trailer,movie,star,ship,sink,water,hose,snake,hiss,steam,engine,game,player,one,more,time,clock,afternoon,sunshine,sunflower,weed,pulling,bent,crooked,cop,badge,honor,captain,crew,neck,tie,winner,trophy,case,suit,haircut,trim,dark,color,red,ring,phone,list,talent,agent,secret,whisper,hour,sunset,beach,ocean,smell,clean,dry,ice,skater,boy,girl,friend,enemy,stranger,thief,take,single,once,time,days,pas,,,,,,,,,,,,,,,,,,,,,,,,,,,,,,,,,,,,,,,,,,,,,,,,,,,
1097,plane,travel,air,airport,jet,private,rich,famous,shop,buy,mall,stores,gifts,paper,wrap,christmas,holidays,new,year,month,seasons,summer,winter,snow,storm,flood,climate,states,sport,basketball,football,activities,active,gym,membership,code,quiet,technology,laptop,computer,generation,phone,manner,alcohol,liver,cosmos,small,bathroom,bath,bubbles,flowers,roses,wine,bottle,cork,celebrate,relax,home,dancing,music,conversation,dinner,steak,healthy,salad,fruit,chocolate,hazelnut,candy,date,,,,,,,,,,,,,,,,,,,,,,,,,,,,,,,,,,,,,,,,,,,,,,,,,,,,,,,,,,,,,,,,,,,,,,,,,,,,,,,
