ID,cue,word 1,word 2,word 3,word 4,word 5,word 6,word 7,word 8,word 9,word 10,word 11,word 12,word 13,word 14,word 15,word 16,word 17,word 18,word 19,word 20,word 21,word 22,word 23,word 24,word 25,word 26,word 27,word 28,word 29,word 30,word 31,word 32,word 33,word 34,word 35,word 36,word 37,word 38,word 39,word 40,word 41,word 42,word 43,word 44,word 45,word 46,word 47,word 48,word 49,word 50,word 51,word 52,word 53,word 54,word 55,word 56,word 57,word 58,word 59,word 60,word 61,word 62,word 63,word 64,word 65,word 66,word 67,word 68,word 69,word 70,word 71,word 72,word 73,word 74,word 75,word 76,word 77,word 78,word 79,word 80,word 81,word 82,word 83,word 84,word 85,word 86,word 87,word 88,word 89,word 90,word 91,word 92,word 93,word 94,word 95,word 96,word 97,word 98,word 99,word 100,word 101,word 102,word 103,word 104,word 105,word 106,word 107,word 108,word 109,word 110,word 111,word 112,word 113,word 114,word 115,word 116,word 117,word 118,word 119,word 120,word 121,word 122
3004,body,mind,brain,memory,childhood,school,friends,party,birthday,cake,sweet,sugar,cream,cheese,pizza,breakfast,diet,exercise,fitness,yoga,freshness,nature,trees,forest,wildlife,animals,lion,king,queen,palace,history,kingdom,palace,luxury,diamond,necklace,jewelry,valuable,trust,relationship,love,affection,trueness,baby,smile,happy,enjoyment,vacation,beach,ocean,s, , , , , , , , , , , , , , , , , , , , , , , , , , , , , , , , , , , , , , , , , , , , , , , , , , , , , , , , , , , , , , , , , , , , , , , ,
3006,water,wet,cold,warm,soft,comforting,nice,good,happy,emotion,nature,earth,pleased,tree,interesting,bored,tired,annoyed,minutes,task,thinking,brain,throughts,human,person,empty,frustrated,uncertain,sad,angry,chair,house,things,own,money,green,cash,spending,rewards,effort,greed,want,shoe,foot,sock,clothing,dress,shirt,more,bright,pants,top,necklace,earrings,silver,gold,interesting,wanting,eat,hungry,thinking,stocks,eager,market,amazon,spending,products,social,media,writing,paper,pencil,drawing,image,creative,art,artist,words,task,minutes,clock,waiting,time,ticking,tock,more,paid,check,patience,numbers,adding,calc, , , , , , , , , , , , , , , , , , , , , , , , , , , , , , ,
3007,water,wet,dry,blue,thirsty,sand,desert,apples,red,taylor,clothes,silk,spider,web,superhero,cape,fabric,stain,dirt,brown,hair,smooth,silk,spider,egg,rabbit,carrot,orange,juice,grape,purple,rain,wet,raincoat,yellow,sun,hot,burn,aloe,smelly,gas,car,honda,white,cloud,sky,blue,moon,cheese,yellow,monkey,fur,bugs,ladybug,spots,dog,firehouse,helmet,plastic,bottle,sprite,lemon,yellow,hat,baseball,crowd,virus,needle,blood,bandage,sticky,jelly,grape,squish,shoes,heels,pain,ice,cold,winter,snow,outside,snowman,carrot,rabbit,fur,keychain,keys,lock,house,couch,pillow,sleep,dark,quiet,bell,school,class,desk,teacher,apple,worm,disect,smell,shampoo,, , , , , , , , , , , , , , , , ,
3009,water,wet,ocean,fish,coral,seaweed,green,grass,sky,blue,music,sound,hearing,smelling,food,eating,steak,fork,spoon,icecream,desert,treat,spoil,fun,laughter,smile,teeth,dentist,toothbrush,toothpaste,floss,dance,charleston,south,north,west,eat,food,delicious,meals,family,together,welcome,mat,store,walking,shoes,socks,feet,pedicure,saloon,beauty,health,wellness,content,happy,joy,winter,christmas,presents,tree,acorn,oak,leaves,raking,lawn,mow,cow,spots,moo,farm,farmer,person,community,local,village,town,city,nightlife,out,burger,grill,beer,cold,winter,snow,ice,tranquility,peace,spa,sauna,hot,heat,summer,outside,enjoy,skateboard,skatepark,tr, , , , , , , , , , , , , , , , , , , , , , , ,
3016,water,bucket,hat,cap,bottle,coke,diet,food,eating,drinking,alcohol,beer,belly,stomach,ache,pain,hurt,harm,assault,jail,prison,cage,bird,hawk,eagle,symbol,association,club,bat,ball,basketball,sport,polo,horse,wild,jungle,humid,tropics,beach,vacation,break,shatter,pieces,parts,gears,clock,time,infinite,forever,eternal,lasting,friendship,companionship,relationship,love,hate,fear,scared,cat,dog,pet,family,home,house,brick,ti, , , , , , , , , , , , , , , , , , , , , , , , , , , , , , , , , , , , , , , , , , , , , , , , , , , , , , , , ,
3017,water,ice,drink,soda,sugar,candy,strawberry,fruit,orange,color,crayon,child,school,book,reading,smart,glasses,eyes,see,hear,speak,talk,friend,lunch,eat,food,steak,meat,animal,dog,pet,tail,wag,happy,smile,kindness,nurse,doctor,hospital,patient,person,human,evolution,science,facts,theory,guess,jeans,pants,blue,sky,clouds,rain,wet,water,puddle,boots,work,job,salary,paycheck,bank,deposit,money,green,grass,lawn,house,home,furniture,decoration,design,taste,expensive,rich,wealthy,elite,politics,president,office,chair,desk,cubicle,boss,duty,hours,weeks,months,time,clock,, , , , , , , , , , , , , , , , , , , , , , , , , , , , , , , ,
3024,body,armor,chain,link,game,score,basket,weave,blanket,warm,summer,hot,coffee,caffiene,sleep,night,walker,zombie,land,forrest,tree,monkey,ape,gorilla,mist,rain,snow,winter,awesome,sauce,tomato,salad,lettuce,dressing,ranch,netflix,expensive,diamonds',clarity,words,language,english,school,math,subject,history,europe,france,crazy,lunatic,, , , , , , , , , , , , , , , , , , , , , , , , , , , , , , , , , , , , , , , , , , , , , , , , , , , , , , , , , , , , , , , , , , , , , , , ,
3026,body,finger,hand,arm,shoulder,bicep,collarbone,neck,back,abs,breasts,stomach,belly,navel,chest,heart,leg,knee,feet,toes,head,heair,tongue,eyes,nose,mouth,teeth,ears,head,limbs,body,,,brain,skull,bones,skin,biceps,muscles,blood,bloodstream,ribs,throat,nails,cheeks,chin,eyelids,earlobes,, , , , , , , , , , , , , , , , , , , , , , , , , , , , , , , , , , , , , , , , , , , , , , , , , , , , , , , , , , , , , , , , , , , , , , , , , ,
3028,water,wet,rain,drop,hat,cat,food,truck,stop,light,house,fence,grass,cut,hair,dye,paint,color,sky,cloud,sun,moon,space,mars,alien,ship,sea,fish,dolphin,pet,dog,cat,fur,ball,baseball,basketball,football,sport,fnas,fans,support,team,work,truck,driver,gas,fuel,milage,meter,connection,internet,wifi,privacy,snoop,sneak,steal,goods,stock,market,place,house,sitter,child,baby,doll,crib,bed,rock,roll,paper,plane,flight,, , , , , , , , , , , , , , , , , , , , , , , , , , , , , , , , , , , , , , , , , , , , , , , , , ,
3029,body,arm,top,pants,army,cloud,earth,man,god,animal,watch,car,road,rod,fingernail,doctor,bed,atool,cow,metal,ring,telephone,single,house,grass,mountain,chicken,carrot,wall,water,terrible,urine,concrete,stale,rum,ticket,music,people,negative,color,hat,marble,second,star,black,mission,many,food,now,heavy,tamberine,talking,baby,nipple,harmony,slack,sway,neptune,, , , , , , , , , , , , , , , , , , , , , , , , , , , , , , , , , , , , , , , , , , , , , , , , , , , , , , , , , , , , , , , ,
3031,body,dress,shrit,pant,belt,pant,shirt,shruge,chudi,shawl,saree,gym,toneup,muscles,workout,exercise,do,walking,bra,panty,watch,timex,rollex,titan,digital,, , , , , , , , , , , , , , , , , , , , , , , , , , , , , , , , , , , , , , , , , , , , , , , , , , , , , , , , , , , , , , , , , , , , , , , , , , , , , , , , , , , , , , , , , , , , , , , , ,
3033,body,part,heart,cardiac,muscle,myofascial,massage,oil,change,seasons,greetings,hello,goodbye,partings,meetings,ways,days,nights,moon,stars,celebrities,fame,awards,recognition,success,money,happiness,joy,peace,love,caring,tenderness,honesty,truth,sass,shade,tea,rude,churlish,chicanery,disrespect,defeatist,nihilist,hopeless,dark,stormy,rain,thunder,lightning,mcqueen,steve,bannon,kelly,friend,partner,cooperation,difficulties,ease,pain,aspirin,headache,sinus,cavity,cave,stalactites,stalagmites,minerals,bats,halloween,candy,cavities,flossing,brushing,hair,dye,bright,colorful,alive,dead,gone,empty,nothing,darkness,light,force,physics,vector,math,chemistry,pain,pleasure,joy,genuine,truthful,, , , , , , , , , , , , , , , , , , , , , , , , , , , ,
3035,body,human,boy,girl,school,teacher,university,degree,tuition,loan,money,job,work,hard,easy,game,home,family,dinner,fun,happy,always,often,sometimes,vacation,beach,swim,water,cold,sun,summer,winter,christmas,presents,tree,together,family,marriage,young,old,sick,medicine,doctor,hospital,er,crowded,wait,alone,sad,depressed,help,friends,party,, , , , , , , , , , , , , , , , , , , , , , , , , , , , , , , , , , , , , , , , , , , , , , , , , , , , , , , , , , , , , , , , , , , , ,
3036,water,wet,damp,pool,rain,splash,ocean,pond,lake,drink,sponge,drops,ice,snow,fog,cloud,sky,sun,bright,shine,flashlight,beach,tree,grass,dew,moist,sweat,hot,heat,sun,summer,waves,sand,shore,music,dance,drink,relax,tan,walk,exercise,spandex,black,dark,light,weather,sunny,health,eating,diet,drink,slim,good,great,happpy,happy,long,t, , , , , , , , , , , , , , , , , , , , , , , , , , , , , , , , , , , , , , , , , , , , , , , , , , , , , , , , , , , , , , , , ,
3040,water,pail,bucket,sand,toes,feet,shoes,sandles,summer,warm,cozy,winter,snow,driving,car,new,fresh,clean,good,nice,kind,friend,love,heart,goodnes,spiritual,deep,ocean,whales,graceful,free,wind,hot,tamale,food,yummy,gummibears,sour,tart,cherries,summer,hikinkg,nature,trees,green,alive,full,enriching,knowledge,ability,secure,moeny,safety,calm,peaceful,kind,open,closed,traffic,smog,haze,photos,nature,verdant,lush,healthy,balanced,calm,quiet,restful,giving,generou, , , , , , , , , , , , , , , , , , , , , , , , , , , , , , , , , , , , , , , , , , , , , , , , , , ,
3041,water,sea,ocean,land,boat,cruise,wind,car,lever,pull,break,push,repair,damage,engineering,architect,house,home,family,love,marriage,fight,cry,wale,wake,wade,presssure,distance,recover,shorten,length,believe,receive,fan,air,globe,warming,virus,epidemic,pandemic,fear,disaster,healing,shooting,riffle,gun,rights,stop,killing,abortion,fighter,jets,sword,male,female,make,child,play,street,schooling,intelligence,infusion,drugs,cure,death,darkness,abyss,disease,repeat,trick,nice,superstitious,gods,religion,fans,fanatics,music,artiste,artist,paint,correct,refute,provide,misguide,approve,honor,displease,confuse,, , , , , , , , , , , , , , , , , , , , , , , , , , , , , , , , , ,
3043,body,type,set,place,outdoors,help,kit,aid,medical,attire,clothes,shirt,coat,cold,woods,snow,arctic,antarctic,polar,bear,animal,cat,hawk,bird,fly,airplane,wings,air,land,sea,space,planet,earth,water,wet,submarine,ship,boat,dock,load,haul,truck,freight,highway,car,drive,steer,window,house,place,location,country,state,city,town,village,hamlet,shakespeare,story,tale,poem,art,painting,illustration,drawing,raffle,prize,reward,money,cash,gold,jewelry,valuables,store,shopping,grocery,food,banana,strawberry,grape,raisin,chocolate,dessert,cream,coffee,toffee,candy,gummy,tire,wheel,car,engine,fuel,fire,marshmallow,soup,lentil,pea,cabbage,sauerkraut,potatoes,spaghetti,sauce,alfredo,cheese,pasta,italy,linguine,tuscany,rome,vatican,church,worship,god,, , , , , , , ,
3046,water,drink,beverage,liquid,wet,water,ocean,deep,low,down,south,lower,travel,moving,active,movement,activity,ocean,life,fish,eat,food,protein,survival,life,earth,planet,universe,planets,sun,earth,atmosphere,rain,water,needed,survival,animals,humans,body,drink,fresh,salt,hydrate,life,needs,food,living,biological,cells,body,movement,activity,brain,body,water,sea,lake,river,stream,nature,rain,snow,sleet,hail,sky,clouds,sun,weather,normal,natural,differences,, , , , , , , , , , , , , , , , , , , , , , , , , , , , , , , , , , , , , , , , , , , , , , , , , , ,
3049,body,parts,pieces,many,lots,land,trees,forest,mountains,skiing,snow,winter,cold,sweater,pants,jeans,cowboy,horse,corral,ranch,western,movie,theatre,music,radio,car,wheels,tires,junkyard,truck,highway,signs,restaurant,menu,plastic,cups,straws,paper,pencil,bag,backpack,school,desk,books,locker,sports,stadium,basketball,court,net,fishing,boat,water,waves,surfing,sun,tan,towel,laundry,dryer,pajamas,bed,pillow,clock,watch,bracelet,necklace,gift,, , , , , , , , , , , , , , , , , , , , , , , , , , , , , , , , , , , , , , , , , , , , , , , , , , , , , ,
3050,body,wash,soap,cloth,fabric,stain,grass,mow,gas,price,dollars,money,bank,teller,work,job,computer,keyboard,type,fingers,hand,wrist,arm,elbow,tennis,ball,dog,hairy,sweep,broom,dirt,mud,rain,clouds,sky,birds,poop,clean,disinfect,chemicals,bottle,spray,wet,dry,towel,laundry,soap,store,cart,apples,fruit,sweet,sour,bland,boring,phone,text,chat,driveway,car,oil,price,low,high,stoner,weed,flower,buds,grow,green,red,blue,yellow,caution,, , , , , , , , , , , , , , , , , , , , , , , , , , , , , , , , , , , , , , , , , , , , , , , ,
3052,body,mind,body,mind,brain,thinking,learning,school,friends,fun,beach,water,fish,food,german,flag,america,beautiful,katy,music,edm,love,heartbreak,pain,love,hurt,bite,fun,concert,celebrity,annoying,barking,dog,cat,bird,loud,bass,car,mustang,ford,great,hockey,lightning,storm,rain,soothing,relax,dark,candle,romantic,lacking,spouse,mean,sad,tears,water,fishing,waves,jetski,fun,outdoor,sun,hot,sweaty,fever,sick,flu,contagious,gross,feet,nasty,stinky,skunk,smell,gardenia,flower,spring,pretty,mom,died,upset,feelings,gross,, , , , , , , , , , , , , , , , , , , , , , , , , , , , , , , , , , , , , , ,
3053,water,ice,water,snow,hill,mountain,trees,birds,feathers,bugs,wings,insect,eyes,looking,glass,mirror,reflection,person,face,hair,skin,hands,fingers,fingernails,trimmer,makeup,fashion,clothes,accessories,bracelet,necklace,earrings,plastic,metal,building,windows,structure,office,workplace,cubicles,desks,chairs,computers,technology,customers,money,business,profits,company,city,traveling,landmarks,highways,roads,sights,, , , , , , , , , , , , , , , , , , , , , , , , , , , , , , , , , , , , , , , , , , , , , , , , , , , , , , , , , , , , , , , , , , ,
3060,body,human,person,life,healthy,workout,exercise,walking,running,neighborhood,friendly,people,pets,dogs,training,behavior,actions,hobbies,sports,football,game,play,fun,enjoyment,laugh,happy,friends,party,together,, , , , , , , , , , , , , , , , , , , , , , , , , , , , , , , , , , , , , , , , , , , , , , , , , , , , , , , , , , , , , , , , , , , , , , , , , , , , , , , , , , , , , , , , , , , , ,
3061,body,work,hard,day,time,ending,soon,after,where,here,there,everywhere,love,family,kids,parents,play,time,rolex,watch,everyone,love,earth,plants,trees,animals,humans,aliens,space,stars,planets,moons,comets,milkway,galaxy,god,jesus,worship,church,sunday,bible,book,shakespeare,romeo,juliet,plays,kids,school,books,computers,teachers,learn,kids,play,outside,daytime,sun,clouds,air,breathing,o, , , , , , , , , , , , , , , , , , , , , , , , , , , , , , , , , , , , , , , , , , , , , , , , , , , , , , , , , , , , , ,
3063,body,soap,shower,water,drink,eat,sleep,bed,pillow,soft,hard,difficult,tired,drained,full,empty,broken,unhinged,sane,calm,rested,content,happy,sufficient,prepared,proficient,smart,good,best,easy,struggle,hardship,stuck,moving,fortunate,lucky,earn,learn,excel,power,loyalty,team,community,friendship,family,trauma,injury,damage,, , , , , , , , , , , , , , , , , , , , , , , , , , , , , , , , , , , , , , , , , , , , , , , , , , , , , , , , , , , , , , , , , , , , , , , , , ,
3066,body,water,ocean,sea,fish,life,connect,seperate,divide,parts,torso,arms,link,connection,together,apart,divided,apart,across,bridge,over,cross,end,finale,period,end,life,cold,closed,take,greed,rich,extort,compulsive,order,march,sargent,army,country,, , , , , , , , , , , , , , , , , , , , , , , , , , , , , , , , , , , , , , , , , , , , , , , , , , , , , , , , , , , , , , , , , , , , , , , , , , , , , , , , , , ,
3067,water,water,roop,loop,type,dog,cat,gote,seepe,apple,banana,papaya,van,store,jeep,one,ten,fish,elephant,rate,rat,honest,come,happy,sad,world,domestic,boot,boat,next,man,meet,mom,boring,calendar,forest,yellow,blue,may,green,red,waite, , , , , , , , , , , , , , , , , , , , , , , , , , , , , , , , , , , , , , , , , , , , , , , , , , , , , , , , , , , , , , , , , , , , , , , , , , , , , , , , ,
3068,body,mind,soul,spirit,being,conscience,right,wrong,choices,decisions,dilemma,problem,solution,fix,repair,patch,eye,sight,vision,glasses,contacts,seeing,reading,interpreting,learning,exploring,creating,, , , , , , , , , , , , , , , , , , , , , , , , , , , , , , , , , , , , , , , , , , , , , , , , , , , , , , , , , , , , , , , , , , , , , , , , , , , , , , , , , , , , , , , , , , , , , , ,
3071,water,cup,coffee,hot,cocoa,cold,ice,cube,square,box,gift,christmas,tree,nature,mountains,high,ladder,roof,house,home,comfy,blanket,warm,sun,bright,light,bulb,glass,cup,drink,water,swim,summer,warm,water,lake,fish,food,eat,lunch,sandwich,turkey,thanksgiving,family,love,care,kind,heart,love,children,kids,little,small,tiny,ant,insect,bu,bug,pest,fly,picnic,chicken,fried,food,eat,pizza,football,sunday,family,fun,party,food,drinks,icetea,cold,winter,snow,storm,blizzard,freeze,ice,cream,summer,outdoors,camping,tent,sleepingbag,, , , , , , , , , , , , , , , , , , , , , , , , , , , , , , , , , , ,
3075,body,part,piece,one,two,birds,nest,google,search,find,seek,reward,treasure,gold,rich,people,greed,wealth,inequality,socialism,capitalism,exploitation,working,suffering,life,open,vast,fast,fleeting,short,time,continuous,daunting,uneventful,series,books,stories,tragedy,romeo,shakespeare,english,tea,cup,starbucks,coronavirus,pandemic,disease,elderly,old,dying,depressing,octagenarion,buffett,rich,generous,poor,mcdonalds,burgers,fries,ketchup,tomatoes,farm,stardew,community,values,together,honest,fair,dirt,harvest,corn,flour,tortilla,burritos,salsa,hispanic,spanish,language,communication,language,information,spread,ideas,thinkers,davinci,airplane,, , , , , , , , , , , , , , , , , , , , , , , , , , , , , , , , , , , ,
3076,water,fall,slip,ice,snow,cold,winter,seasons,weather,fall,rain,thunderstorm,lightning,wind,calm,peaceful,thoughts,emotions,ideas,paper,drawing,writing,creative,thinking,paper,notepade,notes,books,reading,hobby,crafts,hiking,outside,trees,trail,dirt,leaves,garden,plants,vegetables,food,dinner,salad,rabbit,animal,dog,cat,mouse,cheese,pizza,italy,history,stories,tales,folklore,myths,religion,fake,plants,bambi,deer,skunk,rabbit,hunter,season,summer,beach,water,ocean,sand,sailing,breeze,sunset,sunrise,sky,clouds,night,stars,moon,dark,walk,later,late,relax,,,sidewalk,city,buildings,cement,concrete,road,driving,trip,vacatio,, , , , , , , , , , , , , , , , , , , , , , , , , , ,
3077,water,water,pool,river,ocean,sea,fish,crab,mountain,deep,shark,tortoise,whale,dolphin,move,car,rock,lion,zinc,sulphur,house,sodium,laptop,electricity,lamp,mouse,code,cod,rod,eye,mouth,lips,mouth,ear,hands,leg,mooth,mice,raizo,ten,three,shape,colour,red,blue,kill,kin,relative,diamond,yen,dollar,in,iron,dark,light,angel,demon,heaven,space,rules,law,spirits,demons,dimensions,astral,zion,isreal,britain,america,europe,africa,asia,china,iraq,iran,malta,screen,zoom,skip,room,lips,cup,headset,cable,bible,scriptures,jesus,lord,god,lord,matthew,john,james,bathelom, , , , , , , , , , , , , , , , , , , , , , , , , , , , ,
3078,water,wet,blue,rippling,pond,lake,faucet,sea,ocean,marine,bath,shower,rain,sprinkler,sprinkling,drink,bottled,spring,stream,tears,pool,swim,ice,liquid,waves,surf,puddle,dasani,aquafina,h2o,hose,lake,, , , , , , , , , , , , , , , , , , , , , , , , , , , , , , , , , , , , , , , , , , , , , , , , , , , , , , , , , , , , , , , , , , , , , , , , , , , , , , , , , , , , , , , , , ,
3082,water,fluid,moist,wet,rain,downpour,humid,liquid,flow,aqua,spring,river,ocean,lake,dam,stream,gas,air,weather,atmosphere,cloud,hydrogen,atoms,molecules,ions,carbon,oxygen,combustion,hydrocarbon,carbon,oxide,oxidation,metallic,metals,chain,reaction,chemistry,flor, , , , , , , , , , , , , , , , , , , , , , , , , , , , , , , , , , , , , , , , , , , , , , , , , , , , , , , , , , , , , , , , , , , , , , , , , , , , , , , , , , , , ,
3084,body,eye,view,mountain,large,car,fast,train,passanger,travel,america,whitepeople,english,international,flight,airbus,worldbest,wrestler,mohammedali,pakistan,terrorism,crime,police,comtroller,remote,tv]\\,shows,acting,peo, , , , , , , , , , , , , , , , , , , , , , , , , , , , , , , , , , , , , , , , , , , , , , , , , , , , , , , , , , , , , , , , , , , , , , , , , , , , , , , , , , , , , , , , , , , , , ,
3086,body,health,food,money,store,car,park,garage,tools,mechanic,job,manager,supervisor,employee,worker,construction,building,hammer,nail,finger,hand,print,paper,printer,ink,cartridge,scanner,scan,document,tax,income,wage,salary,monthly,weekly,yearly,holiday,christmas,presents,fun,play,park,swing,tire,vehicle,automobile,transportation,bus,train,railroad,stop,go,ahead,backward,away,gone,forever,eternity,long,distance,yards,football,field,referee,player,ball,basketball,court,rim,dunk,shoot,three,numbers,counting,digits,cash,bank,fund,trust,trusting,truthful,honest,, , , , , , , , , , , , , , , , , , , , , , , , , , , , , , , , , , , , , , , ,
3088,body,mind,brain,organ,kidney,beans,chili,spicy,pepper,salt,molecule,cell,jail,prison,crime,felony,illegal,theft,steal,base,sports,basketball,court,tennis,pong,atari,video,audio,television,radio,commercial,product,capitalism,unsustainable,extinct,climate,animal,seal,iceberg,boat,motor,car,wheel,tire,rubber,eraser,pencil,ruler,kingdom,monarchy,president,fascism,italy,boot,shoe,lace,underwear,boxers,martial,law,rules,authority,defy,submit,increase,money,coin,gold,silver,copper,bronze,brass,bass,treble,music,metal,aluminum,tin,foil,ruin,ruins,history,war,battle,struggle,famine,recession,stocks,market,trade,barter,haggle,negotiate,talk,conversate,speak,speaker,, , , , , , , , , , , , , , , , , , , , , , , , ,
3090,body,lotion,skin,cream,ofwheat,cereal,cornflakes,morning,blues,guitar,strings,violins,orchestra,conductor,music,instruments,horns,brass,trumpet,trombone,tuba,saxophone,clarint,drums,piano,keyboard,bass,rhythm,beat,tempo,slow,fast,car,drive,street,race,win,lose,gain,loss,fishing,string,violin,guitar,mandolin,cello,viola,mozart,bach,harpsichord,chamber,music,emperor,austrian,benevolent,nice,educated,ballet,dance,, , , , , , , , , , , , , , , , , , , , , , , , , , , , , , , , , , , , , , , , , , , , , , , , , , , , , , , , , , , , , , ,
3091,body,head,neck,shirt,chain,gold,diamond,hard,rock,mountain,volcano,lava,fire,hot,flow,water,river,stream,fish,jump,basketball,socks,feet,toes,bunyon,file,pedicure,haircut,hairdresser,scissors,knife,kitchen,apple,eat,plate,dinner,spaghetti,sauce,reflux,pill,heart,shirt,vest,cold,winter,snow,snowman,plow,truck,money,cup,drink,coffee,donuts,heater,engine,mechanic,fix,wrench,saw,hammer,anvil,blacksmith,fix,forge,steel,furnace,coals,earth,center,space,stars,insight,rocket,tesla,electric,ai,computer,code,future,decie,global,forest,trees,chop,axe,logs,lumberyard,house,stud,nail,complete,roof,fall,injury,hospital,doctor,nurse,iv,mask,gloves,wheelchair,inhale,asthma,medicine,inhaler,puff,smoke,cigarette,camel,hump,desert,africa,continent,co, , , , , , , ,
3092,body,hand,leg,nose,head,finger,neil,eye,mouth,teeth,chin,neck,ear,chest,stomach,bone,blood,brain,lever,kidney,nerve,moul,care,ring,k, , , , , , , , , , , , , , , , , , , , , , , , , , , , , , , , , , , , , , , , , , , , , , , , , , , , , , , , , , , , , , , , , , , , , , , , , , , , , , , , , , , , , , , , , , , , , , , , , ,
3093,body,type,keyboard,computer,games,video,tv,movies,theatre,popcorn,snacks,chips,potatoes,vegetables,corn,asparagus,beans,chili,beef,cow,milk,dairy,yogurt,fruit,strawberries,blueberries,raspberries,candy,lifesavers,wonka,chocolate,milk,cow,farm,goat,chicken,breast,thigh,leg,foot,toe,toenail,fingernail,nail,carpenter,house,family,mother,son,sun,space,stars,planets,earth,ocean,water,drink,soda,grape,fizzy,fizz,league,sports,soccer,britain,doctor,companion,rose,flower,daisy,peach,mario,, , , , , , , , , , , , , , , , , , , , , , , , , , , , , , , , , , , , , , , , , , , , , , , , , ,
3094,water,wet,slurp,crack,elbow,feet,walk,mile,shoes,heels,boots,beets,nasty,red,shoes,worn,tired,long,day,night,sweats,fan,rattle,old,man,biden,election,disaster,hurricane,drink,nola,hot,party,friend,missing,away,far,trip,train,excited,play,outside,lawn,park,dogs,corgi,fluffy,furry,cat,beast,cartoon,comics,tv,funny,outtakes,bloopers,extra,content,happy,pleased,hungry,eggs,omelet,cheese,burned,copy,dvd,download,pirate,torrent,rainfall,flood,streets,empty,virus,home,bored,dirty,mop,bathroom,cringe,procrastinate,avoid,chores,husband,dishes,homebody,games,superhero,marvel,hulk,smash,, , , , , , , , , , , , , , , , , , , , , , , , , , , , , ,
3095,water,wet,cold,drink,swim,ocean,pond,lake,river,ship,boat,sail,swim,pool,beach,bottle,shark,fish,whale,drown,,drink,beverage,ice,,, , , , , , , , , , , , , , , , , , , , , , , , , , , , , , , , , , , , , , , , , , , , , , , , , , , , , , , , , , , , , , , , , , , , , , , , , , , , , , , , , , , , , , , , , , , , , , , , ,
3098,water,wet,rain,coat,winter,snow,flake,corn,field,baseball,fans,sports,score,win,championship,parade,christmas,presents,wrapping,paper,writing,book,read,library,quiet,mouse,cheese,cake,birthday,candle,night,moon,howl,wolf,pack,hunt,prey,predator,dominant,boss,company,employee,payroll,check,bank,money,buying,groceries,store,shopping,cart,checkout,pay,credit,loan,house,living,payment,, , , , , , , , , , , , , , , , , , , , , , , , , , , , , , , , , , , , , , , , , , , , , , , , , , , , , , , , , , , , , , , ,
3101,body,part,time,frame,portrait,landscape,garden,flowers,trees,tall,short,long,term,limits,sky,blue,purple,red,yellow,sun,day,night,time,clock,face,hands,wash,soap,bottle,baby,cry,loud,quiet,time,clock,numbers,roman,numerals,math,addition,subtraction,numbers,letters,mail,envelope,stamp,cents,dollars,money,wealthy,greed,jealous,envy,green,blue,purple,pink,tutu,ballet,dance,music,singing,lyrics,singer,microphone,drop,kick,ball,soccer,football,basketball,baseball,hockey,player,team,coach,game,win,lose,sad,happy,mad,angry,irate,red,blue,yellow,flower,bee,bumble,honey,pot,pooh,tigger,eeyore,rabbit,easter,bunny,eggs,spring,summer,winter,fall,autum,leaves,pumpkins,apples,trees,grass,green,yellow,pink,girl,boy,brother,father,mother,sister,aunt,uncle,grandparent,family,valu
3103,body,hair,comb,brush,dog,cat,mouse,cheese,wine,glass,plate,fork,spoon,knife,butter,toast,jelly,peanut,elephant,circus,clown,tent,camp,bear,woods,deer,hunter,ducks,pond,fish,worm,grass,bunny,easter,egg,bacon,grits,sausage,steak,shrimp,potato,garden,rake,lawn,tractor,barn,hay,chicken,cow,pig,donkey,book,library,glasses,magazine,shelf,house,couch,television,popcorn,movie,dinner,date,, , , , , , , , , , , , , , , , , , , , , , , , , , , , , , , , , , , , , , , , , , , , , , , , , , , , , , , , , , ,
3104,water,rain,wet,umbrella,storm,lightning,fire,hot,sun,burn,food,cook,stove,range,oven,bake,cookies,sweet,chocolate,bar,drink,alcohol,beer,cold,ice,slip,fall,leaves,tree,outdoor,park,car,drive,fast,run,marathon,boston,city,people,neighbors,friends,close,near,by,next,upcoming,soon,time,flies,birds,animals,lion,forest,green,color,blue,water,drink,soda,bubbles,childhood,playing,fun,awesome,extraordinary,great,big,tall,skyscraper,building,house,home,family,children,future,ahead,forward,movement,dance,, , , , , , , , , , , , , , , , , , , , , , , , , , , , , , , , , , , , , , , , , , ,
3105,body,arm,wrist,hand,finger,ring,chain,steel,tower,paris,world,globe,space,large,infinate,universe,kids,jeremiah,fun,playfull,happy,sad,crying,laughing,funny,weird,myself,laughing,halarious,funny,friends,drinks,beer,video,games,monopoly,hasbro,long,sticks,tree,leaves,fall,color,red,fire,flames,hell,hot,bad,devil,satan,horns,goats,simulator,sims,death,pool,funny,fun,happy,work,annoying,fast,usainbolt,black,africa,aids,sickness,corona,nasty,lime,lemon,apple,fruit,pie,cake,chocolate,vanilla,pancakes,surup,maple,expensive,house,car,minivan,family,dog,lab,scientist,white,coat,cold,winter,snow,shoveling,sidewalk,grey,holes,long,fall, , , , , , , , , , , , , , , , , , , , , , ,
3106,water,lake,ocean,pond,river,fish,food,steak,cow,grass,tree,sun,planet,earth,mountain,valley,prairie,hay,horse,zebra,giraffe,lion,tiger,monkey,elephant,donkey,carry,stuff,people,human,virus,sick,dead,old,young,friend,person,stranger,family,friend,brother,sister,mother,father,grandfather,grandmother,cousin,married,marriage,years,time,seconds,hours,days,weeks,months,years,decades,centuries,millenia,old,new,bronze,gold,silver,copper,zinc,hydrogen,helium,carbon,gas,solid,liquid,atom,electron,nucleus,cell,mitochondria,laser,energy,fan,air,nitrogen,enemy,friend,acquaintance,work,b, , , , , , , , , , , , , , , , , , , , , , , , , , , , , , , , , , ,
3107,water,drink,food,pizza,beer,barley,grain,oats,cheerios,cereal,milk,cow,animal,meat,potatoes,mashed,butter,creamy,white,black,grey,colo, , , , , , , , , , , , , , , , , , , , , , , , , , , , , , , , , , , , , , , , , , , , , , , , , , , , , , , , , , , , , , , , , , , , , , , , , , , , , , , , , , , , , , , , , , , , , , , , , , , , ,
3108,body,head,neck,torso,arms,elbow,hands,hips,legs,knees,shin,feet,walk,jog,run,sprint,quickly,fast,speed,distance,time,age,date,birthday,party,happy,cake,food,drink,water,thirst,dry,salt,shrink,small,tiny,grow,bigger,giant,statue,liberty,, , , , , , , , , , , , , , , , , , , , , , , , , , , , , , , , , , , , , , , , , , , , , , , , , , , , , , , , , , , , , , , , , , , , , , , , , , , , , , , , ,
3109,water,fall,down,ward,game,day,light,house,plant,garden,bed,blanket,sleep,pillow,comfort,rest,relax,sleep,rest,stop,sign,bright,sun,moon,stars,space,ship,boat,water,ocean,fish,school,child,mother,spouse,work,bills,debt,credit,bank,loan,house,shopping,grocery,food,eat,snack,cheese,meat,bread,butter,sandwich,peanutbutter,jelly,,jar,container,glass,bottle,cup,drink,juice,milk,water,fresh,clean,sheets,laundry,washer,dryer,, , , , , , , , , , , , , , , , , , , , , , , , , , , , , , , , , , , , , , , , , , , , , , , , , , , ,
3110,body,trim,lean,cut,knife,cooking,food,tasty,chicken,feathers,bird,flying,airplane,trip,japan,culture,anime,cartoons,children,daughter,son,cherish,love,wife,lover,intimacy,sex,pleasure,fun,baseball,sport,athletic,cardinals,st.louis,city,populated,people,crowds,shopping,groceries,food,, , , , , , , , , , , , , , , , , , , , , , , , , , , , , , , , , , , , , , , , , , , , , , , , , , , , , , , , , , , , , , , , , , , , , , , , , , , , , , , , ,
3111,water,fall,down,town,hall,way,weigh,sleigh,snow,man,woman,girl,boy,friend,pal,pay,day,time,hour,second,third,home,run,fast,ball,base,bass,treble,sound,music,tunes,toons,loony,bugs,bunny,rabbit,furry,fluffy,stuffy,hot,arid,dry,desert,mojave,indian,thorpe,runner,olympics,japan,summer,corona!,virus,flu,ill,license,beastie,boys,youngster,hip,, , , , , , , , , , , , , , , , , , , , , , , , , , , , , , , , , , , , , , , , , , , , , , , , , , , , , , , , , , , , , , ,
3113,body,skin,mole,shrew,mouse,computer,printer,ink,black,white,race,gender,liberal,conservative,church,pew,seat,head,government,capital,word,book,print,online,news,television,game,controller,germs,hospital,coronavirus,isolation,home,repair,paint,brush,watercolor,comics,newspaper,puzzle,pen,pencil,sharpener,electric,fan,heater,winter,snow,plow,car,driving,crash,hockey,stick,popsicle,summer,sun,heat,july,fireworks,night,stars,moon,astrology,libra,scales,kitchen,flour,bread,sandwich,tomato,garden,harvest,canning,salt,chips,snacks,movie,, , , , , , , , , , , , , , , , , , , , , , , , , , , , , , , , , , , , , , , , , , , ,
3114,body,soul,heart,tick,tock,clock,hands,feet,shoes,socks,toes,polish,nails,fingers,gloves,pretty,flowers,colors,purple,yellow,sun,moon,starts,stars,life,bigger,small,people,together,why,are,we,separate,hold,hands,warm,sun,winter,snow,peaceful,clean,squirrels,nuts,backyard,family,feeding,cats,entertainment,funny,chirping,tv,birds,nature,sounds,calming,music,jazz,cats,relax,peaceful,quiet,love,friends,people,cats,melissa,both,happy,funny,chase,grace,healthy,medicine,exercise, , , , , , , , , , , , , , , , , , , , , , , , , , , , , , , , , , , , , , , , , , , , , , , , ,
3116,water,fall,down,spout,sprout,bean,chilli,dinner,breakfast,lunch,date,calendar,month,week,end,table,chair,arm,leg,chicken,rooster,foot,toe,nail,glue,board,sail,boat,house,cat,tail,spin,around,corner,store,credit,card,stock,yard,sale,price,tag,line,back,front,cold,hot,mama,father,child,play,time,clock,face,facts,fiction,book,mark,step,over,hill,mountain,range,rover,red,door,jam,jelly,sandwich,bread,butter,fly,paper,plane,train,door,shut,up,down,, , , , , , , , , , , , , , , , , , , , , , , , , , , , , , , , , , , , , , , , , , ,
3118,water,pool,swim,sunshine,clouds,rain,snow,ice,tea,water,soda,drink,alcohol,pinacoloda,beach,sand,ocean,tan,sun,bright,light,room,house,yard,grass,dog,cat,fish,river,boat,ski,race,run,walk,track,train,engine,motor,vehicle,truck,road,dirt,mud, , , , , , , , , , , , , , , , , , , , , , , , , , , , , , , , , , , , , , , , , , , , , , , , , , , , , , , , , , , , , , , , , , , , , , , , , , , , , , , ,
3120,water,rain,wet,splash,puddle,umbrella,precipitation,science,scientist,lab,microscope,school,chemistry,chemicals,elements,earth,iron,metal,steel,mailbox,letters,writing,pen,pencil,ink,quill,feather,bird,pigeon,dove,wedding,celebration,champagne,love,hope,heart,liver,organ,doctor,surgery,scalpel,clean,sanitize,sponge,scrub,sink,faucet,soap,gloves,mask,virus,quarintine,hazard,caution,sign,,car,drive,wheels,window,windshield,outside,nature,tree,animals,roads,highway,freeway,store,employee,work,salary,budget,groceries,beverage,drink,soda,alcohol,coffee,tea,leaves,beans,boil,salt,vinegar,chips,aluminum,crunch,paper,parchment,oven,toaster,microwave,counter,kitchen,plate,pot,pan,utensil,spoon,fork,knife,spork,silverware,stir,, , , , , , , , , , , , , , , , ,
3121,body,double,take,down,town,center,field,mouse,trap,door,way,means,end,game,over,pass,through,way,how,down,under,take,out,doors,stop,sign,language,arts,crafts,needlepoint,sewing,machine,tools,hammer,nails,fingers,chicken,coop,stoop,chair,leg,lamb,chops,stick,tree,bark,dog,cat,mouse,cheese,steak,fries,potato,chips,dip,stick,mud,daubber,bug,spray,deoderant,pits,stop,sign,post,notes,paper,shredder,destroy,bomb,drop,ship,sails,sea,fare,toll,booth,car,door,open,close,call,center,baseball,diamond,cruise,ship,, , , , , , , , , , , , , , , , , , , , , , , , , , , , , , , , , , ,
3125,body,arms,legs,walk,distance,far,place,meet,time,day,when,where,way,quick,fast,path,narrow,wide,easy,nice,enjoy,happy,us,we,love,family,together,strong,healthy,long,time,safe,care,help,survive,strive,difficult,hard,present,past,better,great,lovely,friends,fun,event,spend,money,supplies,beverages,store,shop,, , , , , , , , , , , , , , , , , , , , , , , , , , , , , , , , , , , , , , , , , , , , , , , , , , , , , , , , , , , , , , , , , , , , , ,
3128,water,coolwater,anybody,difference,research,quit,experiment,order,activate,install,appear,enrolled,agreement,eggplant,apple,orange,grapes,elapsed,encourage,best,dog,hight,good,bad,opinion,survet,arrange,disorder,increase,decrease,indoor,outdoor,games,, , , , , , , , , , , , , , , , , , , , , , , , , , , , , , , , , , , , , , , , , , , , , , , , , , , , , , , , , , , , , , , , , , , , , , , , , , , , , , , , , , , , , , , , ,
3133,water,wet,cold,hot,warm,dust,wind,air,sky,blue,cloud,white,grey,dark,storm,rain,mud,flood,tires,car,gas,price,station,people,pump,cashier,money,dirty,gross,infected,sanitizer,clean,safe,corona,vigilance,help,hurt,scared,tired,end,months,stock,money,broke,wait,over,under,out,in,top,bottom,inside,outside,world,all,nothing,trying,dont,outside,spring,flowers,garden,grass,green,happy,coming,river,fish,hook,caught,smile,, , , , , , , , , , , , , , , , , , , , , , , , , , , , , , , , , , , , , , , , , , , , , , , , , , ,
3135,water,fresh,apple,tart,cherry,pie,face,lotion,cream,coffee,latte,shop,groceries,closed,building,condemned,actions,moving,stones,river,waters,clear,mind,manners,child,toy,animal,calling,grandma,happy,wife,homemaker,clean,clothes,line,dry,scalp,itchess,arm,tatoo,artist,, , , , , , , , , , , , , , , , , , , , , , , , , , , , , , , , , , , , , , , , , , , , , , , , , , , , , , , , , , , , , , , , , , , , , , , , , , , , , , , , ,
3139,body,hand,finger,touch,sense,feel,nail,skin,movement,motion,energy,air,fuel,combustion,burning,consume,consume,eat,grow,vegatables,life,food,hunger,thirst,fear,collect,panic,home,safety,sickness,clean,germs,virus,quarantine,boredome,idle,pause,cancel,losses,waste,government,control,assistance,leadership,frustration,confusion,worry,job,employment,sickdays,help,clean,saving,prepare,supplies,water,food,, , , , , , , , , , , , , , , , , , , , , , , , , , , , , , , , , , , , , , , , , , , , , , , , , , , , , , , , , , , , , , , , ,
3142,water,wet,river,flowing,rapid,fast,quick,speed,rushing,waterfall,falling,crashing,impact,collision,breaking,cresting,rising,flying,airborne,clouds,rain,water,drops,splashing,soaking,drenching,drowning,deluge,flooding,innundate,covering,blanket,soft,cozy,safe,warm,happiness,contentment,relaxation,sleepiness,drowsiness,dreaming,lucidity,awake,aware,alert,perceptive,quizzical,questioning,curious,inquiring,asking,learning,knowledge,intelligence,growth,growing,taller,higher,stronger,muscles,power,imposing,dominating,forceful,assertive,crushing,dominance,tyranny,despot,ruler,leader, , , , , , , , , , , , , , , , , , , , , , , , , , , , , , , , , , , , , , , , , , , , , , , , , , ,
3144,water,water,water,wine,table,pen,goat,drinks,table,cup,cake,icecream,milk,tea,cat,them,plate,food,ankle,leg,hand,oil,liquid,salt,tomato,carrot,ginger,cane,suger,bread,bakery,men,women,man,men,aunt,uncle,sister,brother,bath,tub,tuber,video,game,television,angle,circle,block,palate,knive,cutlass,cool,sweet,heart,honey,, , , , , , , , , , , , , , , , , , , , , , , , , , , , , , , , , , , , , , , , , , , , , , , , , , , , , , , , , , , , , , , , , , ,
3151,water,lilly,rose,white,flour,dress,spring,woman,nice,nails,lips,blue,happy,cream,shower,river,cold,swimmer,fish,sunny,ring,wine,cherry,memory,eyes,green,life,tomorrow,work,cooking,sleep,evening,london,sauce,page,neecklace,ribbon,son,aunt,house,proud,joy,morning,phone,movie,task,sound\\, , , , , , , , , , , , , , , , , , , , , , , , , , , , , , , , , , , , , , , , , , , , , , , , , , , , , , , , , , , , , , , , , , , , , , , , , , , ,
3152,water,blue,sky,clouds,dream,imagine,fact,tell,listen,begin,end,story,book,novel,page,white,yellow,bird,flower,green,grass,field,yard,lawn,mowing,dad,mom,child,sister,brother,football,sports,soccer,ball,kick,throw,hit,yell,sceam,toss,car,take,get,give,locker,metal,school,class,teacher,book,teach,glasses,glass,water,drink,tea,coffee,brown,dirt,garden,earth,tree,tall,bark,leaves,leave,go,away,dribe,station,gas,smell,taste,hear,listen,shirt,pants,dresser,store,buy,purchase,invest,money,loan,bond,bank,withdraw,green,dollar,bill,president,old,dead,rotting,body,killed,grave,gray,sky,rain,storm,thunde, , , , , , , , , , , , , , , , , , , , ,
3153,water,flow,stream,river,ocean,rain,canal,spring,puddle,droplet,drop,stream,swim,drink,thirst,dehydration,waves,rain,storm,hail,liquid,life,h20,dew,tear,shower,faucet,plumbing,pool,float,ship,sail,lighthouse,voyage,antartica,frozen,fish,seals,, , , , , , , , , , , , , , , , , , , , , , , , , , , , , , , , , , , , , , , , , , , , , , , , , , , , , , , , , , , , , , , , , , , , , , , , , , , , , , , , , , , ,
3157,body,part,of,some,where,over,under,cut,off,on,top,hat,hair,cut,finger,nail,hammer,tool,belt,leather,cow,milk,drink,beer,bar,stool,sit,down,hill,ski,lodge,fireplace,heat,lamp,shade,dark,night,stars,telescope,science,school,closed,open,door,knob,lysol,sanitize,germs,clean,bleach,white,black,shirt,tail,cat,meow,charlie,baby,cuddles,relax,home,familiar,comfortable,relax,, , , , , , , , , , , , , , , , , , , , , , , , , , , , , , , , , , , , , , , , , , , , , , , , , , , , , , , , , ,
3159,body,soul,water,energy,fruit,food,burger,meat,cow,animal,world,people,human,friends,adults,worker,employer,money,bills,saving,bank,building,construction,metal,vehicle,glass,door,house,kids,family,dog,pet,food,snack,chips,salsa,hot,feel,emotion,person,different,value,kind,think,smart,math,problem,teacher,teen,school,education,learn,aid,help,people,outside,tree,garden,vegetable,water,dirt,plant,sky,land,sun,orbi,orbit,space,star,galaxy,universe,marvel,comics,batman,dc,paper,staple,story,money,writer,artist,convention,meet,hand,paid,crowd,speech,paper,microphone,speak,talk,, , , , , , , , , , , , , , , , , , , , , , , , , , , , , , ,
3161,water,flow,,stream,consciouness,awake,sleep,tight,jeans,blue,sky,clouds,white,fluffy,sheep,wool,socks,clothers,shirt,sleeves,button,cuff,hand,shake,rattle,baby,diapers,pail,water,pipe,mario,game,board,plank,pirate,ship,sail,ocean,blue,gill,fish,swim,stroke,disease,heart,blood,red,rose,bush,leaves,green,frog,croak,sound,pressure,tire,air,breathe,pink,carnation,milk,white,out,in,box,cardboard,paper,news,print,writing,pencil,lead,poisoning,die,life,live,function,math,problem,word,sentence,judge,ju, , , , , , , , , , , , , , , , , , , , , , , , , , , , , , , , , , , , , , , ,
3162,water,glass,cup,mug,coffee,hot,cold,snow,north,minnesota,family,parents,kids,teens,school,homework,tests,scores,teachers,jobs,home,quarantine,virus,scary,confusion,government,frustration,ineffective,slow,response,react,proactive,plan,think,list,supply,shop,store,employee,work,hours,open,closed,door,window,house,home,pets,dog,walks,outside,sunny,warm,hot,sidewalk,neighborhood,houses,streets,cars,trucks,trailers,moving,uhaul,packing,boxes,paper,wrapping,breakables,china,, , , , , , , , , , , , , , , , , , , , , , , , , , , , , , , , , , , , , , , , , , , , , , , , , , , , ,
3163,water,fall,down,up,across,below,beside,against,wall,paper,clip,board,room,decor,house,family,people,school,bus,city,street,car,fast,food,eat,pizza,cheese,whell,bike,ride,travel,see,eyes,glasses,break,down,up,stairs,climb,mountain,cold,snow,man,hat,baseball,team,work,job,money,bills,pay,check,cash,coins,bank,card,game,football,ball,basket,eggs,crack,line,straight,edge,cliff,big,little,tiny,few,many,several,, , , , , , , , , , , , , , , , , , , , , , , , , , , , , , , , , , , , , , , , , , , , , , , , , ,
3164,water,river,sea,water,play,creativity,life,imagination,poetry,healing,heart,purity,earth,magic,love,dream,book,youth,dream,day,night,tomorrow,world,future,waking,walking,discovery,art,painting,drawing,moon,sun,house,movies,fiction,truth,philosophy,completion,helping,writing,, , , , , , , , , , , , , , , , , , , , , , , , , , , , , , , , , , , , , , , , , , , , , , , , , , , , , , , , , , , , , , , , , , , , , , , , , , , , , , , , , ,
3166,body,morph,dog,car,cart,truck,bike,trike,sleep,deep,brain,train,rain,dam,course,river,rock,bed,dark,candle,flame,forest,tree,leaf,bird,song,fall,leaves,crunch,brown,board,wood,flat,plane,four,square,triangle,tent,cover,blanket,wash,cycle,translucent,sack,black,moss,trough,pig,mud,water,grass,fence,land,storm,head,face,ear,eye,eyelash,glasses,vision,clear,pour,cup,liquid,soap,banana,, , , , , , , , , , , , , , , , , , , , , , , , , , , , , , , , , , , , , , , , , , , , , , , , , , , , , , ,
3168,body,some,time,clock,hour,minute,small,tiny,house,home,work,money,paycheck,hourly,wage,payment,green,grass,tree,squirrel,monkey,zoo,animal,play,sun,summer,heat,shorts,sunglasses,driving,road,car,wheel,turn,move,gas,oil,butter,margarine,cake,icing,cookie,food,hungry,monster,blue,sky,cloud,airplane,passenger,seats,sick,coronavirus,spread,peanutbutter,jelly,sandwich,food,hungry,chips,apple,drink,water,milk,coffee,ice,cold,sweet,awake,bed,sleep,comfy,blanket,warm,pillow,window,outside,bird,chirp,fly,worm,egg,omelet,peppers,onion,cheese,melt,icecream,drip,sugar,table,chairs,people,family,friends,thanksgiving,potatoe,turkey,stuffing,pie,rolls,cassarole,games,lasagna,meatloaf,cards,cafeteria,school,work,interview,drive,road,paper,printer,ink,page,open,book,, , , ,
3172,body,foot,toe,nail,ankle,leg,hip,torso,arm,hand,finger,thumb,joint,palm,shoulder,neck,jaw,head,face,nose,ears,eyes,mouth,hair,skull,heart,brain,stomach,intestines,muscles,veins,arteries,tongue,teeth,glands,sweat,saliva,kidneys,pancreas,bladder,,lips,eyebrows,, , , , , , , , , , , , , , , , , , , , , , , , , , , , , , , , , , , , , , , , , , , , , , , , , , , , , , , , , , , , , , , , , , , , , , , , , , , , , , ,
3173,body,soul,life,magazine,tvguide,television,shows,naked,nude,art,bell,ring,ding,bell,whistle,blow,wind,stormy,lightning,thunder,loud,noise,cacaphony,foment,stir,drink,manhatten,doctor,hospital,nurses,helpers,aid,first,primary,election,president,leader,group,together,join,unite,weld,joint,bar,disco,70s,shoes,laces,ties,bow,arrow,superhero,batman,robin,bird,nest,home,house,store,supermarket,shop,bodega,local,near,far,away,gone,empty,nothing,zero,one,only, , , , , , , , , , , , , , , , , , , , , , , , , , , , , , , , , , , , , , , , , , , , , , , , , , ,
