ID,cue,word 1,word 2,word 3,word 4,word 5,word 6,word 7,word 8,word 9,word 10,word 11,word 12,word 13,word 14,word 15,word 16,word 17,word 18,word 19,word 20,word 21,word 22,word 23,word 24,word 25,word 26,word 27,word 28,word 29,word 30,word 31,word 32,word 33,word 34,word 35,word 36,word 37,word 38,word 39,word 40,word 41,word 42,word 43,word 44,word 45,word 46,word 47,word 48,word 49,word 50,word 51,word 52,word 53,word 54,word 55,word 56,word 57,word 58,word 59,word 60,word 61,word 62,word 63,word 64,word 65,word 66,word 67,word 68,word 69,word 70,word 71,word 72,word 73,word 74,word 75,word 76,word 77,word 78,word 79,word 80,word 81,word 82,word 83,word 84,word 85,word 86,word 87,word 88,word 89,word 90,word 91,word 92,word 93,word 94,word 95,word 96,word 97,word 98,word 99,word 100,word 101,word 102,word 103,word 104,word 105,word 106,word 107,word 108,word 109,word 110,word 111,word 112,word 113,word 114,word 115,word 116,word 117,word 118,word 119,word 120,word 121,word 122
1000,water,fire,house,home,relax,enjoy,fun,friends,family,close,holiday,vacation,travel,island,swim,beach,sun,sports,play,hobby,guitar,music,band,concert,radio,cd,album,nostalgia,past,present,future,plan,save,money,spend,, , , , , , , , , , , , , , , , , , , , , , , , , , , , , , , , , , , , , , , , , , , , , , , , , , , , , , , , , , , , , , , , , , , , , , , , , , , , , , , , , , , , , ,
1001,body,aches,joint,club,card,shark,bite,me,i,myself,woman,she,wolf,gang,bang,boom,box,car,seat,cover,up,down,low,down,comforter,holy,mess,up,sky,high,chair,leg,pain,ache,head,start,begin,end,point,finger,nail,down,ground,outlet,shopping,cart,horse,drawn,pencil,lead,iron,skillet,meal,supper,break,fast,slow,down,spiral,notebook,movie,sad,happy,train,boxcar,willie,wonka,chocolate,bar,gold,silver,fish,fry,oil,grease,pig,ham,sandwich,earl,duke,fist,fight,club,suite,hotel,stay,vacation,trip,fall,spring,board,director,chair,pad,cushion,fall,down,up,sky,blue,sad,sack,bag,lady,girl,boy,kid,rock,roll,bread,money,hungry, , , , , , , , , ,
1002,body,part,heavy,skin,color,racism,change,improvement,perfection,habits,routine,daily,steps,personal,individual,self,story,life,exciting,scary,endure,persevere,virtue,philosophy,greek,history,aristotle,stoic,learning,books,coffee,beans,roast,dark,drink,mug,cup,hot,beverage,productivity,supplements,vitamins,omega-3,protein,fitness,gym,training,cardio,lifting,weights,bench,dumbbells,barbell,heavy,trainer,crossfit,muscles,, , , , , , , , , , , , , , , , , , , , , , , , , , , , , , , , , , , , , , , , , , , , , , , , , , , , , , , , , , , , , , , ,
1003,water,water,water,bible,ruler,mouse,smartphone,book,mousepad,buttons,carpet,fingers,hair,curtains,drapes,laptop,paper,wristwatch,bed,sofa,acquire,delegate,assign,recruit,coworker,teamwork,colleague,supervisor,lego,disney,child,wife,pet,strap,bottle,screen,soap,allow,shin,towel,baby,,gain,aided,nurse,virus,infection,death,hospital,park,building,cottage,car,, , , , , , , , , , , , , , , , , , , , , , , , , , , , , , , , , , , , , , , , , , , , , , , , , , , , , , , , , , , , , , , , , , , ,
1006,body,hand,heck,leg,toe,feet,finger,nail,skin,teeth,hair,ear,eyes,nose,ampit,house,door,window,glass,roof,floor,chairs,tables,rug,tiles,kitchen,pot,plate,spoon,fork,tray,gas,cooker,food,egg,rice,beans,butter,cake,sardine,salad,samosa,electronics,television,radio,home-theater,sound-system,remote,wifi,cast,paint,pictures,lightens,fan,airconditional,cotton,shower,net,, , , , , , , , , , , , , , , , , , , , , , , , , , , , , , , , , , , , , , , , , , , , , , , , , , , , , , , , , , , , , , ,
1008,body,type,face,image,skin,odor,shape,form,kind,order,magnitude,size,cover,clothes,legs,hands,feet,eyes,nose,mouth,tongue,teeth,chin,jaw,chew,swallow,digest,fingers,toes,socks,shoes,sneakers,games,play,run,jump,skip,kick,catch,throw,roll,bounce,hit,bat,, , , , , , , , , , , , , , , , , , , , , , , , , , , , , , , , , , , , , , , , , , , , , , , , , , , , , , , , , , , , , , , , , , , , , , , , , , , , ,
1009,water,fish,eat,meat,food,orange,pineapple,fruits,energy,life,livings,life,world\\,nature,human,animals,king,lord,queen,president,prime,vip,rip,give,potential,draw,cat,dog,pig,lion,tiger,barberian,gym,dumbell,rod,weightlift,life,lift,floor,time,clock,watch,analog,digital,transactions,money,cash,dollars,stock,trade,quit,life,end,avengers,end,game,roger,steve,captain,america,marvel,studios,films,characters,thor,thanos,captain,america,iron,man,tony,starc,chris,evans,george,hours,news,fox,fox,news,cnn,news,toilet,paper,evans,trade,war,cognitive,task,aptitute,aptitude,task,game,art,sports,soccer,baseball,football,nba,, , , , , , , , , , , , , , , , , , , , , ,
1013,body,mind,spirit,ghost,house,mark,boat,swim,summer,sun,tan,drink,towel,trees,sky,smell,salt,tacos,lime,chair,patio,rocks,squirrel,mosquito,barn,hay,woods,hot,heat,sweat,hat,car,ride,windows,breeze,store,people,mask,staring,cool,freezer,appliance,move,clean,wipe,kitchen,cooking,breakfast,eggs,biscuit,coffee,list,bank,deposit,book,reading,night,bed,light,neighbor,noise,complain,tired,mother,fireworks,aside,wash,house,paint,wood,sand,repair,rot,hot,dirty,vacation,hawaii,volcano,palm,lava,ocean,horizon,sunset,celebrity,movie,noir,mystery,mountains,dock,lake,cold,high,music,, , , , , , , , , , , , , , , , , , , , , , , , , , , ,
1014,water,rain,wet,water,rain,weather,clowdy,overcast,stormy,clowdy,rain,wet,water,river,fish,food,hungry,store,shopping,money,payment,purchase,owned,property,mine,ownership,dedication,devotion,work,effort,tedious,effort,stressful,overwealming,alot,enough,finished,done,over,complete,finished,done,over,end,finish,next,second,first,, , , , , , , , , , , , , , , , , , , , , , , , , , , , , , , , , , , , , , , , , , , , , , , , , , , , , , , , , , , , , , , , , , , , , , , , ,
1015,body,part,arm,leg,foot,heel,toe,nails,paint,car,shop,clothes,sale,price,good,bad,great,good,okay,right,left,right,yes,no,okay,now,later,now,beginning,ending,after,before,yesterday,today,evening,dinner,lunch,breakfast,brunch,salad,eggs,milk,cow,rooster,pigs,slaughter,bad,pork,animals,legs,hooves,cows,moo,bark,dog,cat,snake,snail,nail,nails,painted,manicure,hands,skin,cuticles,polished,remover,nails,coat,shine,sheen,shimmer,gleam,glitter,glitz,glam,glammer,gloat,glove,give,got,get,goes,got,gotten,giver,gave, , , , , , , , , , , , , , , , , , , , , , , , , , , , , , , , , , ,
1016,water,drink,eat,sleep,awake,tomorrow,work,tired,awake,play,watch,relax,home,safe,quiet,loud,family,individual,independent,separate,closeness,trying,home,time,extravagant,timid,sorry,solving,samples,signifigance, , , , , , , , , , , , , , , , , , , , , , , , , , , , , , , , , , , , , , , , , , , , , , , , , , , , , , , , , , , , , , , , , , , , , , , , , , , , , , , , , , , , , , , , , , , ,
1020,water,cup,glass,sand,beach,ocean,salt,sea,fish,shark,animal,mammal,ape,human,man,woman,life,earth,planet,space,stars,sun,light,day,night,dark,sky,blue,red,ball,sport,school,reading,learning,teacher,student,child,family,marriage,money,store,food,pizza,pasta,taco,rice,asia,country,states,leaders,economy,, , , , , , , , , , , , , , , , , , , , , , , , , , , , , , , , , , , , , , , , , , , , , , , , , , , , , , , , , , , , , , , , , , , , , ,
1022,water,wet,dry,bone,dust,sand,desert,oasis,water,ocean,swimming,canoe,bikini,woman,beauty,ugly,me,myself,i,am,ready,go,stop,start,listen,teacher,test,mission,quest,game,nintendo,isabelle,island,travel,jet,plane,flying,ship,vacation,home,work,office,computer,desk,monitor,laptop,chair,sofa,couch,coach,ball,puck,hockey,sport,school,graduate,party,sickness,mask,cancer,diabetes,health,heart,blood,test,panel,doctor,nurse,emergency,ambulance,firetruck,fire,fireworks,house,home,rescue,cats,bird,dog,pet,family,husband,life,love,hate,depression,illness,mistake,regret,surgery,childish, , , , , , , , , , , , , , , , , , , , , , , , , , , , , , ,
1024,water,bottle,clean,price,health,brand,money,greed,evil,corruption,collusion,rich,poor,homeless,medical,inflation,demand,elastic,rubber,band,toy,fun,party,loud,firework,night,day,tree,sun,plant,carbon,diamond,rare,history,war,tank,weapon,gun,duel,sword,cutlass,scimitar,fencing,skiing,basketball,baseball,outdoors,barbeque,grill,american,dream,fence,security,peace,safe,solitude,introvert,quiet,shy,afraid,nervous,anxious,depressed,hope,future,past,present,recall,predict,specualte,remember,recall,forecast,weather,heat,ignorance,harm,car,seat,danger,avoid,dodge,jump,acrobatics,gymnasium,flip,card,poker,blackjack,uno,reverse,skip,draw,, , , , , , , , , , , , , , , , , , , , , , , , , , , ,
1025,water,water,word,wrong,gone,end,do,obkect,tire,enclose,error,reply,year,right,tiger,register,raw,war,rock,kick,king,go,on,no,object,to,open,no,onion,objection,nope,effort,toe,edit,take,enter,race,eternal,love,eject,top,pop,pub,busy,year,recreate,equal,like,enter,recreate,eternal,locust,top,proper,rugged,, , , , , , , , , , , , , , , , , , , , , , , , , , , , , , , , , , , , , , , , , , , , , , , , , , , , , , , , , , , , , , , , , ,
1027,body,arm,eg,finger,toe,calf,stomach,breast,head,lip,ear,rist,nai;,foot,heel,ankle,knee,eyes,nose,thumb,elbow,chin,teeth,tongue,face,haie,eyebrow,lashes,cheeks,arm,thigh,hip,waist,midriff,gums,colon,lung,heart,esophagus,artery,vein,liver,pancreas,ovary,penis,vagina,a, , , , , , , , , , , , , , , , , , , , , , , , , , , , , , , , , , , , , , , , , , , , , , , , , , , , , , , , , , , , , , , , , , , , , , , , , , ,
1028,body,skin,hair,keratin,chemical,research,solution,bacteria,germs,infection,desease,suffering,health,food,vitamin,calories,energy,fuel,fire,heat,cooking,eating,cookies,baking,bakery,snacks,sweets,sugar,chocolate,chips,computer,program,software,performance,system,work,leave,holiday,vaccation,summer,travel,beach,sea,ocean,water,fish,whale,shark,ship,captain,sailing,, , , , , , , , , , , , , , , , , , , , , , , , , , , , , , , , , , , , , , , , , , , , , , , , , , , , , , , , , , , , , , , , , , , , , ,
1029,body,parts,pieces,cake,birthday,party,kids,fun,summer,vacation,pools,swimming,diving,boards,wood,decks,outdoors,animals,hiking,exercise,adventure,experiences,together,family,friends,love,caring,cooperation,together,sharing,enjoyment,happy,fulfilled,content,relaxed,beach,ocean,waves,fish,dolphins,whales,sharks,coral,unknown,depths,darkness,fear,, , , , , , , , , , , , , , , , , , , , , , , , , , , , , , , , , , , , , , , , , , , , , , , , , , , , , , , , , , , , , , , , , , , , , , , , , ,
1030,water,pail,well,ground,house,tree,swing,leaves,sky,river,fish,fisherman,hook,gravel,bank,weeds,water,gravel,bridge,road,car,police,speed,tire,antenna,windshield,bumper,license,seat,console,odometer,driver,passenger,wife,daughter,infant,stroller,sidewalk,park,swing,court,field,bushes,walkway,fence,home,yard,roof,door,kitchen,floor,table,chairs,butter,stove,refrigerator,oven,dishwasher,sink,faucet,towel,trashcan,cabinet,ceiling,light,hallway,bathroom,toilet,shower,towels,medicine,toothbrush,toothpaste,toothbrush,pills,floss,shaver,cream,rug,tile,wall,switch,bedroom,bed,sheets,carpet,lamps,dresser,nightstand,drawer,magazines,television,stand,mirror,wallpaper,window,curtains,pull,view,neighborhood,neighbors,dogs,cats,yards,driveway,garage,roof,shutters,, , , , , , , , , , , , ,
1031,water,ocean,sea,fish,food,drink,meal,food,eat,nurish,oops,woah,horse,ride,car,auto,street,busy,wor,work,money,bills,payments,source,um,help,sos,emt,hospital,nurse,doctor,medicine,aide,helping,caring,sick,bed,sleep,rest,comfort,pillow,blanket,rest,warmth,love,friends,family,kids,kim,liz,daughter,offspring,relatives,family,unit,one,number,digit,toe,fot,foot,ankle,leg,body,human,being,alive,vital,nothing,blank,boredom,yawm,tired,listless,weary,slack,pants,clothing,fashion,statement,sentence,words,verbal,oral,speak,listen,hear,ear,head,fface,natiooon,tvshow,entertainment,movies,netflix,hulu,subscrition,, , , , , , , , , , , , , , , , , , , , , , , ,
1032,body,ear,smell,bad,notgood,bad,smell,food,icecream,cool,ice,winter,season,summer,sunlight,heat,water,cold,warm,water,cooldrinks,tastee,yummy,sweet,cake,birthday,party,beer,enjoying,friends,fun,oughting,dating,boyfriend,gift,mobile,speaker,earphone,charger,battery,safety,, , , , , , , , , , , , , , , , , , , , , , , , , , , , , , , , , , , , , , , , , , , , , , , , , , , , , , , , , , , , , , , , , , , , , , , , , , , , , , , ,
1033,water,drink,whiskey,drunk,sleepy,tired,exhausted,lie,rest,relax,enjoy,fun,happiness,goal,life,death,decay,exhune,lime,coroner,body,corpse,death,end,satan,hell,temptation,resistance,strength,weaknes,unhappy,beaten,prone,bloody,lacerated,concussed,siezed,bleeding,injured,anbulance,hospital,covid,trump,idiot,dunce,fascist,dictator,leader,garrulous,tealkative,annoying,exasperating,bad,sullen,hurt,humiliated,funny,jokes,ribald,humor,haha,laughter,pain,confusion,adhd,adderall,drugs,rx,pharmacy,controlled,substance,, , , , , , , , , , , , , , , , , , , , , , , , , , , , , , , , , , , , , , , , , , , , , , , , , ,
1035,body,yes,small,large,elephant,gray,wall,brick,red,blood,meat,animal,wild,party,drink,alcohol,drunk,stupid,laugh,smile,happy,child,precious,pure,water,clear,still,late,time,limited,edition,book,author,fame,bestseller,reading,relaxing,hobby,jogging,weekend,family,love,forever,instant,oatmeal,package,shelf,breakfast,pancake,syrup,maple,canada,country,road,music,car,drive,breeze,farm,range,fence,horse,ride,pony,grass,hay,sunshine,beach,ocean,blue,wave,surf,whale,shark,deep,secret,mysterious,dark,plane,island,pirate,cruise,summer,mountain,for, , , , , , , , , , , , , , , , , , , , , , , , , , , , , , , , , , , , ,
1036,water,drink,ice,cold,winter,snow,fall,leaves,orange,citrus,fruit,strawberry,shortcake,doll,cute,bunny,hop,jump,rope,boat,ocean,fish,smell,candle,light,fire,hot,burn,hurt,nin,music,happy,joy,christmas,tree,pine,wood,shop,money,poor,struggle,sad,depressed,therapy,talk,phone,text,message,receive,,, , , , , , , , , , , , , , , , , , , , , , , , , , , , , , , , , , , , , , , , , , , , , , , , , , , , , , , , , , , , , , , , , , , , , , ,
1039,body,hand,fingers,nails,colors,pink,slip,pay,cash,dollars,america,white,color,red,color,white,whitehouse,beauty,girls,sex,human,robots,technology,advancement,generations,children,birth,day,week,month,year,leapyear,4,number,numerics,mathematics,problems,life,span,duration,time,precious,gem,diamond,lightning,thunderbolt,electricity,hazard,chemicals,potassium,banana,yellow,lamborgini,acceleration,science,fun,friends,party,club,drinks,vodka,booze, , , , , , , , , , , , , , , , , , , , , , , , , , , , , , , , , , , , , , , , , , , , , , , , , , , , , , , , , , , ,
1040,body,feet,shoes,store,pandemic,shopping,park,trees,bird,street,bus,driver,sidewalk,statue,library,laptop,book,restaurant,salad,waiter,wine,tablecloth,silverware,knife,taxi,horse,fountai,water,sparrow,pigeon,car,windshield,glass,poop,sneakers,asphalt,dirt,cobblestones,shrub,hose,dog,squirrel,rat,subway,heat,urine,homeless,train,marble,concrete,building,office,partition,cubicle,carpet,chair,wheels,plastic,bush,paper,copier,trashcan,, , , , , , , , , , , , , , , , , , , , , , , , , , , , , , , , , , , , , , , , , , , , , , , , , , , , , , , , , , ,
1042,body,part,elbow,finger,knee,leg,kick,ball,soccer,sport,football,helmet,concussion,medical,hospital,covid,disease,world,trump,president,government,corrupt,issues,police,protests,people,america,citizens,elections,polls,voting,rights,freedoms,amendments,constitution,early,late,school,bus,driver,job,money,green,colors,blue,shirt,apparel,design,gucci,expensive,sales,cheap,scam,illegal,lose,gain,wealth,society,class,unfair,distribution,slavery,old,history,textbooks,expensive,waste,time,clock,hands,fingers,arms,reach,grab,control,power,government,corrupt,unfair,conspirator,illegal,jail,prison,death,end,life,, , , , , , , , , , , , , , , , , , , , , , , , , , , , , , , , , , ,
1044,body,hand,feet,foot,lef,leg,bones,skin,muscle,ligament,string,rope,jump,skip,hop,frog,toad,toadstole,mushroom,vinagerette,wine,beer,pilsner,spirits,ghosts,glue,horse,cow,alpacca,package,gift,present,past,future,futures,trading,day,night,sleep,awake,awakening,alert,aware,acknowledgement,acceptence,understanding,stimuli,reaction,processing,noticing,notice,sign,post,posting,postponning,preparing,pressing,now,soon,later,time,linear,curved,circular,square,triangle,three,four,six,letters,numbers,feelings,tired,groggy,tedium,tedious,trauma,traumatic,tram,bus,car,monorail,forklift,chairlift,polymorphing,around,access,rubbing,poking,prodding,playing,, , , , , , , , , , , , , , , , , , , , , , , , , , , , , ,
1045,water,drink,milk,white,chalk,board,black,elephant,big,animal,lion,king,queen,princess,prince,crown,gold,diamond,platinum,ornaments,neck,necklace,chain,ring,fingers,ten,number,math,problematic,difficult,easy,run,legs,shoe,size,pants,shirt,button,zipper,sleeve,half,full,hand,, , , , , , , , , , , , , , , , , , , , , , , , , , , , , , , , , , , , , , , , , , , , , , , , , , , , , , , , , , , , , , , , , , , , , , , , , , , , , ,
1046,body,person,individual,self,aware,though,rational,science,testing,results,conclusion,truth,adjustments,tuning,makingbetter,improving,takingsteps,progressing,learning,understanding,implement,improve,advance,change,, , , , , , , , , , , , , , , , , , , , , , , , , , , , , , , , , , , , , , , , , , , , , , , , , , , , , , , , , , , , , , , , , , , , , , , , , , , , , , , , , , , , , , , , , , , , , , , , ,
1047,body,part,whole,earth,system,eco,terror,flight,plans,future,demon,organ,death,tile,square,bathroom,public,space,rocket,mars,jupiter,neptune,ocean,fish,boat,sail,work,whale,apocalypse,zombie,game,denial,hands,stretch,time,continuity,book,plot,movie,theater,play,acting,trying,difference,species,evolution,seagull,death,fries,burger,food,hungry,need,desire,touch,smell,feel,mind,horny,seperate,keep,pretend,clown,king,jester,court,intrigue,politics,globe,country,economy,money,fake,force,government,truth,falsehood,anger,riot,fire,tactics,, , , , , , , , , , , , , , , , , , , , , , , , , , , , , , , , , , , , , , , ,
1048,body,soul,mind,brain,tired,sleepy,pillow,soft,feathers,bird,dog,sweet,candy,chocolate,dark,night,stars,moon,sun,sky,outlander,travel,airplane,,car,tires,repairs,fix,tools,hammer,nails,fence,wood,create,crafts,money,green,plants,flowers,rose,red,pink,sweet,child,baby,grow,fast,slow,time,fire,burn,hot,cols,water,blue,ocean,beach,seashell,drink,pineapple,yellow,fruit,banana,smoothie,protein,health,medicine,yuck,gross,sick,medicine,fever,cough,vitimins,cold,sick,child,teenager,attitude,smart,tongue,speak,speech,class,school,books,reading,fun,party,balloons,cake,vanilla,, , , , , , , , , , , , , , , , , , , , , , , , , , , , ,
1050,body,yellow,wind,dinner,red,dog,god,desert,ten,nine,eight,tomorrow,win,next,tea,apple,elephant,tin,night,talent,thousand,deer,railway,yard,degeree, , , , , , , , , , , , , , , , , , , , , , , , , , , , , , , , , , , , , , , , , , , , , , , , , , , , , , , , , , , , , , , , , , , , , , , , , , , , , , , , , , , , , , , , , , , , , , , , ,
1051,water,falls,pool,lake,river,fish,pond,ocean,nature,whales,shark,pirana,ship,boat,crab,prawn,ellyfish,sea,beach,dolphin,seahorse,drink,waterfalls,rain,thunder,storm,spring,summer,winter,rainbow,stars,moon,sun,clouds,mountain,hills,trees,animals,forest,birds,land,house,,ma, , , , , , , , , , , , , , , , , , , , , , , , , , , , , , , , , , , , , , , , , , , , , , , , , , , , , , , , , , , , , , , , , , , , , , , , , , , , , ,
1053,water,cup,glass,mirror,pane,window,curtain,shade,umbrella,rain,boots,splash,puddle,wet,dry,towel,bathroom,bathmat,shower,shampoo,conditioner,comb,hair,clip,pin,lock,door,key,opening,close,security,alarm,sound,chime,wind,patio,deck,backyard,grass,worms,sandbox,beach,umbrella,waves,surf,surfboard,shark,bite,hospital,doctor,nurse,treatment,regimen,antibiotic,medicine,study,office,books,bookmkar,reading,happiness,love,marriage,husband,partner,kindness,support,acceptance,love,appreciation,thoughtfulness,best,anniversary,dinner,table,service,restaurant,waiter,menu,buffet,steak,potatoes,butter,bread,toast,bacon,eggs,toast,avocado,brunch,mimosa,sparkle,ballet,tutu,plie,barre,exercise,cardio,weightlifting,weights,dumbbells,muscles,protein,strength,sets,repetitions,bars,gym,leggings,shirts,sneakers,socks,sandals,pedicure,manicure,salo,salon,hairdresser,haircut,blowout,shampoo,curls
1054,body,parts,auto,travel,vacation,beach,get,going,somewhere,places,visit,travel,car,truck,camper,pond,rain,weather,garden,tomatoes,samdwiches,eat,grocries,town,money,income,work,plan,how,what,all,things,people,together,talking,planing,, , , , , , , , , , , , , , , , , , , , , , , , , , , , , , , , , , , , , , , , , , , , , , , , , , , , , , , , , , , , , , , , , , , , , , , , , , , , , , , , , , , , ,
1055,body,arm,leg,face,mouth,noce,teeth,ear,eye,cheek,neck,chest,stomach,belly,hip,skin,organ,heart,muscle,liver,pancreas,kidney,veins,blood,artery,brain,cells,bacteria,gut,nails,fingers,toes,hands,feet,knees,elbows,back,spleen,ribs,bones,lungs,hair,shoulders,face,eyelashes,, , , , , , , , , , , , , , , , , , , , , , , , , , , , , , , , , , , , , , , , , , , , , , , , , , , , , , , , , , , , , , , , , , , , , , , , , , , ,
1058,water,plant,green,mountain,trees,oxygen,live,man,shirt,button,plastic,material,brand,logo,identity,unique,price,money,trading,buy,sell,volume,sound,nature,atmosphere,air,, , , , , , , , , , , , , , , , , , , , , , , , , , , , , , , , , , , , , , , , , , , , , , , , , , , , , , , , , , , , , , , , , , , , , , , , , , , , , , , , , , , , , , , , , , , , , , ,
1059,water,bottle,cap,gun,store,front,yard,work,hard,tack,sail,boat,water,tub,pail,bucket,basket,ball,gum,ten,cent,year,long,haul,u,me,them,us,flag,day,light,source,code,word,puzzle,answer,right,wrong,cube,square,circle,triangle,line,length,thickness,tolerance,tight,loose,lose,win,play,press,news,fake,real,life,death,spasm,flinch,fake,ship,tracks,sun,divereter,manually,accelerator,dangerous,generator,power,engine,tire,wheel,seat,speed,break,land,takeoff,fall,hit,smash,crash,defeat,race,first,last,top,bottom,sheild,family,radiation,fun,factor,count,, , , , , , , , , , , , , , , , , , , , , , , , , , , ,
1060,body,pain,hurt,full,filling,space,time,continue,complete,total,all,knowing,facts,knowledge,intelligiance,creativity,art,love,caring,compassion,life,death,cancer,virus,vaccine,living,fulfilling,thoughts,work,thinking,reading,writing,typing,more,less,even,over,now,please,time,consuming,me,words,letters,how,many,more,,,not,sure,help,care,pleasing,, , , , , , , , , , , , , , , , , , , , , , , , , , , , , , , , , , , , , , , , , , , , , , , , , , , , , , , , , , , , , , , , , , ,
1062,water,tap,flow,river,stream,ocean,salt,iodine,chemical,chemistry,lab,technician,mask,gloves,pandemic,corona,deadly,dangerous,china,, , , , , , , , , , , , , , , , , , , , , , , , , , , , , , , , , , , , , , , , , , , , , , , , , , , , , , , , , , , , , , , , , , , , , , , , , , , , , , , , , , , , , , , , , , , , , , , , , , , , , ,
1063,body,soul,heart,mind,body,connection,thoughts,feelings,emotions,happy,daughter,sad,lonely,relationship,girlfriend,wife,kids,mistakes,regret,guilt,adapt,renew,repeat,love,self-esteem,content,good,life,learn,improve,work,hard,provide,helping,teaching,giving,back,, , , , , , , , , , , , , , , , , , , , , , , , , , , , , , , , , , , , , , , , , , , , , , , , , , , , , , , , , , , , , , , , , , , , , , , , , , , , , , , , , , , ,
1064,body,soul,body,type,computer,learn,teach,student,teacher,school,university,college,teaching,learning,smart,stupid,dumb,ignorant,learned,read,books,fiction,history,romance,dating,love,marraige,commitment,trust,honest,truth,lies,FALSE,wrong,right,left,up,down,bottom,top,toy,game,checkers,monopoly,risk,cards,scrabble,clue,hint,help,care,love,, , , , , , , , , , , , , , , , , , , , , , , , , , , , , , , , , , , , , , , , , , , , , , , , , , , , , , , , , , , , , , , , , , , , ,
1069,body,foot,knee,pain,hand,touch,push,fall,wet,cold,rain,indoor,television,movie,games,play,type,win,hard,boring,tired,relax,sleep,woke,listen,eat,friends,family,shop,money,debt,work,difficulty,help,kindness,laugh,friendly,build,play,fun,collect,catch,time,, , , , , , , , , , , , , , , , , , , , , , , , , , , , , , , , , , , , , , , , , , , , , , , , , , , , , , , , , , , , , , , , , , , , , , , , , , , , , ,
1070,water,red,divide,end,dress,send,demo,open,next,ten,nine,eight,thousand,discipline,eighty,yellow,white,easy,yard,devil,love,elephant,teacher,romance,eagle,eat,test,tell,lose,europe,every,you,used,danger,random,mother,river,rich,high,hight,tall,, , , , , , , , , , , , , , , , , , , , , , , , , , , , , , , , , , , , , , , , , , , , , , , , , , , , , , , , , , , , , , , , , , , , , , , , , , , , , , , ,
1071,body,cat,cat,cat,,chain,dog,toy,monkey,yogurt,mouse,bowl,pillow,tree,road,car,toilet,air,red,blue,orange,yellow,purple,green,blue,red,poop,mom,face,rat,cool,rabbit,grass,cloud,sky,apple,jar,lid,top,eat,noutg,mouth,cup,mug,top,piece,mit,sow,yarn,metal,plug,wrench,part,break,fit,light,dark,noise,smell,look,take,trim,tamper,trample,to,tip,top,till,tight,tin,tan,train,track,raim,rail,mail\\,tail,bail,whake,whale,tail,mail,hail,, , , , , , , , , , , , , , , , , , , , , , , , , , , , , , , , , , , , , ,
1072,body,skin,color,brown,black,tone,light,bright,sun,screen,outdoor,summer,beach,sand,water,trip,car,suitcase,clothes,, , , , , , , , , , , , , , , , , , , , , , , , , , , , , , , , , , , , , , , , , , , , , , , , , , , , , , , , , , , , , , , , , , , , , , , , , , , , , , , , , , , , , , , , , , , , , , , , , , , , , ,
1073,body,head,mind,think,brain,neuron,atom,proton,quantum,computer,pc,desktop,monitor,keyboard,keycap,writing,pencil,pen,paper,graph,dots,math,science,biology,chemistry,alchemy,gold,silver,christmas,tree,green,forest,bark,grass,worm,dirt,brown,black,dark,night,stars,constellation,lines,white,paper,school,binder,rings,fingers,hands,touch,feel,think,thoughts,feelings,emotions,healing,doctor,medicine,pills,capsule,small,large,box,square,cell,bars,jail,window,light,sun,sunburn,beach,sand,desert,dessert,sherbert,lime,lemon,sour,spicy,pepper,red,hot,burn,fire,bonfire,camping,tent,sleepingbag,sleeping,night,trees,crickets,noise,chirping,birds,morning,sunrise,sunset,red,pink,paint,, , , , , , , , , , , , , , , , , ,
1075,body,odor,smell,flowers,garden,tomatoes,sauce,pizza,pepperoni,italian,sub,olives,beer,lemon,tequila,shot,party,fun,music,friends,dancing,happy,family,love,caring,close,near,intimate,together,forever,deathj,hope,life,beginning,ending,infinite,short,temporary,permanent,last,earth,world,stadium,sports,games,football,soccer,baseball,hotdogs,hamburgers,park,children,slide,water,swimming,pool,sa, , , , , , , , , , , , , , , , , , , , , , , , , , , , , , , , , , , , , , , , , , , , , , , , , , , , , , , , , , , , , , , , ,
1076,water,fall,down,under,dark,black,asphalt,heat,weather,rain,water,vegetation,farms,tractor,gasoline,oil,contamination,deadly,hospital,nurses,scrubs,comfortable,couch,livingroom,house,building,construction,metal,gold,money,taxes,government,congress,laws,police,brutality,looting,damage,businesses,jobs,income,family,grandmother,elderly,care,health,insurance,safety,parachute, , , , , , , , , , , , , , , , , , , , , , , , , , , , , , , , , , , , , , , , , , , , , , , , , , , , , , , , , , , , , , , , , , , , , , , , ,
1077,water,hose,line,fish,lake,boat,ski,mountain,snow,cold,home,warm,spring,flowers,hiking,fun,friends,food,drink,party,hang,talk,funny,jokes,busting,balls,tv,comedy,wit,puzzle,dance,shoes,bowling,date,dinner,movie,covid,mask,costco,samples,burritos,, , , , , , , , , , , , , , , , , , , , , , , , , , , , , , , , , , , , , , , , , , , , , , , , , , , , , , , , , , , , , , , , , , , , , , , , , , , , , , , ,
1079,water,drink,refreshing,quench,thirst,dry,heat,oven,stove,cook,food,hungry,eat,dinner,restaurant,dine,friends,family,love,relationship,marriage,children,grandchildren,happy,peace,content,dog,unconditional,innocent,baby,mother,father,kids,innocence,wonder,think,stress,overwhelming, , , , , , , , , , , , , , , , , , , , , , , , , , , , , , , , , , , , , , , , , , , , , , , , , , , , , , , , , , , , , , , , , , , , , , , , , , , , , , , , , , , ,
1081,body,odor,smell,nose,bleed,red,flower,power,struggle,win,victory,dance,party,music,sound,loud,roar,lion,tiger,bear,hug,grandma,love,happiness,joy,family,members,belong,own,have,time,machine,parts,building,tower,bridge,suspension,car,frive,fast,slow,down,up,movie,tv,watch,me,you,smile,happy,,day,time,work,tired,nap,sleep,on,off,power,hungry,man,woman,people,group,trip,vacation,beach,mountains,range,oven,cooking,biscuits,breakfast,honeybutter,sweet,tasty,bake,cake,frosting,unhealthy,workout,move,over,there,here,now,when,later,gator,gatorade,drink,electrolites,benefit,makeup,powder,keg,beer,party,fun,gams,friends,happy,time,watch,, , , , , , , , , , , , , , , ,
1082,water,bottle,sunscreen,beach,ocean,fish,sushi,japanese,anime,characters,cartoon,network,cnn,news,paper,trees,forest,deer,berries,fruit,papaya,hawaii,tropical,punch,drink,juice,orange,pink,flower,stem,plants,garden,soil,worm,bird,fly,powers,hero,fireman,house,family,brother,sister,mother,father,uncle,aunt,grandfather,grandmother,child,pregnant,birth,hospital,doctor,surgeon,school,biology,chemistry,physics,calculus,algebra,english,books,novels,series,baseball,basketball,football,soccer,england,london,parliament,government,senate,congress,representatives,voting,election,democrat,republican,blue,red,yellow,rainbow,icecream,dessert,dinner,lunch,breakfast,pancakes,flower, , , , , , , , , , , , , , , , , , , , , , , , , , , , , , ,
1083,water,elephant,circus,clown,it,books,king,movies,scary,horror,halloween,fun,costume,party,candy,event,big,crowd,busy,social,hot,cold,ice,drink,bar,people,cold,mean,ouch,hurt,bike,fun,bored,still,beach,ocean,wave,sunny,summer,fun,cool,neat,unique,experience,concert,hall,school,violin,fun,scary,neat,coffee,starbucks,shop,clothing,money,online,shoes,swim,pool,blue,water,time,watch,money,spend,save,budget,relax,stress,house,car,tv,netflix,movies,music,headphones,google,listen,watch,youtube,free,ton,weight,kids,home,travel,beach,florida,shark,games,ps4,fortnite,sonic,mario,drive,country,boss,cat,dog,pig,farm,sheep,, , , , , , , , , , , , , , , , , ,
1085,body,parts,car,vehichle,transportation,train,platform,political,drama,show,tv,actor,career,teacher,children,germs,sick,coronoa,recession,money,shopping,store,grocery,food,bacon,pig,farm,dairy,milk,glass,plate,fiesta,party,people,zoo,animals,water,drink,swallow,bird,plane,travel,vacation,fun,party,cake,server,help,firefighter,stairs,exercise,hot,summer,water,swimsuit,pool,floatie,wet,towel,dry,hair,long,skinny,person,large,elephant,zoo,monkey,house,family,unit,honeymoon,happy,family,parents,kids,dirty,unclean,bath,wash,laundry,fold,tedious,time, , , , , , , , , , , , , , , , , , , , , , , , , , , , , , , , , , , , , ,
1086,body,pants,jeans,shirt,tie,dress,girl,boy,man,woman,pretty,smart,great,good,bad,negitive,positive,reenforce,go,stop,sign,language,english,speak,sing,song,artist,music,album,record,player,45,small,large,medium,hamburger,tomatos,shake,flowers,baby,grow,old,die,bury,cycle,bike,trip,vacation,florida,virus,sad,happy,fun,enjoyable,pleasurable,blah,dreary, , , , , , , , , , , , , , , , , , , , , , , , , , , , , , , , , , , , , , , , , , , , , , , , , , , , , , , , , , , , , , , , ,
1087,water,ice,cold,freezer,meat,fry,cook,restaurant,chain,link,fence,wall,barrier,intruder,intrusion,illegal,crime,police,enforcement,law,legal,lawyers,judge,court,house,shelter,roof,shingle,material,raw,mineral,nutrient,diet,balanced,healthy,fitness,livelihood,heart,cancer,disease,illness,death,stroke,fatality,fatal,blow,deadly,gun,shot,basketball,hoop,backboard,gymnasium,squeaky,grease,oil,engine,motor,automobile,mechanic,tools,jack,wrench,repair,maintenance,diagnosis,doctor,medicine,prescription,pharmacy,pharmacist,routine,dosage,antibiotics,bacteria,colony,growth,exponential,logarthmic,algebra,linear,, , , , , , , , , , , , , , , , , , , , , , , , , , , , , , , , , , , , , , , ,
1088,body,parts,auto,store,shop,clothes,money,broke,chair,sit,down,up,sky,blue,ocean,waves,shore,beach,hawaii,island,fever,sick,flu,shot,gun,protect,children,small,big,heart,love,spouse,husband,wife,home,love,everyone,nobody,someone,trust,care,love,children,mom,dad,work,money,bills,credit,debt,bad,good,day,night,sleep,awake,coffee,starbucks,expensive,vehicles,drive,carefully,safe,money,wealth,rich,poor,people,love,jesus,pray,church,worship,lord,love,shopping,new,old,people,everyone,nice,mean,dog,cat,small,, , , , , , , , , , , , , , , , , , , , , , , , , , , , , , , , , , , ,
1090,body,hair,legs,arms,feet,toes,eyes,mouth,nails,wrists,skin,clothes,shoes,nostrils,bodywash,active,sports,tennis,ball,fat,skinny,athletic,muscles,veins,ligaments,joints,pain,heart,kidney,liver,lungs,esophagus,intestine,colon,glands,brain,retina,fingers,elbows,shoulders,knees,forearm,biceps,triceps,quads,hamstrings,calf,, , , , , , , , , , , , , , , , , , , , , , , , , , , , , , , , , , , , , , , , , , , , , , , , , , , , , , , , , , , , , , , , , , , , , , , , , ,
1091,body,time,wizard,hill,road,way,side,walk,stick,board,walk,distance,way,fair,way,side,walk,trail,mix,tape,deck,bbq,chips,machine,learning,class,work,distance,learning,time,magzine,book,shelf,ends,days,inn,out,side,walk,out,side,walk,in,welcome,home,school,work,day,light,buld,head,, , , , , , , , , , , , , , , , , , , , , , , , , , , , , , , , , , , , , , , , , , , , , , , , , , , , , , , , , , , , , , , , , , , , , ,
1092,body,hand,leg,mouth,eyes,nose,walk,sense,dance,cry,laugh,call,shout,eat,talk,listen,learn,travel,play,drive,donate,die,sick,come,clean,dirty,sing,went,work,hunt,try,sit,stand,skip,sang,hurt,wash,wore,wear,shoes,cup,run,spoil,drank,run,engage,sell,work,work,, , , , , , , , , , , , , , , , , , , , , , , , , , , , , , , , , , , , , , , , , , , , , , , , , , , , , , , , , , , , , , , , , , , , , , , ,
1093,water,ice,cold,day,week,month,time,morning,day,time,late,night,dark,matter,mass,ion,particle,dot,small,boy,male,ugly,fine,little,speck,dot,stain,coffee,pee,soon,now,later,day,wednesday,today,tommorrow,week,month,year,old,me,i,me,her,pretty,old,wrinkles,grey,blue,color,rewd,hmmmm,sigh,, , , , , , , , , , , , , , , , , , , , , , , , , , , , , , , , , , , , , , , , , , , , , , , , , , , , , , , , , , , , , , , , , , , ,
1094,water,ski,snow,bird,fly,eagle,hawk,zoo,animal,bear,alaska,water,whale,maui,surf,sun,haleakala,hike,climb,mountain,view,switzerland,alps,murren,tanzbodeli,fun,beer,cheese,path,cows,bells,ringing,alarm,clock,work,day,long,lunch,sandwich,happyhour,five,martini,music,band,metro,closed,missing,sad,eager,beaver,river,riverwalk,winery,open,tables,fun,boats,watching,relax,walk,lake,trail,city,restaurant,hunger,eat,snack,popcorn,movies,musicbox,open,vertigo,hitchcock,nice,relaxing,fun,wrigley,baseb, , , , , , , , , , , , , , , , , , , , , , , , , , , , , , , , , , , , , , , , , , , ,
1099,water,cold,wet,sea,fish,whale,ahab,book,read,listen,hear,think,write,word,speak,understand,think,wisdom,old,young,new,baby,mother,father,son,family,tree,oak,climb,mountain,peak,top,bottom,low,high,sky,plane,fly,seek,find,treasure,pirate,ship,sea,fish,swim,water,wet,dry,desert,hot,sun,star,planet,mars,red,iron,heavy,weight,lift,up,sky,fly,bug,spary,spray,poisin,sick,dying,death,end,sorrow,sad,cry,tears,face,head,body,arm,leg,foot,shoe,run,fast,slow,turtle,reptile,lizard,green,red,blue,yellow,sunflower,art,painting,colors,flag,nation,, , , , , , , , , , , , , , , , , , , , , , ,
1100,water,water,water,water,water,water,bottle,boot,red,yellow,car,cabbage,computer,laptop,sink,cup,table,mouse,pad,screen,key,board,monitor,door,dog,chair,kitchen,wash,room,food,find,watch,sit,television,kettle,window,hoot,book,pen,mobile,umbrella,battery,spoon,towel,microwave,trick,burner,pot,pan,pun,blender,mixer,cable,tar,tap,blue,photo,ship,shop,shoe,camera,tin,sugar,coffee,tea,milk,, , , , , , , , , , , , , , , , , , , , , , , , , , , , , , , , , , , , , , , , , , , , , , , , , , , , , , ,
1101,body,body,receive,food,that,production,natural,the,hold,award,up,and,was,created,in,literary,magazine,nation,tea,writer,as,winner,oflove,age,hatred,story,fiction,be,poet,victory,rull,party,election,drones,report,aircraft,panel,shall,need,vote,held,member,about,seats,woth,more,new,edition,ambassadors,name,offer,develope,formulated,copy,right,suggest,insurance,products,capital,currency,are,environment,world,chairperson,executive,based,ist,lader,order,, , , , , , , , , , , , , , , , , , , , , , , , , , , , , , , , , , , , , , , , , , , , , , , , , , , ,
1102,body,eyes,ears,mouth,tongue,nail,leg,toe,hand,jhead,face,stomach,anus,finger,arms,thigh,chest,kidney,lungs,heart,blood\\,,hormones,saliva,wrist,belly,hair,bones,tumor,glands,cheek,nerves,, , , , , , , , , , , , , , , , , , , , , , , , , , , , , , , , , , , , , , , , , , , , , , , , , , , , , , , , , , , , , , , , , , , , , , , , , , , , , , , , , , , , , , , , ,
1103,water,cycle,ring,lock,chain,strength,mighty,fall,rise,stand,upright,firm,solid,matter,gas,air,environment,pollution,global,warming,cooling,fan,wind,centrifugation,separation,techniques,styles,design,fashion,trend,music,artist,tour,countries,resort,hotel,bars,wines,grills,beef,miscrowave,aroma,delicious,sense,tingling,beautiful,endowed,features,characters,roles,movies,actors,producers,directors,films,, , , , , , , , , , , , , , , , , , , , , , , , , , , , , , , , , , , , , , , , , , , , , , , , , , , , , , , , , , , , , , , , , ,
1106,body,builder,tools,bag,holder,key,lock,security,camera,lense,cleaner,solution,expert,opinion,survey,questions,answers,test,knowledge,wisdom,books,library,free,air,plane,crash,accident,spill,milk,cow,cheese,cracker,spread,deck,paint,ball,bat,man,woman,tree,apple,fruit,orange,sun,moon,stars,planet,earth,ground,dirt,vacuum,robot,battery,charger,, , , , , , , , , , , , , , , , , , , , , , , , , , , , , , , , , , , , , , , , , , , , , , , , , , , , , , , , , , , , , , , , , , ,
1107,water,balloon,rubber,band,marching,army,tanks,fish,bone,broken,glass,window,cover,bed,chair,wooden,floor,tile,black,color,blue,sky,clouds,rain,flood,banks,money,cash,coin,game,cards,house,roof,chimney,santa,christmas,gifts,bow,tie,knot,shoes,trainers,gym,running,marathon,finish,end,road,car,truck,shipping,postal,package,delievery,pizza,dinner,table,family,mother,, , , , , , , , , , , , , , , , , , , , , , , , , , , , , , , , , , , , , , , , , , , , , , , , , , , , , , , , , , , , , ,
1108,body,body,body,bodycount,man,boy,sex,woman,run,hide,look,stay,count,kill,die,short,answer,video,mummy,buy,porn,bad,close,open,validate,draw,board,car,road,amazon,google,river,long,search,type,acer,laptop,school,book,end,break,pause,cap,shift,name,human,decision,revi, , , , , , , , , , , , , , , , , , , , , , , , , , , , , , , , , , , , , , , , , , , , , , , , , , , , , , , , , , , , , , , , , , , , , , , , , ,
1109,water,drink,soda,pop,can,tin,type,computer,disk,drive,car,hop,bunny,hop,jump,rope,noose,hang,man,woman,girl,boy,friend,sweet,tart,cherry,icecream,sundae,nuts,squirrel,flying,airplane,vacation,beach,ball,round,about,drive,way,path,forrest,tree,leaf,fall,autumn,winter,snow,cold,ice,drink,tea,coffee,creamer,sugar,sweet,tooth,dentist,pull,push,open,closed,store,groceries,bread,milk,cow,farm,pig,glutton,overeat,stomach,ache,tooth,pull,open,enter,through,drive,car,wash,clean,dirty,mud,dirt,ground,cinnamon,pie,pumpkin,fall,cider,apple,orange,florida,disney,mickey,mouse,church,preacher,bible,word,crossword,puzzle,jigsaw,cut,tear,newspaper,print,words,rhyme,song,sing,soprano,alto,tenor,bass,loww,drone,bagpipe,scotland,uk,engl,
1110,water,wet,river,lake,stream,moutain,forrest,field,camping,grass,trees,summer,cabin,tent,hot,cold,snow,long,window,drive,hour,time,clock,town,hill,gold,creek,rock,pebble,silver,sky,cloud,thunder,lightning,rain,downpour,fog,city,store,gear,street,parking,car,noisy,still,quiet,calm,peacefull,insect,bird,hawk,eagle,snake,red,see,screen,computer,keyboard,type,white,black,blink,empty,thought,cursor,fire,walk,hike,run,obeserve,cool,cold,heavy,carry,weight,light,boat,motor,engine,repair,oar,, , , , , , , , , , , , , , , , , , , , , , , , , , , , , , , , , , , , , , , ,
1112,water,bucket,guitar,music,build,concrete,hamer,friend,drink,basketball,tv,game,food,garden,water,work,trilogy,polyglot,words,talk,book,write,together,love,missed,dying,living,working,playing,sleep,wake,chair,computer,type,learn,job,joy,get,money,expenses,excersise,lift,run,sit,stand,lay,weather,surf,ride,waves,sun,beach,salt,steak,rue,mistake,memory,habit,travel,france,like,hate,wrong,write,right,compare,forsee,whom,who,, , , , , , , , , , , , , , , , , , , , , , , , , , , , , , , , , , , , , , , , , , , , , , , , , , , ,
1113,water,drink,liquid,milk,cereal,spoon,bowel,soup,chili,crackers,dru,juice,fruit,oranges,apples,snack,chips,sandwich,turkey,cheese,american,usa,trump,president,obama,black,hair,body,legs,feet,toes,shoes,walking,running,track,jogging,excersize,gym,workout,sweat,healthy,skinny,vergtables,greenbeans,peas,cornm,potatoes,fried,frenchfries,hamburger,hotdog,relish,onion,fried,food,mcdonalds,bigmac,beef,cow,farm,animals,reptiles,snake,bite,, , , , , , , , , , , , , , , , , , , , , , , , , , , , , , , , , , , , , , , , , , , , , , , , , , , , , , , , ,
1117,water,wet,pussy,hair,long,time,watch,clock,throne,king,royal,jelly,tiger,balm,salve,medication,treatment,triage,hospital,nurse,doctor,gynecologist,surgery,anatomy,textbook,college,university,professors,students,tuition,expensive,money,diamond,necklace,jewellery,pearl,white,ivory,ebony,black,skin,skinhead,nazi,german,hitler,fussball,language,dutch,french,europe,mediterranean,sea,beach,relaxing,sunshine,tourism,petroleum,cartel,monopoly,money,board,pieces,iconography,hieroglyphics,systems,physics,moment,force,equation,mass,acceleration,pedal,driving,driver,game,playstation,controller,difficult,reloaded,arcade,shooter,flying,plane,pilot,hostess,service,caterers,food,cooks,chef,celebrity,television,impact,opiate,masses,people,sheep,blind,sixty,minutes,jou, , , , , , , , , , , , , , , , , , , , ,
1121,water,fish,lion,forest,jungle,trees,river,nature,environment,apple,orange,grapes,mango,fruits,vegetables,chilli,brinjal,spinach,foods,junks,pizza,burger,pasta,cheese,butter,panner,broccoli,peas,,mutter,mushroom,tomato,meat,chickem,kfc,mcdonalds,starbucks,dominous,cheesy,bbq,shawarma,grill,tandori,dress,tees,pant,jeans,tshrit,frock,gown,salwar,saree,suit,coat,bike,car,road,train,bus,airlines,mobile,laptop,desktop,browser,proffesor,skool,school,colle, , , , , , , , , , , , , , , , , , , , , , , , , , , , , , , , , , , , , , , , , , , , , , , , , , , , , ,
1122,water,river,boat,wood,tree,leaf,green,colour,orange,fruit,apple,red,paint,home,tent,hill,animals,elephant,big,small,ant,black,board,carrom,coins,white,milk,cow,grass,farm,goat,skin,brown,hair,, , , , , , , , , , , , , , , , , , , , , , , , , , , , , , , , , , , , , , , , , , , , , , , , , , , , , , , , , , , , , , , , , , , , , , , , , , , , , , , , , , , , , , ,
1126,water,bottle,drink,water,blue,cheese,platter,paint,microsoft,software,game,vide,video,view,vista,windows,clear,crystal,light,bright,yellow,banana,fruit,pie,apple,cinnamon,sugar,water,fall,down,town,city,big,little,tokyo,japan,red,green,grass,lawn,mower,zip,line,conga,africa,continent,breakfast,eggs,chicken,nuggets,gold,silver,platter,crackers,barrel,fish,vegan,vegetable,broccoli,green,sword,fish,tilapia,trout,net,basketball,orange,door,front,decide,apply,makeup,product,produce,fruit,cake,sugar,grams,weight,watchers,watch,time,london,scone,traffic,jam,marmalade,fancy,shirt,pants,blue,sky,diving,ocean,dweller,hermit,kermit,frong, , , , , , , , , , , , , , , , , , , , , , , ,
